Date,Product,Region,Sales_Amount,Quantity,Customer_Age,Customer_ID
2023-10-19 21:17:16,Smartphone,West,605.8446850707695,9,43,CUST00001
2023-07-29 15:21:50,Smartwatch,South,377.051485754979,3,65,CUST00002
2023-10-21 08:38:02,Tablet,South,548.1999771971149,2,64,CUST00003
2023-12-01 05:23:19,Laptop,Central,548.9567483929319,3,31,CUST00004
2022-09-02 00:03:08,Tablet,East,557.5625788397288,7,65,CUST00005
2022-06-04 02:38:12,Laptop,East,346.6407063693522,8,48,CUST00006
2023-02-19 05:22:01,Smartwatch,Central,537.0805099439948,2,44,CUST00007
2022-11-06 10:37:10,Smartwatch,West,765.3946619394762,7,73,CUST00008
2023-07-12 04:23:38,Headphones,North,431.457116428465,5,26,CUST00009
2022-11-01 10:04:58,Headphones,North,538.9606619986192,9,40,CUST00010
2022-12-05 02:05:11,Headphones,West,223.6949381321593,7,71,CUST00011
2022-10-05 13:30:28,Smartwatch,Central,537.93416252633,1,70,CUST00012
2023-01-02 02:48:03,Smartphone,South,532.4853959256329,1,27,CUST00013
2022-04-22 10:35:19,Smartwatch,East,517.4711115937985,6,64,CUST00014
2022-09-03 22:41:27,Tablet,South,609.5546793878218,9,75,CUST00015
2023-05-26 04:48:02,Smartwatch,East,458.1444898914164,1,40,CUST00016
2022-09-04 12:54:45,Smartwatch,South,676.460230462053,3,27,CUST00017
2023-04-20 01:34:44,Laptop,Central,367.5303420111823,5,19,CUST00018
2022-02-27 15:45:05,Laptop,Central,716.4925298672925,4,54,CUST00019
2022-06-11 11:56:07,Laptop,West,531.8982622579834,1,78,CUST00020
2022-08-03 15:08:27,Smartwatch,South,489.2539380663615,4,57,CUST00021
2022-02-22 07:56:13,Smartphone,South,,4,55,CUST00022
2023-04-04 00:51:49,Tablet,Wesu,333.54515444794504,4,55,CUST00023
2022-02-08 17:06:09,Tablet,West,552.6259211636961,3,18,CUST00024
2023-05-10 14:46:23,Smartphone,Central,392.4787852887183,7,65,CUST00025
2023-01-25 13:23:07,Smartphone,Central,649.2579119985569,1,35,CUST00026
2023-07-28 03:14:28,Tablet,South,543.1153627544126,2,52,CUST00027
2023-02-07 23:26:24,Headphones,Central,286.24784966541745,1,24,CUST00028
2023-01-02 05:27:39,Laptop,Central,614.1629908413097,4,61,CUST00029
2022-04-24 05:57:13,Laptop,South,475.6383370972659,5,59,CUST00030
2023-03-30 22:13:41,Tablet,West,493.1360046257143,5,39,CUST00031
2022-12-18 06:26:04,Smartphone,South,656.6878406812199,2,70,CUST00032
2023-05-16 14:00:11,Headphones,North,290.8550340497446,3,42,CUST00033
2023-01-05 17:11:52,Tablet,South,331.304834055859,4,59,CUST00034
2023-05-12 01:34:40,Laptop,North,548.8369296312138,6,40,CUST00035
2023-03-31 19:58:18,Smartwatch,South,245.18460403125317,6,26,CUST00036
2022-05-04 04:14:50,Smartphone,North,,2,44,CUST00037
2023-04-05 02:57:02,Smartwatch,North,646.7689699977401,2,28,CUST00038
2023-12-22 11:51:05,Tablet,South,483.6906329796657,9,68,CUST00039
2023-06-26 13:49:15,Laptop,Central,293.8354839729557,2,44,CUST00040
2022-09-06 19:49:15,Headphones,East,,2,57,CUST00041
2022-12-14 07:37:51,Smartwatch,Central,439.2674584911063,3,45,CUST00042
2023-11-29 00:06:38,Headphones,North,,9,74,CUST00043
2022-05-27 09:30:37,Laptop,South,1033.4687111565222,6,35,CUST00044
2023-09-13 10:55:57,Smartwatch,South,586.224182657201,6,53,CUST00045
2022-07-15 03:51:10,Headphones,South,457.480693201125,5,51,CUST00046
2023-03-24 22:33:33,Headphones,South,634.7458270785345,7,30,CUST00047
2023-08-29 03:53:22,Smartwatch,East,456.35198883497986,4,72,CUST00048
2023-01-06 22:30:03,Laptop,West,422.2796346117457,3,63,CUST00049
2023-12-09 14:20:38,Headphones,North,544.916900608214,7,69,CUST00050
2023-12-21 20:22:11,Tablet,East,576.3035120285313,1,47,CUST00051
2023-12-12 08:07:27,Smartwatch,Central,638.8616901053856,6,45,CUST00052
2023-11-09 22:38:48,Smartphone,West,713.5498370363586,2,39,CUST00053
2022-01-29 02:33:08,Smartphone,West,678.1258280768983,2,41,CUST00054
2023-11-17 17:53:54,Laptop,South,628.485517064607,8,64,CUST00055
2023-02-24 04:24:38,Tablet,East,643.8901188009029,3,47,CUST00056
2023-12-11 13:41:40,Headphones,Central,677.7050012403512,9,62,CUST00057
2023-10-09 04:42:48,Smartphone,South,606.4738982790896,4,55,CUST00058
2022-05-07 20:10:14,Laptop,South,,6,37,CUST00059
2023-10-22 09:42:41,Tablet,Norti,574.6467217795089,1,23,CUST00060
2023-07-20 23:28:03,Tablet,West,706.5465688323239,3,50,CUST00061
2022-08-22 17:24:40,Laptop,Centram,379.57712406245105,4,64,CUST00062
2023-09-14 17:28:27,Laptop,Wesu,441.1917259622777,5,55,CUST00063
2022-02-09 04:22:37,Headphones,East,490.98455872752965,1,76,CUST00064
2023-07-27 18:41:53,Laptop,North,528.5156092175812,4,32,CUST00065
2023-06-02 19:22:33,Headphones,South,,5,32,CUST00066
2023-01-20 16:42:48,Headphones,North,508.58931715105183,4,49,CUST00067
2022-01-17 23:08:09,Smartwatch,South,576.987843454137,7,31,CUST00068
2022-07-14 23:16:04,Tablet,North,198.45885986025328,8,59,CUST00069
2023-08-27 16:08:33,Tablet,South,511.2165269932331,8,78,CUST00070
2023-09-07 07:42:11,Tablet,Wesu,44261.33818930987,3,76,CUST00071
2022-11-27 14:19:07,Smartwatch,West,243.96806485889456,5,25,CUST00072
2022-05-12 20:32:46,Headphones,West,584.6299532088395,8,53,CUST00073
2023-07-21 03:02:19,Headphones,West,546.6937475399651,7,74,CUST00074
2023-09-22 11:49:26,Laptop,North,524.7393873179576,9,39,CUST00075
2022-01-31 21:39:55,Smartwatch,South,591.5727952266068,7,55,CUST00076
2023-06-21 23:10:52,Laptop,West,548.1874885536233,2,37,CUST00077
2022-09-10 00:38:31,Smartwatch,North,389.3152497322535,4,41,CUST00078
2022-06-06 00:24:14,Laptop,South,608.4474217065784,8,38,CUST00079
2022-03-16 01:13:06,Smartphone,North,634.1356269817501,9,45,CUST00080
2022-06-02 15:07:57,Tablet,West,337.12888797401985,7,66,CUST00081
2022-01-22 15:42:08,Tablet,East,632.0771861294717,5,40,CUST00082
2023-03-13 10:55:31,Headphones,North,457.469018288762,1,41,CUST00083
2023-05-31 01:15:29,Smartphone,West,591.9231566664373,9,71,CUST00084
2022-11-08 19:07:19,Tablet,Central,522.7927816915452,6,56,CUST00085
2022-09-24 12:24:35,Headphones,South,474.19639294778915,2,61,CUST00086
2022-06-13 02:14:21,Smartphone,West,580.8815200976929,2,40,CUST00087
2022-08-09 20:43:49,Tablet,Central,450.0298504763118,1,21,CUST00088
2022-08-28 10:30:13,Laptop,North,662.0439137182162,4,63,CUST00089
2022-09-16 12:13:55,Smartwatch,North,686.7096751145637,2,21,CUST00090
2023-10-08 05:05:57,Smartphone,Central,417.9389215217604,9,47,CUST00091
2022-01-04 03:30:36,Headphones,Central,474.91580459766095,2,65,CUST00092
2022-02-11 11:45:02,Smartphone,South,443.87830384881374,9,45,CUST00093
2023-12-05 21:16:01,Headphones,North,556.2882885115935,1,48,CUST00094
2023-04-18 15:16:41,Smartphone,Central,696.5084323059759,7,50,CUST00095
2023-09-02 03:44:43,Headphones,East,249.86465360775964,6,67,CUST00096
2022-04-10 08:49:37,Tablet,East,287.2545637739215,6,36,CUST00097
2022-08-13 22:48:41,Laptop,Central,48747.11485721456,2,70,CUST00098
2022-07-28 21:35:57,Tablet,South,527.8895442585749,1,27,CUST00099
2022-08-26 19:22:11,Laptop,North,358.80602957951277,8,42,CUST00100
2022-07-26 07:06:53,Tablet,East,527.1110322992512,8,54,CUST00101
2023-02-28 15:08:14,Tablet,Centram,388.85649994157546,2,30,CUST00102
2023-11-29 23:17:34,Smartphone,Central,432.98338555457906,4,23,CUST00103
2023-05-31 08:54:31,Smartwatch,West,690.4443830875107,4,47,CUST00104
2023-01-30 21:31:57,Headphones,Central,448.53003304104504,2,40,CUST00105
2023-02-26 16:27:02,Headphones,Souti,445.89127700620793,9,53,CUST00106
2022-09-16 22:53:47,Headphones,East,519.7642814000585,4,33,CUST00107
2023-11-26 19:33:12,Laptop,West,663.84360530371,4,25,CUST00108
2023-02-05 00:28:45,Headphones,East,493.5466515553611,4,33,CUST00109
2023-09-30 19:10:31,Headphones,East,416.2638415349914,5,28,CUST00110
2022-02-08 23:10:12,Smartphone,Souti,586.868808071376,8,71,CUST00111
2023-11-11 21:38:23,Tablet,Central,621.910349705286,4,76,CUST00112
2023-10-06 12:07:08,Headphones,South,671.6992189399424,3,18,CUST00113
2022-10-12 13:02:09,Smartwatch,Central,494.6506019567247,1,39,CUST00114
2023-02-24 15:51:10,Headphones,West,571.276273534113,2,35,CUST00115
2022-01-31 10:45:08,Laptop,South,618.5587415279006,4,53,CUST00116
2023-03-05 19:25:11,Laptop,South,527.2794369882535,9,28,CUST00117
2023-10-09 09:34:17,Laptop,North,697.9162003506733,1,37,CUST00118
2023-08-27 00:01:28,Headphones,South,597.7076240758886,6,27,CUST00119
2023-10-23 08:43:39,Smartphone,North,782.4298624460554,6,65,CUST00120
2023-07-23 23:42:51,Smartwatch,Central,637.656578684038,3,78,CUST00121
2023-05-31 16:53:00,Headphones,Centram,210.9935605128586,9,27,CUST00122
2022-01-15 20:59:20,Smartphone,Centram,440.24417943833936,3,54,CUST00123
2023-09-22 13:22:22,Smartphone,North,257.32322753646696,1,75,CUST00124
2023-03-25 05:37:48,Headphones,Central,404.17690477665286,2,77,CUST00125
2023-08-23 00:58:40,Headphones,East,444.29568060021643,4,67,CUST00126
2022-01-01 13:36:24,Smartphone,South,630.3089037565724,4,39,CUST00127
2022-05-05 20:51:18,Smartphone,North,,2,28,CUST00128
2022-03-17 21:09:28,Smartphone,Central,709.1312381922335,6,52,CUST00129
2022-11-26 01:41:43,Headphones,East,399.7203235361968,6,26,CUST00130
2022-07-31 14:13:20,Smartphone,South,456.7282695674148,3,32,CUST00131
2023-07-12 12:49:47,Laptop,South,314.0434700044477,1,71,CUST00132
2023-09-01 08:42:47,Headphones,Central,716.6822113219133,9,68,CUST00133
2022-10-02 12:08:55,Laptop,East,736.7505043008052,4,36,CUST00134
2023-12-01 21:53:02,Tablet,North,480.18126873287537,9,54,CUST00135
2022-05-28 05:07:22,Headphones,Central,277.9001331954963,5,23,CUST00136
2023-07-18 20:00:50,Tablet,South,468.7719284328178,7,53,CUST00137
2022-07-05 12:51:28,Smartphone,South,534.82321522453,3,61,CUST00138
2023-02-13 11:12:07,Smartphone,South,404.77064350376224,3,22,CUST00139
2023-05-25 21:16:18,Smartwatch,Central,852.6278039351938,8,20,CUST00140
2023-03-20 16:34:42,Smartphone,West,773.8012198445916,1,27,CUST00141
2022-10-08 15:09:20,Tablet,West,237.676814078188,8,30,CUST00142
2023-08-30 23:04:26,Smartphone,Wesu,326.9294460146139,8,21,CUST00143
2023-07-28 21:17:56,Headphones,East,568.80842678031,3,73,CUST00144
2022-08-09 00:16:41,Smartphone,Centram,339.2182459890905,1,57,CUST00145
2023-06-04 13:45:29,Smartwatch,South,527.435773918738,9,50,CUST00146
2022-11-19 19:42:32,Smartphone,East,501.605649007437,4,69,CUST00147
2023-03-09 23:02:51,Tablet,West,494.06482613030727,7,51,CUST00148
2022-07-05 08:10:46,Tablet,North,652.8199970229523,9,53,CUST00149
2022-11-09 14:33:44,Smartphone,East,771.1129069133866,3,70,CUST00150
2023-11-24 02:56:07,Tablet,East,559.4116291952876,5,50,CUST00151
2023-08-18 01:42:35,Tablet,Central,318.18810573356495,3,77,CUST00152
2022-05-18 20:20:49,Smartwatch,East,521.5828439977613,5,38,CUST00153
2022-03-24 12:35:44,Headphones,Central,412.37734102983615,2,56,CUST00154
2022-02-22 14:39:43,Smartwatch,North,798.841020761241,4,22,CUST00155
2023-07-23 20:20:06,Laptop,South,603.9742276704405,2,72,CUST00156
2023-12-03 06:41:26,Smartwatch,South,560.377916486635,3,62,CUST00157
2023-09-18 21:57:17,Smartphone,West,597.4408870250475,5,74,CUST00158
2023-09-23 11:47:35,Headphones,West,494.2455039641072,9,30,CUST00159
2023-04-26 19:33:56,Smartphone,North,687.8082637337119,3,57,CUST00160
2023-06-24 15:55:14,Laptop,South,414.3666499671121,6,34,CUST00161
2023-10-17 19:44:43,Headphones,West,644.0056408507617,4,79,CUST00162
2023-09-17 05:38:47,Tablet,East,738.8004105474263,4,27,CUST00163
2023-03-29 04:53:41,Smartwatch,Central,377.9077067224904,5,27,CUST00164
2023-08-31 02:22:18,Smartphone,Wesu,550.6485196540946,7,19,CUST00165
2023-12-16 06:11:46,Laptop,North,562.4830642443571,4,55,CUST00166
2022-06-22 05:48:48,Tablet,South,338.8227872594967,8,38,CUST00167
2023-01-30 01:07:46,Smartwatch,North,294.6527771435184,9,18,CUST00168
2023-05-24 00:01:40,Tablet,Central,362.6003195665774,9,47,CUST00169
2022-05-28 05:54:54,Smartwatch,Central,492.18872540855295,9,35,CUST00170
2023-05-19 01:22:21,Headphones,North,562.8300390375232,2,52,CUST00171
2022-09-14 16:40:34,Tablet,West,444.556815142993,3,75,CUST00172
2023-06-21 03:03:28,Tablet,West,789.5963003693716,5,70,CUST00173
2022-05-29 02:42:12,Tablet,South,653.9263950290557,1,56,CUST00174
2023-12-17 22:29:45,Headphones,South,567.9018764240094,4,65,CUST00175
2022-03-22 00:42:30,Laptop,East,435.43289919853555,5,39,CUST00176
2022-09-23 13:28:30,Smartwatch,Easu,510.4747412441429,9,20,CUST00177
2022-10-29 15:47:25,Tablet,South,665.2331975084826,8,23,CUST00178
2023-04-14 07:12:38,Headphones,East,638.0020708313377,1,53,CUST00179
2023-04-02 12:27:06,Laptop,North,636.3797523544008,3,33,CUST00180
2022-12-20 07:58:00,Smartwatch,West,454.4501331630196,3,20,CUST00181
2023-01-10 17:03:10,Headphones,East,421.56587565600114,6,53,CUST00182
2022-10-09 15:49:34,Smartwatch,East,285.8937549387404,4,28,CUST00183
2022-03-17 08:27:05,Tablet,Norti,579.2817640683445,4,73,CUST00184
2023-05-02 20:50:49,Laptop,Central,272.22143071559015,1,34,CUST00185
2022-04-02 07:02:19,Headphones,South,497.67344452799415,4,36,CUST00186
2023-12-04 23:22:52,Laptop,North,436.96054179633836,1,75,CUST00187
2023-12-08 20:10:26,Tablet,Central,533.3697293513709,5,77,CUST00188
2022-01-09 21:46:38,Laptop,North,674.8330175739499,3,25,CUST00189
2022-09-13 10:35:11,Laptop,Wesu,,5,77,CUST00190
2023-07-22 05:08:54,Smartphone,North,605.3578586531913,3,31,CUST00191
2022-11-26 02:14:08,Laptop,North,385.3619892611404,5,43,CUST00192
2022-04-03 06:16:19,Smartwatch,West,496.64992734227945,4,65,CUST00193
2022-02-08 13:17:48,Headphones,South,368.93538608787486,9,42,CUST00194
2023-03-03 01:14:07,Smartphone,Centram,401.8681826392481,6,68,CUST00195
2023-02-03 11:33:23,Headphones,East,,2,65,CUST00196
2022-03-07 10:37:17,Headphones,South,353.8685639166321,1,74,CUST00197
2023-12-14 10:05:24,Tablet,North,431.83902314127675,1,27,CUST00198
2023-06-15 06:40:38,Tablet,East,339.5321446882241,1,49,CUST00199
2022-07-25 10:46:04,Smartphone,Wesu,598.7445837805922,9,32,CUST00200
2023-03-04 01:34:06,Tablet,South,445.91764607419697,5,76,CUST00201
2022-10-03 22:46:02,Tablet,Central,,4,75,CUST00202
2023-05-15 11:55:15,Tablet,South,745.046148560537,5,21,CUST00203
2022-09-24 03:03:40,Headphones,South,652.0065682468556,9,45,CUST00204
2023-12-21 19:12:31,Smartphone,East,,3,21,CUST00205
2022-09-12 06:59:18,Headphones,West,610.2246915297802,3,78,CUST00206
2023-02-27 14:37:46,Smartwatch,West,728.4045460273755,2,30,CUST00207
2022-12-29 03:16:02,Headphones,South,472.03100854757116,8,29,CUST00208
2022-09-05 02:58:29,Smartwatch,West,522.3546689516025,7,32,CUST00209
2022-09-29 19:23:07,Laptop,East,452.19258368119347,2,46,CUST00210
2023-01-24 20:46:57,Laptop,Easu,577.9608868048538,4,40,CUST00211
2023-07-14 00:15:40,Smartwatch,Central,654.9760641115239,7,30,CUST00212
2023-12-17 00:24:29,Smartwatch,West,321.3360256700608,1,55,CUST00213
2023-02-22 18:04:40,Headphones,Central,394.0756689766895,1,75,CUST00214
2023-08-07 19:26:44,Smartwatch,North,515.2470624422709,8,63,CUST00215
2023-08-24 18:40:05,Smartphone,East,546.532778788222,6,52,CUST00216
2022-06-19 11:46:35,Laptop,South,561.1184444263753,2,57,CUST00217
2022-12-04 21:14:03,Laptop,East,471.12196533936657,1,29,CUST00218
2023-05-26 00:35:31,Smartwatch,North,367.69110919407746,3,47,CUST00219
2022-04-07 03:21:01,Tablet,South,647.7893105755788,4,63,CUST00220
2023-02-16 14:44:13,Tablet,West,316.75282095593775,5,22,CUST00221
2023-02-07 06:25:14,Smartwatch,West,426.15854399029325,3,19,CUST00222
2023-08-12 19:39:43,Smartphone,East,502.67193840212485,5,59,CUST00223
2023-06-10 04:43:37,Tablet,South,572.7708498997958,7,47,CUST00224
2023-09-24 23:08:38,Smartwatch,Souti,456.2194218230048,9,52,CUST00225
2022-09-29 17:33:15,Smartphone,Central,612.961334874819,5,72,CUST00226
2023-09-16 18:09:28,Smartphone,North,687.618304304433,4,27,CUST00227
2022-10-01 13:53:42,Headphones,West,406.57604381701486,9,26,CUST00228
2022-01-29 18:06:53,Smartphone,East,558.735755582763,8,34,CUST00229
2022-02-03 15:36:00,Tablet,South,536.9255645543857,5,77,CUST00230
2022-11-20 11:26:56,Tablet,West,448.84966727831755,9,55,CUST00231
2023-04-02 14:19:36,Smartwatch,East,214.06689776103468,9,76,CUST00232
2022-12-18 05:01:14,Smartwatch,West,553.1283639822433,1,47,CUST00233
2022-09-18 02:58:05,Smartphone,East,569.6097001557761,6,58,CUST00234
2022-01-26 20:50:00,Laptop,Wesu,663.0922018431356,5,72,CUST00235
2022-10-02 03:22:27,Headphones,Central,449.7440575457265,6,52,CUST00236
2023-03-15 09:18:04,Laptop,North,,3,24,CUST00237
2022-03-09 09:16:24,Smartphone,West,362.8152620011073,3,29,CUST00238
2023-01-29 00:32:02,Smartphone,North,50.26892622643797,5,67,CUST00239
2022-12-12 14:12:54,Laptop,West,439.292442322652,7,59,CUST00240
2023-02-22 20:34:13,Headphones,South,914.974623368599,4,51,CUST00241
2023-06-19 06:01:43,Laptop,Central,690.6411790365992,6,66,CUST00242
2022-05-22 03:33:46,Smartwatch,Central,351.1722908541339,5,20,CUST00243
2023-07-09 19:35:36,Tablet,North,422.79719248628464,2,50,CUST00244
2022-01-23 14:48:29,Smartwatch,South,421.8456084752155,1,57,CUST00245
2022-06-16 22:01:08,Tablet,East,709.7798367017103,6,30,CUST00246
2022-09-03 08:54:56,Smartphone,Central,833.6801508156816,5,28,CUST00247
2023-06-06 11:29:54,Headphones,South,513.4694130484916,9,57,CUST00248
2022-07-08 06:27:53,Laptop,South,539.5504017024052,7,37,CUST00249
2023-04-17 18:12:59,Headphones,North,578.0588936839,1,48,CUST00250
2023-04-30 16:49:27,Laptop,South,497.62172991686253,6,50,CUST00251
2022-09-26 22:01:50,Smartwatch,South,542.2976364041635,7,51,CUST00252
2023-08-22 13:31:38,Smartwatch,Easu,507.2259955629673,3,67,CUST00253
2023-06-17 01:05:57,Laptop,North,571.6954966398853,9,67,CUST00254
2022-01-01 16:58:07,Headphones,North,199.73958029689442,2,26,CUST00255
2022-06-07 08:44:15,Laptop,South,428.0779316854459,1,24,CUST00256
2023-07-13 02:20:07,Smartphone,East,322.49087383556457,9,26,CUST00257
2023-10-19 17:32:35,Smartwatch,West,603.5142196404024,7,59,CUST00258
2022-07-31 11:56:32,Smartphone,Central,382.15890783133045,1,43,CUST00259
2022-04-29 22:03:41,Smartwatch,Norti,265.2657621446333,4,19,CUST00260
2022-05-31 17:25:04,Smartwatch,East,231.74166091934808,3,22,CUST00261
2022-07-14 15:16:09,Tablet,East,567.4064958537215,7,66,CUST00262
2023-04-09 09:56:03,Smartphone,South,360.686516046701,5,19,CUST00263
2023-09-14 10:20:59,Smartphone,Central,479.2729260001591,9,69,CUST00264
2022-03-30 14:21:49,Tablet,North,737.4320067985434,3,27,CUST00265
2023-03-14 15:54:14,Headphones,West,55627.73468676628,6,48,CUST00266
2023-10-02 22:41:05,Smartphone,South,423.48124259543334,2,50,CUST00267
2023-03-31 15:06:42,Laptop,North,323.72570058081743,3,61,CUST00268
2022-07-19 00:08:16,Tablet,North,565.2457209010346,4,73,CUST00269
2023-01-06 22:25:40,Smartphone,East,480.63459372894147,6,64,CUST00270
2023-06-28 11:37:20,Headphones,Central,586.7877962318829,1,23,CUST00271
2023-10-27 09:39:03,Smartphone,West,142.45681099238848,6,31,CUST00272
2022-10-08 05:08:32,Smartwatch,Central,670.6180861885696,4,31,CUST00273
2022-02-27 11:10:50,Laptop,East,243.0788580354963,8,32,CUST00274
2022-01-10 09:52:48,Tablet,West,427.3759242097111,9,50,CUST00275
2023-01-26 23:15:13,Smartwatch,West,708.4977564908608,8,74,CUST00276
2022-05-14 04:11:45,Headphones,South,164.95921310066498,8,48,CUST00277
2022-08-26 23:08:11,Smartwatch,West,486.97942968986615,2,34,CUST00278
2022-08-17 20:29:41,Smartwatch,North,458.78555358635055,2,60,CUST00279
2022-03-31 12:21:42,Headphones,Central,495.68594367346583,6,32,CUST00280
2023-10-10 07:12:36,Smartwatch,Central,553.430088309819,5,37,CUST00281
2022-03-07 16:18:39,Tablet,South,502.2615558174236,6,65,CUST00282
2022-04-11 05:02:24,Smartphone,West,298.99940074631303,9,38,CUST00283
2023-04-10 20:35:12,Smartwatch,East,,7,46,CUST00284
2022-09-15 20:12:02,Tablet,North,497.2540062939816,5,76,CUST00285
2023-03-15 23:08:45,Smartphone,South,490.9679180577912,7,26,CUST00286
2022-08-01 06:09:05,Smartphone,Wesu,812.9007778283208,8,46,CUST00287
2022-09-10 10:00:11,Smartwatch,East,70061.39380700639,1,61,CUST00288
2023-05-27 04:17:29,Tablet,West,774.0735136368961,7,51,CUST00289
2022-03-05 09:40:47,Smartwatch,South,551.6141647496494,4,64,CUST00290
2022-10-27 03:51:33,Headphones,East,767.8008705045219,5,77,CUST00291
2023-01-17 18:55:27,Smartphone,East,371.5998447088333,2,26,CUST00292
2023-12-26 08:44:38,Smartwatch,Easu,446.1145174478445,5,77,CUST00293
2022-01-13 22:50:43,Smartphone,East,412.97821021766606,9,65,CUST00294
2022-05-16 15:01:10,Tablet,West,,1,47,CUST00295
2023-08-01 14:44:26,Laptop,East,506.19521267972965,3,34,CUST00296
2023-05-26 23:52:23,Smartwatch,West,530.5948401366868,4,69,CUST00297
2022-06-12 04:22:18,Smartwatch,East,564.6486828917582,9,76,CUST00298
2023-01-22 23:47:28,Smartphone,East,761.6982592863034,2,72,CUST00299
2023-04-16 13:47:42,Tablet,South,271.30530204184373,7,21,CUST00300
2022-11-08 10:08:37,Headphones,West,319.2129253251562,9,57,CUST00301
2023-02-22 23:17:43,Tablet,West,133.71266556127654,4,49,CUST00302
2022-03-19 01:58:28,Smartwatch,Central,373.70352064068476,5,49,CUST00303
2022-12-30 04:11:31,Headphones,South,433.3748867954429,-4,24,CUST00304
2023-03-01 00:20:21,Tablet,West,395.23663419640724,7,55,CUST00305
2023-02-12 14:19:01,Laptop,South,329.15776899500486,8,49,CUST00306
2022-08-13 22:09:14,Smartphone,South,513.3610654571092,8,22,CUST00307
2022-07-15 10:54:54,Tablet,South,441.9970517024013,3,59,CUST00308
2023-08-28 17:07:59,Tablet,North,367.2897743790391,2,20,CUST00309
2022-03-15 01:55:27,Laptop,West,522.6583635375907,6,73,CUST00310
2022-12-23 19:05:04,Smartwatch,South,414.02062887966713,1,37,CUST00311
2023-05-17 16:52:24,Smartphone,North,673.4792128970141,9,73,CUST00312
2023-02-16 14:30:19,Tablet,North,475.4558818873971,7,34,CUST00313
2023-02-12 13:31:38,Headphones,East,447.5053376741178,8,33,CUST00314
2023-12-29 22:23:01,Tablet,East,539.2313435638721,7,28,CUST00315
2023-02-18 05:34:07,Smartphone,West,199.12906675788952,5,30,CUST00316
2023-04-19 11:56:12,Tablet,East,682.0329418090254,5,35,CUST00317
2023-12-28 04:58:42,Laptop,West,617.7349579622927,7,31,CUST00318
2023-09-27 16:45:07,Tablet,Norti,381.03974139306587,7,51,CUST00319
2023-11-01 01:06:03,Tablet,North,330.40152341813786,2,29,CUST00320
2022-10-10 19:40:42,Headphones,West,348.50063968313503,2,39,CUST00321
2022-03-16 02:53:23,Laptop,East,288.50803971656404,7,38,CUST00322
2022-02-17 20:41:54,Laptop,East,245.48960858734344,5,78,CUST00323
2023-02-03 21:38:33,Tablet,West,283.6388029645965,2,43,CUST00324
2023-08-25 03:34:26,Headphones,Central,102.9331837917227,1,59,CUST00325
2023-09-20 15:27:58,Tablet,East,445.45847956369835,9,78,CUST00326
2023-01-21 01:04:18,Tablet,South,479.51651958268053,8,56,CUST00327
2022-09-02 09:00:03,Smartphone,East,692.1614588136772,2,19,CUST00328
2022-08-15 01:43:59,Smartphone,Central,648.0626512624701,2,74,CUST00329
2022-05-01 14:59:18,Headphones,North,389.90085816820357,3,67,CUST00330
2022-05-04 20:23:15,Smartwatch,North,462.85165942439295,4,66,CUST00331
2022-05-31 06:53:28,Smartphone,North,665.4638350338315,9,33,CUST00332
2022-06-20 21:22:40,Smartwatch,East,432.7246198905419,6,79,CUST00333
2022-12-12 08:07:03,Laptop,North,525.5881719729911,3,51,CUST00334
2023-08-07 08:49:03,Smartphone,Central,409.1083755729364,8,28,CUST00335
2022-04-16 16:49:42,Smartphone,Central,505.8857082229961,6,36,CUST00336
2023-04-22 11:28:39,Headphones,East,512.5534729965331,8,47,CUST00337
2023-09-15 10:03:44,Smartwatch,South,447.6617410338481,2,71,CUST00338
2022-07-09 15:36:42,Smartphone,East,659.8864680727436,8,24,CUST00339
2023-10-06 07:38:03,Smartphone,North,370.35384274557947,5,44,CUST00340
2022-02-11 19:30:00,Headphones,East,517.3009685590755,4,39,CUST00341
2022-07-23 17:43:52,Headphones,Central,767.5250019944434,3,34,CUST00342
2022-10-23 14:35:29,Smartwatch,East,546.6947926145588,9,32,CUST00343
2022-05-21 02:44:38,Laptop,East,380.52180384446854,7,26,CUST00344
2023-05-22 22:39:26,Laptop,South,552.1273697340364,7,29,CUST00345
2022-04-27 06:57:33,Tablet,Central,864.8040462770186,6,25,CUST00346
2023-02-16 19:40:25,Smartphone,West,505.88408455427475,9,77,CUST00347
2023-01-30 18:43:46,Smartwatch,West,619.0431121592064,3,19,CUST00348
2023-05-03 03:52:38,Smartphone,Central,500.7773726530485,1,66,CUST00349
2022-07-05 14:53:47,Smartwatch,West,541.3176647544971,7,65,CUST00350
2022-06-03 02:29:35,Smartwatch,North,488.261717669979,9,72,CUST00351
2022-08-23 17:48:09,Smartwatch,West,347.2933193892404,6,33,CUST00352
2023-10-30 00:42:23,Smartphone,North,556.0936794589734,2,20,CUST00353
2023-02-18 21:04:56,Headphones,Central,316.5478307847828,8,68,CUST00354
2022-02-20 06:02:27,Smartphone,West,453.13397873198335,9,65,CUST00355
2023-11-29 05:10:19,Smartwatch,West,786.7548408290801,8,48,CUST00356
2023-06-23 07:42:40,Tablet,North,489.20515205456206,9,60,CUST00357
2023-01-07 16:44:49,Laptop,North,361.51374434436207,1,43,CUST00358
2023-08-14 11:50:24,Smartwatch,East,536.1328400293253,3,58,CUST00359
2023-09-04 03:43:57,Tablet,South,416.96269835955536,3,63,CUST00360
2022-11-24 15:04:43,Headphones,West,516.2917037062731,9,19,CUST00361
2023-07-22 14:44:20,Smartwatch,South,323.5178039088135,3,47,CUST00362
2023-05-02 19:33:56,Tablet,South,616.951252155795,1,30,CUST00363
2023-01-15 14:30:55,Smartwatch,West,518.6959015921773,3,54,CUST00364
2023-02-07 17:25:14,Smartphone,North,349.71518739887966,2,69,CUST00365
2022-03-02 00:08:22,Tablet,East,553.9584387715367,9,31,CUST00366
2023-06-27 01:55:20,Smartphone,Central,790.2766252945709,1,18,CUST00367
2023-10-21 11:30:48,Smartphone,West,380.6188871249498,2,49,CUST00368
2022-09-29 09:31:14,Tablet,West,613.6442858896316,1,23,CUST00369
2023-10-02 03:59:14,Laptop,Central,562.6901990935263,9,39,CUST00370
2022-12-25 04:42:23,Tablet,South,560.4948114577679,7,28,CUST00371
2022-05-25 17:07:27,Laptop,East,635.0388534830848,1,66,CUST00372
2022-11-19 09:12:34,Smartwatch,South,458.44982254942073,6,40,CUST00373
2023-09-18 01:42:43,Smartwatch,Central,522.8502739740901,5,71,CUST00374
2023-08-24 19:40:07,Tablet,Central,514.738852260229,5,31,CUST00375
2023-11-22 03:12:53,Smartwatch,East,371.6402617035688,4,31,CUST00376
2023-12-10 09:33:43,Headphones,Central,568.8196248910009,3,37,CUST00377
2023-09-27 19:18:56,Smartphone,Centram,445.63372683641114,8,24,CUST00378
2022-03-11 22:11:35,Smartphone,East,774.5327614910811,7,36,CUST00379
2022-12-23 20:13:39,Laptop,West,423.8210627193972,5,43,CUST00380
2022-10-27 00:07:38,Smartwatch,Souti,301.95378858076566,9,76,CUST00381
2023-11-16 00:18:56,Laptop,West,668.0624347521879,7,39,CUST00382
2022-09-25 09:03:03,Smartphone,West,388.36309082903426,2,23,CUST00383
2022-07-23 08:19:47,Smartphone,South,318.006206591912,7,30,CUST00384
2023-01-30 03:53:09,Smartwatch,West,558.1291937363218,7,27,CUST00385
2023-09-26 05:19:35,Headphones,East,699.8741539926041,4,71,CUST00386
2023-09-23 06:42:27,Headphones,South,610.6021640087107,8,36,CUST00387
2022-05-08 08:08:29,Smartwatch,North,414.2379665872877,4,48,CUST00388
2023-04-03 04:30:26,Smartwatch,West,519.283838205408,7,27,CUST00389
2023-10-04 15:34:07,Laptop,Central,456.89425404533046,4,54,CUST00390
2023-01-19 20:09:33,Smartwatch,South,,8,30,CUST00391
2022-05-11 21:49:12,Headphones,North,434.40406607183127,3,34,CUST00392
2022-12-27 11:41:22,Smartwatch,Central,514.8497086437195,2,71,CUST00393
2022-09-02 06:26:32,Laptop,North,525.3872392613995,6,72,CUST00394
2022-09-09 14:42:36,Laptop,West,325.9674414450814,7,22,CUST00395
2022-05-13 18:36:01,Laptop,Central,471.0624241204917,7,38,CUST00396
2022-08-15 13:58:23,Laptop,West,473.50974217010855,6,78,CUST00397
2023-02-26 23:36:13,Tablet,Central,706.5256434228294,8,71,CUST00398
2022-04-03 09:37:21,Smartwatch,South,529.271007463849,6,56,CUST00399
2022-03-03 13:53:05,Smartphone,East,443.2516328013359,6,37,CUST00400
2022-08-07 11:40:37,Smartwatch,East,478.2322154995796,3,24,CUST00401
2023-06-28 01:00:18,Tablet,North,489.95609991478614,2,32,CUST00402
2023-07-18 12:40:47,Laptop,Central,494.1629382635036,7,32,CUST00403
2023-05-17 04:51:08,Tablet,West,639.1144653787408,6,70,CUST00404
2022-10-02 08:47:36,Headphones,South,646.8059194482191,1,40,CUST00405
2022-07-21 08:08:03,Headphones,South,351.3945861599827,2,50,CUST00406
2023-03-27 02:06:24,Smartwatch,South,660.1939511801137,2,75,CUST00407
2022-05-02 19:23:47,Smartwatch,East,612.7021191725196,1,61,CUST00408
2022-05-23 20:54:56,Smartphone,West,492.0912373647528,3,19,CUST00409
2023-04-19 04:16:13,Smartphone,South,278.90537294358575,5,67,CUST00410
2023-10-04 05:56:36,Headphones,South,531.8963723490237,4,49,CUST00411
2022-12-12 08:56:15,Laptop,North,446.90862762095423,2,32,CUST00412
2023-08-26 07:26:11,Tablet,Central,583.2323457643528,8,24,CUST00413
2022-12-19 15:12:55,Smartphone,Central,596.9905096255648,9,26,CUST00414
2023-03-24 18:50:39,Smartphone,Central,,8,72,CUST00415
2023-05-02 22:30:31,Laptop,North,340.8218454138755,7,45,CUST00416
2022-09-30 02:01:42,Laptop,East,820.7550862967827,2,39,CUST00417
2022-04-19 20:40:34,Smartwatch,North,634.2930990350893,6,20,CUST00418
2022-03-09 17:59:44,Tablet,South,607.1376268848351,4,70,CUST00419
2023-07-11 01:10:23,Laptop,West,787.4613218597867,5,59,CUST00420
2022-10-16 17:55:44,Smartphone,Souti,547.6756447962044,9,19,CUST00421
2023-07-16 05:46:23,Smartphone,South,655.0470766518105,9,74,CUST00422
2023-03-15 03:36:26,Headphones,West,525.4657099751407,4,39,CUST00423
2023-02-19 14:57:54,Laptop,Central,626.1228358513566,8,42,CUST00424
2023-07-18 08:20:37,Smartwatch,North,,5,42,CUST00425
2022-01-23 22:58:29,Tablet,East,658.8392096176102,9,49,CUST00426
2023-04-23 22:42:53,Smartwatch,South,273.2022064147639,2,61,CUST00427
2023-08-07 21:20:29,Smartphone,Souti,437.9273545918706,-4,24,CUST00428
2022-07-31 19:01:57,Smartwatch,East,675.7703255626518,3,79,CUST00429
2023-05-20 04:53:57,Smartphone,North,574.720433996019,7,48,CUST00430
2022-05-03 22:04:28,Smartphone,South,492.5856439688776,2,54,CUST00431
2022-04-28 16:07:14,Smartphone,East,576.1475147826085,3,21,CUST00432
2022-03-12 15:58:45,Smartphone,South,334.44578447685694,9,50,CUST00433
2022-11-02 03:40:10,Smartphone,Central,617.9717778441196,8,32,CUST00434
2023-09-15 08:11:06,Headphones,Central,555.7188580926523,2,26,CUST00435
2023-11-06 03:15:45,Smartwatch,South,512.7874964439271,-6,23,CUST00436
2022-11-11 14:05:08,Headphones,Souti,473.16322368196086,3,63,CUST00437
2022-05-12 02:10:37,Headphones,Central,534.6587079847974,6,48,CUST00438
2022-08-11 14:53:20,Laptop,South,458.85902895885465,5,51,CUST00439
2023-12-18 00:30:19,Laptop,North,451.4176638678413,4,61,CUST00440
2023-09-23 00:44:30,Laptop,North,768.3299741426102,7,72,CUST00441
2023-02-09 18:36:47,Tablet,West,262.0208534513535,7,77,CUST00442
2022-08-27 05:45:04,Laptop,North,265.10468054797553,4,55,CUST00443
2023-01-20 21:44:36,Smartwatch,South,617.2277229070555,3,30,CUST00444
2023-07-23 10:48:27,Headphones,South,317.0396590510478,4,53,CUST00445
2022-07-04 00:47:56,Smartwatch,East,199.47043708817606,2,49,CUST00446
2023-04-18 10:57:07,Laptop,North,652.1400481954861,4,39,CUST00447
2023-03-09 00:43:14,Tablet,Central,689.0104094255264,4,65,CUST00448
2022-05-26 14:27:11,Tablet,Central,303.79463339587926,5,46,CUST00449
2022-08-29 23:03:12,Headphones,West,230.70076654231613,1,28,CUST00450
2023-09-07 02:37:51,Smartwatch,East,317.1835650216227,2,23,CUST00451
2022-09-18 06:24:16,Smartphone,Centram,395.01358823489,8,22,CUST00452
2023-05-21 19:51:07,Smartwatch,West,787.0869269560482,8,18,CUST00453
2022-05-28 01:43:55,Laptop,North,435.53793705682307,8,68,CUST00454
2022-03-01 09:06:37,Smartphone,East,624.7786555420392,5,56,CUST00455
2022-02-09 22:42:36,Tablet,East,608.2650883791733,8,67,CUST00456
2023-11-24 17:30:21,Headphones,South,698.3631773155761,9,27,CUST00457
2023-03-05 05:21:56,Headphones,North,406.1028871204668,4,27,CUST00458
2023-02-27 05:45:41,Tablet,East,498.47088082266396,4,66,CUST00459
2023-06-21 01:26:58,Laptop,West,467.1201168838188,7,41,CUST00460
2023-10-26 07:44:59,Tablet,Central,580.6993473603251,5,24,CUST00461
2022-11-17 07:28:23,Laptop,North,682.3825923887131,1,39,CUST00462
2022-05-11 12:06:52,Smartphone,North,826.762431205681,8,75,CUST00463
2022-11-10 15:06:24,Tablet,East,441.4057035849989,4,38,CUST00464
2022-10-20 18:59:57,Laptop,East,521.2071014451988,8,39,CUST00465
2023-11-04 13:42:12,Smartphone,East,630.0076992814328,2,50,CUST00466
2023-05-02 18:52:14,Tablet,West,591.7652760422865,4,61,CUST00467
2023-06-06 16:59:14,Headphones,South,757.2632292998785,2,42,CUST00468
2023-07-30 17:22:03,Tablet,East,483.8208456610465,5,48,CUST00469
2023-04-06 06:57:36,Smartwatch,South,440.3843136679514,8,66,CUST00470
2023-10-01 14:10:59,Tablet,South,706.4444116719199,7,33,CUST00471
2023-10-19 02:53:50,Smartwatch,North,545.4575635430225,5,69,CUST00472
2023-03-15 13:05:00,Smartphone,Central,581.036081612631,7,32,CUST00473
2023-05-17 23:03:48,Tablet,Central,489.09758701935726,5,46,CUST00474
2022-06-19 13:31:11,Smartphone,West,639.0646218336705,7,36,CUST00475
2023-01-03 04:38:46,Smartphone,West,37023.84616048824,4,69,CUST00476
2022-05-22 16:00:32,Laptop,Central,431.25891269028415,4,34,CUST00477
2022-08-08 19:39:43,Smartphone,Central,102.76442429800873,4,43,CUST00478
2022-02-14 23:33:22,Smartphone,North,405.8642479365411,8,53,CUST00479
2023-10-21 07:13:03,Tablet,North,639.736943450493,1,53,CUST00480
2023-10-24 17:40:33,Tablet,Central,506.9624504352186,5,52,CUST00481
2023-05-09 10:29:44,Headphones,East,361.4122413345099,2,57,CUST00482
2022-07-22 03:28:41,Laptop,East,714.4197063614831,4,40,CUST00483
2023-12-11 20:26:06,Smartphone,North,520.7765874526602,5,26,CUST00484
2022-01-24 00:32:53,Laptop,South,754.0625936322132,8,51,CUST00485
2023-03-01 00:26:33,Smartwatch,Central,628.5031683977919,2,75,CUST00486
2023-02-09 17:34:58,Smartphone,West,528.2303132634225,2,68,CUST00487
2023-01-11 20:49:43,Laptop,East,775.2507432891782,2,71,CUST00488
2023-01-29 12:18:53,Headphones,South,443.8007656239122,8,35,CUST00489
2022-06-20 07:58:15,Headphones,East,335.76644214843617,3,33,CUST00490
2022-10-16 00:10:25,Smartphone,South,739.9026306221009,5,78,CUST00491
2022-10-07 23:30:39,Smartwatch,Central,590.6795459269895,2,49,CUST00492
2022-10-10 07:08:05,Headphones,Central,709.0703526714904,6,45,CUST00493
2022-07-26 23:25:50,Headphones,Centram,632.2046647628641,6,77,CUST00494
2022-05-15 10:46:50,Smartwatch,North,746.5214406465385,2,49,CUST00495
2023-11-29 23:04:09,Laptop,South,423.27182474362905,4,67,CUST00496
2022-04-28 23:10:57,Headphones,West,471.70480042217355,2,75,CUST00497
2023-05-15 15:01:45,Tablet,West,470.12447149094106,4,35,CUST00498
2022-11-14 19:52:48,Headphones,Central,472.1473255807032,7,61,CUST00499
2022-09-02 13:32:23,Laptop,West,264.9430140790991,5,51,CUST00500
2023-04-19 00:43:12,Laptop,East,524.5155983321214,4,46,CUST00501
2023-08-01 16:47:04,Smartphone,South,618.6613165808825,3,38,CUST00502
2022-10-15 14:57:57,Tablet,Souti,397.9222891574878,6,77,CUST00503
2022-01-06 18:34:23,Laptop,Souti,362.9496953830643,2,79,CUST00504
2022-10-23 12:37:58,Smartwatch,East,479.6078062913489,4,18,CUST00505
2023-09-06 12:23:56,Tablet,Norti,617.6817308861846,8,72,CUST00506
2023-09-13 16:33:58,Tablet,East,338.6464362616379,2,33,CUST00507
2023-11-04 14:56:25,Smartwatch,South,850.2916679865131,9,66,CUST00508
2023-10-21 02:01:06,Headphones,South,305.1281087366459,2,50,CUST00509
2022-11-05 13:10:09,Smartwatch,South,414.3938820914274,8,38,CUST00510
2023-01-18 15:15:36,Smartwatch,West,670.1120444103482,8,72,CUST00511
2022-04-17 07:34:47,Headphones,North,64512.97778905939,7,52,CUST00512
2022-12-14 12:03:24,Headphones,East,631.9981272949891,6,72,CUST00513
2022-06-22 10:53:47,Headphones,South,397.18466608407186,1,74,CUST00514
2023-07-18 20:00:57,Headphones,Central,425.65093791218317,2,44,CUST00515
2022-09-15 17:46:46,Headphones,North,371.5370640557946,7,37,CUST00516
2022-03-17 09:00:40,Smartwatch,Centram,451.97104705480285,4,48,CUST00517
2022-05-24 21:09:55,Smartphone,North,557.4119472422332,9,33,CUST00518
2022-03-12 14:20:28,Smartphone,South,370.8090694410654,3,70,CUST00519
2022-12-03 17:38:27,Laptop,North,237.77182291390068,4,31,CUST00520
2023-04-10 05:46:40,Smartphone,North,67538.29406521445,3,65,CUST00521
2023-02-24 14:24:07,Smartphone,South,472.975070923791,7,49,CUST00522
2023-12-21 03:39:43,Smartwatch,Central,612.2130420864817,2,73,CUST00523
2022-11-03 03:45:49,Headphones,Central,453.62847737765867,2,58,CUST00524
2023-12-24 22:05:03,Headphones,West,,2,49,CUST00525
2022-07-13 13:09:33,Smartwatch,Central,848.9283588295424,4,70,CUST00526
2023-08-01 11:48:02,Smartphone,Central,328.5070299898473,8,77,CUST00527
2023-05-06 15:33:42,Smartwatch,North,,8,70,CUST00528
2023-08-20 02:44:30,Laptop,West,364.8892345071934,8,19,CUST00529
2022-01-29 23:29:31,Headphones,South,815.6268912675154,8,74,CUST00530
2022-02-06 18:43:45,Tablet,South,497.2886129966413,7,62,CUST00531
2022-01-12 12:42:41,Laptop,East,633.121634091464,6,39,CUST00532
2022-02-18 10:10:39,Laptop,West,103.42618430547577,7,54,CUST00533
2022-01-08 17:05:26,Smartwatch,North,556.168821079868,5,70,CUST00534
2022-01-08 12:19:10,Smartphone,East,445.8784776232547,8,69,CUST00535
2022-08-22 06:06:13,Headphones,East,708.2914680339404,2,34,CUST00536
2022-01-02 09:00:34,Tablet,South,598.814128673616,5,49,CUST00537
2023-09-13 00:53:44,Laptop,Central,437.0432995229897,7,55,CUST00538
2023-12-18 15:41:45,Tablet,North,736.9728867249332,9,34,CUST00539
2023-07-21 10:19:42,Smartphone,West,750.7442686869655,1,75,CUST00540
2023-10-13 18:02:37,Smartphone,East,725.8533274013121,9,51,CUST00541
2022-09-21 00:42:36,Tablet,North,614.373940032171,3,24,CUST00542
2024-06-21 07:02:45,Headphones,South,,1,46,CUST00543
2023-09-24 17:32:41,Smartphone,East,534.8114294753938,7,34,CUST00544
2022-02-21 04:23:21,Tablet,East,,3,41,CUST00545
2022-01-13 11:53:20,Laptop,South,533.1957340964834,8,25,CUST00546
2022-10-31 03:25:39,Tablet,South,410.80554376199115,2,40,CUST00547
2023-01-13 00:56:09,Tablet,South,474.54802572976183,4,72,CUST00548
2023-05-18 02:26:13,Smartwatch,North,821.5323142057948,2,50,CUST00549
2022-11-14 16:10:54,Smartphone,North,546.6410668649968,4,46,CUST00550
2022-02-10 13:05:57,Headphones,North,435.5190898681861,1,36,CUST00551
2022-10-17 22:21:30,Headphones,Central,334.96224157985534,5,74,CUST00552
2022-04-13 10:17:31,Smartwatch,East,485.0289933269104,3,22,CUST00553
2023-12-05 11:05:08,Headphones,North,611.8038462185402,9,54,CUST00554
2022-11-25 23:53:04,Tablet,Central,520.5057984135893,4,40,CUST00555
2022-08-06 03:53:24,Smartwatch,East,491.90560099028994,6,76,CUST00556
2022-10-22 04:21:15,Laptop,Norti,563.8349068823874,9,43,CUST00557
2023-09-24 02:56:43,Smartphone,South,559.1434318941722,2,41,CUST00558
2023-08-26 19:52:11,Smartphone,West,605.7925234964983,7,71,CUST00559
2023-11-03 20:35:16,Smartphone,North,609.788936807853,3,38,CUST00560
2022-07-25 19:24:22,Tablet,West,486.7144614021736,1,50,CUST00561
2022-12-26 00:43:47,Laptop,North,479.21086261953735,9,43,CUST00562
2023-11-22 21:03:01,Smartwatch,South,500.12309425145475,9,27,CUST00563
2022-08-27 22:38:36,Smartwatch,West,584.0405715677878,4,59,CUST00564
2022-12-09 00:12:15,Smartphone,Central,668.1733134777714,9,46,CUST00565
2022-01-06 04:49:55,Laptop,South,449.4689820940124,7,74,CUST00566
2022-09-11 17:11:57,Laptop,West,475.44080707734935,4,71,CUST00567
2023-04-12 12:53:02,Laptop,West,377.9817914406527,2,52,CUST00568
2023-08-21 03:07:14,Headphones,South,275.7118222995198,5,45,CUST00569
2023-09-10 21:27:18,Headphones,South,314.32497947819894,8,29,CUST00570
2023-10-26 18:51:19,Smartphone,South,349.442150448403,6,75,CUST00571
2022-12-31 22:33:23,Laptop,East,400.1347316288166,5,61,CUST00572
2023-01-21 00:38:39,Laptop,Central,,4,24,CUST00573
2022-12-20 01:06:20,Smartwatch,North,339.29918747629074,6,33,CUST00574
2022-02-09 02:46:09,Smartwatch,West,502.652490506471,-3,37,CUST00575
2022-02-03 13:43:23,Smartphone,North,625.6761656578843,2,46,CUST00576
2023-07-25 04:22:01,Laptop,Souti,375.5214847793737,1,52,CUST00577
2023-06-04 19:03:57,Smartphone,Central,426.2180426328924,9,45,CUST00578
2023-05-04 00:45:06,Smartwatch,Central,301.9912151138312,1,24,CUST00579
2023-11-24 18:31:44,Smartwatch,East,357.1221408085636,4,39,CUST00580
2023-02-12 10:05:43,Headphones,South,705.4905079802403,6,31,CUST00581
2022-09-16 20:29:50,Smartphone,West,575.748794736444,9,76,CUST00582
2023-08-02 21:54:26,Smartphone,Easu,822.4332633842008,4,53,CUST00583
2022-03-15 03:28:27,Laptop,South,,7,79,CUST00584
2023-04-26 13:57:13,Laptop,East,726.2634692937363,7,27,CUST00585
2022-01-17 11:21:26,Headphones,North,390.67655142472677,6,73,CUST00586
2022-02-12 18:39:21,Tablet,South,424.82397001987573,9,19,CUST00587
2023-04-29 11:15:48,Tablet,West,908.3466398872438,7,39,CUST00588
2023-09-12 07:46:33,Tablet,West,374.74156622409777,3,33,CUST00589
2023-04-19 09:52:52,Smartphone,South,738.0002571808985,6,52,CUST00590
2022-05-17 14:27:09,Smartphone,East,495.20133551954024,7,64,CUST00591
2023-01-26 11:31:34,Smartwatch,Central,338.4591121002298,7,57,CUST00592
2022-11-17 02:35:42,Smartphone,South,,6,65,CUST00593
2023-02-26 06:07:04,Smartphone,Wesu,515.7775489345885,3,28,CUST00594
2022-02-19 16:55:39,Smartphone,North,331.4734481924828,6,73,CUST00595
2022-05-15 08:44:36,Headphones,Wesu,455.6682798111479,2,60,CUST00596
2023-07-17 15:36:32,Smartphone,Central,214.32132206470305,1,60,CUST00597
2022-03-12 13:18:49,Laptop,West,553.1618392566294,8,50,CUST00598
2023-03-22 14:08:57,Laptop,Centram,268.63323747264093,3,51,CUST00599
2022-01-10 07:08:48,Smartwatch,South,490.98716489303297,8,69,CUST00600
2022-08-30 04:56:14,Headphones,West,292.43097036663596,3,50,CUST00601
2022-01-13 01:47:13,Laptop,East,683.8818572336305,2,36,CUST00602
2022-09-27 01:11:59,Headphones,East,183.51382455958006,8,37,CUST00603
2022-04-27 21:39:09,Headphones,West,457.55825369534614,3,27,CUST00604
2022-01-07 03:05:25,Smartwatch,West,583.9112351308122,8,36,CUST00605
2023-07-25 05:20:47,Headphones,North,553.8328422756625,2,70,CUST00606
2023-07-01 08:46:16,Smartphone,West,312.9754219785076,4,60,CUST00607
2022-07-16 05:23:51,Headphones,North,239.0382001278979,9,29,CUST00608
2023-09-26 06:13:00,Smartwatch,North,617.2087251773518,1,27,CUST00609
2023-12-13 07:10:44,Smartwatch,North,481.4491780972873,2,24,CUST00610
2023-10-22 16:25:36,Smartwatch,North,339.24228809776645,2,73,CUST00611
2022-03-28 12:14:07,Laptop,Souti,622.6695872803581,9,57,CUST00612
2022-02-23 06:03:40,Smartphone,East,415.59467513502443,5,28,CUST00613
2022-06-25 01:48:22,Laptop,North,401.3927513197316,4,67,CUST00614
2022-02-12 19:36:31,Tablet,East,369.99820679700736,4,33,CUST00615
2023-01-07 18:51:42,Smartphone,North,386.0814020024505,7,50,CUST00616
2023-11-17 21:31:48,Headphones,East,380.67508930997843,3,78,CUST00617
2022-04-27 14:35:01,Smartwatch,West,549.2460763432001,9,79,CUST00618
2023-07-16 04:41:00,Tablet,West,732.5954357383181,5,55,CUST00619
2023-10-26 15:15:02,Smartphone,East,290.49058298552075,9,34,CUST00620
2022-02-11 19:30:10,Laptop,Norti,448.84900043086196,1,71,CUST00621
2023-10-26 22:18:51,Smartwatch,South,475.3920150865896,8,62,CUST00622
2022-06-25 20:03:37,Laptop,Easu,569.6844091497641,2,72,CUST00623
2023-08-31 14:13:35,Smartphone,Central,648.2484673409544,8,42,CUST00624
2022-04-30 03:04:18,Smartphone,South,476.09568510430313,4,59,CUST00625
2023-01-26 00:46:28,Tablet,Central,404.4369200091967,2,48,CUST00626
2023-06-21 08:33:25,Headphones,East,586.7105896712013,2,59,CUST00627
2023-12-17 12:06:16,Laptop,North,253.98535671375453,6,18,CUST00628
2023-11-15 17:57:48,Tablet,Central,178.40071060380473,3,56,CUST00629
2022-11-29 22:35:57,Smartwatch,East,888.5561712793149,3,37,CUST00630
2023-11-11 17:48:11,Headphones,South,378.8182750077499,9,26,CUST00631
2022-01-21 05:33:34,Tablet,North,,5,60,CUST00632
2023-04-17 04:39:12,Laptop,Central,581.5723771327587,7,69,CUST00633
2023-12-24 16:52:45,Smartphone,East,552.0491388688415,5,19,CUST00634
2023-08-06 03:15:57,Smartwatch,North,632.7857458610284,2,18,CUST00635
2023-06-19 21:48:45,Laptop,North,640.644462077072,8,72,CUST00636
2022-01-27 11:43:47,Headphones,West,283.6318313159008,9,61,CUST00637
2022-06-21 18:17:40,Headphones,North,690.392101679769,2,56,CUST00638
2022-09-27 14:52:59,Smartphone,East,576.6064806438454,2,68,CUST00639
2022-03-18 08:38:39,Smartphone,South,556.702347164033,4,22,CUST00640
2022-07-23 00:35:37,Smartwatch,Wesu,563.3777216512404,8,75,CUST00641
2023-10-27 08:22:49,Smartwatch,East,165.15659658822244,5,29,CUST00642
2022-12-26 22:41:51,Smartphone,East,468.511551540734,5,31,CUST00643
2023-05-14 23:46:28,Smartphone,East,355.01369043278544,7,77,CUST00644
2022-08-23 17:17:26,Headphones,Central,333.4079710001988,4,56,CUST00645
2022-05-07 23:25:23,Smartphone,Central,426.81835989764323,9,49,CUST00646
2022-03-07 23:00:48,Tablet,South,623.817822617174,4,57,CUST00647
2023-07-29 02:16:29,Laptop,East,543.0789916809191,8,63,CUST00648
2023-08-19 08:42:05,Smartphone,Central,565.621199663242,3,61,CUST00649
2023-03-31 18:48:04,Smartwatch,Central,433.0500804271852,6,26,CUST00650
2023-01-27 16:53:42,Tablet,Central,556.4446668786599,1,59,CUST00651
2022-02-28 20:28:41,Smartwatch,Souti,470.14255769888496,7,59,CUST00652
2022-11-18 21:05:13,Tablet,South,,7,50,CUST00653
2023-08-02 21:53:57,Smartphone,East,604.3489316448665,2,42,CUST00654
2023-05-17 18:11:16,Laptop,West,523.9726434090725,5,71,CUST00655
2023-08-04 15:14:43,Smartwatch,East,379.80601240495656,4,55,CUST00656
2023-11-30 15:05:05,Tablet,Central,540.9484856735675,9,31,CUST00657
2023-06-26 12:36:03,Headphones,Central,536.367905508705,2,72,CUST00658
2022-02-12 17:55:05,Smartphone,North,517.9000980608167,3,26,CUST00659
2023-07-29 17:10:42,Laptop,Easu,428.6205405295324,1,72,CUST00660
2022-06-05 21:42:17,Smartphone,Central,401.81870283828755,5,72,CUST00661
2022-02-21 16:37:51,Headphones,Central,,3,44,CUST00662
2023-09-26 07:13:04,Laptop,West,371.3457998101128,4,61,CUST00663
2023-02-09 00:25:27,Headphones,North,462.23445871026826,4,36,CUST00664
2022-05-02 11:21:40,Smartphone,East,588.0301903787504,6,75,CUST00665
2023-08-24 22:27:56,Tablet,South,566.2232058890528,7,42,CUST00666
2022-11-29 06:49:39,Smartphone,East,326.40990344386154,7,69,CUST00667
2022-11-18 22:22:07,Smartphone,East,544.7787058015364,8,49,CUST00668
2023-02-06 02:23:19,Smartphone,West,804.7822103045252,3,39,CUST00669
2022-11-14 17:28:47,Smartwatch,East,601.3393274096478,5,46,CUST00670
2022-03-31 04:39:18,Headphones,West,458.811763167344,6,72,CUST00671
2022-12-02 14:58:09,Headphones,West,696.1241961847612,6,45,CUST00672
2023-06-26 03:52:16,Headphones,Central,829.8782056833629,8,78,CUST00673
2023-01-24 22:19:07,Smartwatch,South,629.5034771907062,5,61,CUST00674
2023-01-16 07:30:07,Tablet,West,240.26645150494124,5,74,CUST00675
2023-07-21 21:01:19,Smartphone,North,592.5219618107893,1,30,CUST00676
2022-05-16 17:18:18,Tablet,North,702.3181434260247,1,78,CUST00677
2022-07-22 12:49:23,Smartwatch,South,190.4092355595332,6,75,CUST00678
2023-10-07 22:47:51,Headphones,West,640.5673261976389,5,45,CUST00679
2022-09-21 03:12:11,Smartphone,South,469.53173955912484,6,20,CUST00680
2023-10-17 16:20:01,Laptop,Central,697.3157692785771,9,47,CUST00681
2023-06-25 04:52:50,Laptop,North,489.32659523064075,8,28,CUST00682
2022-05-13 09:20:59,Tablet,East,551.4838578075505,7,19,CUST00683
2022-06-24 00:04:48,Headphones,North,553.9988959131013,7,67,CUST00684
2022-09-12 21:48:16,Laptop,West,607.1166032008884,6,67,CUST00685
2023-12-14 07:22:36,Tablet,South,567.0656068586505,6,74,CUST00686
2023-12-16 04:14:42,Smartwatch,North,365.13543010832035,1,73,CUST00687
2023-02-09 14:46:02,Tablet,East,460.5313209559346,7,74,CUST00688
2022-07-17 02:11:48,Tablet,East,499.01293200304735,5,26,CUST00689
2022-02-16 17:04:11,Tablet,South,684.5536583942754,7,50,CUST00690
2023-07-06 21:57:22,Smartphone,South,572.6488156554058,6,75,CUST00691
2023-01-30 01:05:04,Tablet,North,401.3614576565293,8,43,CUST00692
2023-02-05 22:35:12,Tablet,West,362.0457021858036,3,33,CUST00693
2023-06-24 20:12:23,Smartphone,Central,598.2120828742201,8,42,CUST00694
2022-06-26 22:28:58,Smartphone,East,,7,18,CUST00695
2023-02-17 03:42:35,Smartwatch,South,612.9791291085161,1,38,CUST00696
2023-02-19 09:23:40,Headphones,Central,491.63206596394656,3,37,CUST00697
2022-12-08 01:51:08,Laptop,Central,719.0158859371703,4,73,CUST00698
2023-07-24 21:13:47,Laptop,Central,389.4476186322107,9,22,CUST00699
2022-12-16 08:44:14,Tablet,West,715.8144668635043,6,77,CUST00700
2022-04-23 07:11:41,Smartwatch,South,647.5214660843843,7,74,CUST00701
2022-05-10 02:08:01,Tablet,Easu,433.94050353320006,5,34,CUST00702
2023-01-19 10:07:56,Laptop,South,368.25008013293973,3,57,CUST00703
2022-02-04 10:44:02,Smartphone,North,789.1532084736222,5,55,CUST00704
2023-03-18 08:55:13,Headphones,East,364.60570618906706,7,18,CUST00705
2023-07-08 08:43:14,Smartwatch,South,545.957420111369,9,30,CUST00706
2023-02-24 00:27:02,Smartphone,East,551.8035291101759,9,35,CUST00707
2023-03-08 21:57:36,Headphones,North,501.50066686218173,8,21,CUST00708
2022-11-18 21:43:35,Smartwatch,East,617.2015159054171,5,64,CUST00709
2023-06-01 19:39:08,Smartwatch,Central,360.41439383650055,7,31,CUST00710
2022-02-25 22:32:57,Laptop,Wesu,789.9597838566185,4,65,CUST00711
2023-04-30 02:41:13,Smartphone,North,376.322216979939,5,22,CUST00712
2023-01-16 03:09:13,Smartwatch,East,478.4099923975898,4,79,CUST00713
2023-09-14 08:34:05,Smartwatch,Norti,284.2734644906552,3,50,CUST00714
2022-04-08 20:29:21,Headphones,Central,656.9169658771361,1,43,CUST00715
2023-06-16 15:04:18,Laptop,West,783.216631821878,5,72,CUST00716
2022-01-31 01:31:20,Tablet,Norti,801.2212904206156,2,78,CUST00717
2023-08-03 17:51:02,Laptop,Central,670.2081553228796,6,21,CUST00718
2023-03-13 22:40:03,Tablet,Central,444.32868845676904,5,47,CUST00719
2022-09-25 22:56:57,Smartphone,Central,500.25791525850457,2,79,CUST00720
2023-04-05 04:22:12,Smartphone,East,451.56433310500387,8,79,CUST00721
2022-08-17 00:01:53,Smartwatch,South,,5,34,CUST00722
2022-07-15 23:59:40,Smartphone,North,455.67788982100853,-2,45,CUST00723
2022-05-03 21:14:04,Smartwatch,South,636.3142220171645,1,23,CUST00724
2023-01-30 12:24:23,Laptop,Central,369.9523969118742,2,74,CUST00725
2022-02-04 14:24:35,Smartphone,South,157.8519603495859,1,74,CUST00726
2023-08-05 09:54:32,Laptop,Central,312.04950209769277,3,44,CUST00727
2022-11-25 09:10:44,Laptop,Central,62273.26874818474,3,53,CUST00728
2023-12-20 14:09:00,Smartphone,West,,1,24,CUST00729
2022-02-09 00:02:00,Laptop,West,,7,75,CUST00730
2022-02-24 12:37:55,Smartphone,South,442.45671019947275,7,18,CUST00731
2022-10-04 14:45:29,Smartphone,North,538.7001496504242,9,27,CUST00732
2022-03-21 08:01:40,Smartphone,South,535.1907261593869,5,30,CUST00733
2022-01-31 13:25:28,Tablet,North,560.032758625801,4,58,CUST00734
2022-10-27 06:28:39,Laptop,South,477.69813666928536,5,49,CUST00735
2023-05-11 02:26:07,Headphones,East,358.32058134510487,8,31,CUST00736
2023-10-30 08:08:02,Smartphone,East,635.2103135242077,8,50,CUST00737
2022-11-01 17:32:32,Laptop,North,235.44141852695105,4,47,CUST00738
2023-10-04 03:37:06,Smartwatch,West,617.1885786494386,8,26,CUST00739
2022-11-13 12:56:15,Smartphone,North,671.6139041811941,4,23,CUST00740
2022-05-14 16:58:11,Smartphone,Souti,850.5119681037495,4,27,CUST00741
2023-09-21 11:47:29,Headphones,Centram,386.87118218072834,8,28,CUST00742
2022-01-01 19:37:20,Tablet,East,415.97132289885417,2,56,CUST00743
2023-06-21 06:32:06,Tablet,Central,507.9991948774158,4,37,CUST00744
2022-05-01 05:59:59,Smartphone,East,496.81039219817796,1,42,CUST00745
2023-09-23 06:05:11,Laptop,South,625.1934773371743,1,77,CUST00746
2023-01-20 20:05:42,Smartwatch,Easu,578.3696176085143,8,71,CUST00747
2023-03-18 13:01:49,Smartwatch,North,447.21767387893226,4,29,CUST00748
2023-12-30 21:20:36,Laptop,Central,485.2871881405595,6,39,CUST00749
2022-07-29 20:52:27,Smartphone,Central,639.9981176977852,-5,29,CUST00750
2022-12-20 21:19:44,Smartwatch,South,310.07061350545007,6,31,CUST00751
2023-02-01 04:19:02,Tablet,Central,464.9451779710732,4,59,CUST00752
2022-02-13 07:13:16,Laptop,Souti,583.2084953976381,4,65,CUST00753
2022-10-03 02:01:58,Headphones,West,339.99968933378585,7,71,CUST00754
2022-08-14 19:51:52,Smartphone,North,-31.144171951984333,1,53,CUST00755
2022-07-11 22:32:02,Laptop,East,716.9864680252679,9,78,CUST00756
2023-04-11 23:27:36,Smartwatch,East,496.9290197046065,3,72,CUST00757
2022-05-16 15:41:17,Smartphone,East,311.36496052095254,4,31,CUST00758
2023-08-16 22:32:48,Tablet,West,638.0628954970288,9,19,CUST00759
2022-06-02 23:34:08,Smartphone,North,468.75377645454455,5,19,CUST00760
2022-09-19 02:19:41,Smartphone,Central,344.7777667138114,4,78,CUST00761
2023-08-29 18:41:23,Tablet,Central,555.4593111550913,6,60,CUST00762
2023-11-25 19:54:23,Tablet,North,507.73297733167726,1,60,CUST00763
2023-12-28 16:03:36,Smartphone,North,408.02167784189,1,23,CUST00764
2023-01-11 07:01:41,Tablet,East,384.55808554590726,5,42,CUST00765
2022-02-07 18:55:08,Laptop,Central,346.0790633612962,5,20,CUST00766
2022-09-01 11:49:14,Tablet,North,610.3328203220334,9,40,CUST00767
2022-11-06 22:30:42,Tablet,Central,31274.65283432467,1,26,CUST00768
2023-12-07 23:16:00,Smartphone,North,380.3740129281488,3,48,CUST00769
2022-11-25 14:23:31,Laptop,South,515.1731442049346,3,45,CUST00770
2023-06-23 17:48:59,Headphones,East,718.832493097438,4,42,CUST00771
2022-09-27 06:07:56,Headphones,North,519.9349979788134,7,52,CUST00772
2022-06-18 16:10:58,Smartwatch,Wesu,588.2259870417923,7,18,CUST00773
2023-10-17 06:29:31,Tablet,North,515.3313499611962,5,19,CUST00774
2023-07-09 12:39:36,Tablet,South,635.9655301898076,9,32,CUST00775
2022-12-05 16:58:46,Laptop,West,790.6344080586356,7,60,CUST00776
2022-07-02 17:30:03,Headphones,West,434.3411636919727,2,57,CUST00777
2023-09-17 11:00:29,Smartwatch,North,502.1061227011761,3,33,CUST00778
2022-09-01 07:50:54,Laptop,South,526.0292039201744,7,40,CUST00779
2023-10-14 13:26:23,Tablet,West,579.4715098525459,5,66,CUST00780
2023-11-16 13:22:59,Headphones,East,519.8622464830452,7,52,CUST00781
2023-06-28 17:24:34,Smartwatch,East,418.43883344511124,9,25,CUST00782
2023-03-07 00:38:17,Smartphone,Central,498.93562106411144,9,24,CUST00783
2022-12-06 21:06:54,Headphones,Central,864.7508513797134,3,38,CUST00784
2022-09-14 11:25:03,Smartwatch,South,547.0825658185961,8,52,CUST00785
2023-06-29 02:31:16,Laptop,Wesu,213.38443464917904,6,56,CUST00786
2023-11-07 00:33:08,Smartphone,Easu,440.7659030909357,4,54,CUST00787
2023-08-18 13:45:06,Smartwatch,East,502.00926945810073,4,50,CUST00788
2023-03-09 00:40:43,Smartwatch,South,478.9138338155231,4,54,CUST00789
2022-01-27 19:42:16,Tablet,West,489.734244676276,7,52,CUST00790
2022-12-06 10:10:59,Headphones,South,542.9400522768411,6,35,CUST00791
2022-02-01 23:40:42,Tablet,North,576.2917354214633,2,78,CUST00792
2023-04-23 08:41:56,Smartphone,East,538.8254609102638,5,36,CUST00793
2022-04-29 00:54:59,Smartwatch,South,642.5936817755248,5,27,CUST00794
2023-03-09 04:59:32,Tablet,South,275.69755607044175,6,21,CUST00795
2023-05-29 11:01:42,Headphones,North,46210.141764353684,7,47,CUST00796
2022-01-03 06:56:15,Smartphone,Central,565.1400903715629,-8,62,CUST00797
2023-02-20 23:35:20,Laptop,East,538.4244529479237,8,78,CUST00798
2022-07-23 07:05:10,Tablet,South,402.15508932581554,5,50,CUST00799
2023-10-13 06:21:32,Smartphone,East,420.2157885705072,2,21,CUST00800
2023-03-27 01:58:12,Laptop,Central,373.7416598005117,8,26,CUST00801
2023-05-15 08:30:33,Tablet,South,646.4999742839929,6,34,CUST00802
2022-10-01 07:37:29,Smartphone,North,222.18451182132168,3,60,CUST00803
2023-06-16 02:12:54,Smartphone,East,307.76998287897226,4,56,CUST00804
2023-07-29 11:07:57,Tablet,Norti,,1,41,CUST00805
2022-05-12 22:12:46,Smartphone,Centram,581.4762784649073,3,74,CUST00806
2023-03-24 04:50:01,Smartwatch,Central,262.33683077343386,4,56,CUST00807
2022-07-20 08:34:12,Tablet,Easu,593.9659625680908,2,30,CUST00808
2022-05-13 06:09:38,Smartphone,Central,527.075695083363,6,74,CUST00809
2023-09-24 12:40:54,Laptop,West,577.3494207406333,8,43,CUST00810
2022-12-23 04:11:22,Laptop,East,510.86796947164066,6,78,CUST00811
2022-05-15 12:57:46,Smartwatch,West,563.820708737014,3,79,CUST00812
2023-01-18 08:55:45,Tablet,Central,569.0042127674884,9,36,CUST00813
2022-04-28 15:33:31,Smartphone,East,570.7865622761215,4,34,CUST00814
2022-01-27 08:19:20,Smartphone,West,536.6098565739705,6,67,CUST00815
2023-07-27 04:42:49,Laptop,Central,487.1657237399212,4,47,CUST00816
2023-03-16 09:11:21,Smartwatch,South,488.0537032691322,4,43,CUST00817
2023-03-16 14:10:51,Laptop,Souti,534.524930536909,2,30,CUST00818
2023-01-08 12:20:32,Laptop,North,623.8121177373105,2,66,CUST00819
2023-01-02 11:56:44,Smartwatch,South,794.711150247391,2,35,CUST00820
2023-05-30 18:54:29,Tablet,West,579.2702457454316,2,74,CUST00821
2022-10-25 08:34:14,Smartphone,South,556.6111375834906,8,38,CUST00822
2022-07-29 14:26:53,Tablet,East,,4,69,CUST00823
2023-11-01 13:18:04,Headphones,East,559.4689569561411,4,51,CUST00824
2022-07-10 05:05:43,Headphones,East,340.9535324297658,3,68,CUST00825
2023-05-26 04:14:33,Headphones,South,390.0003959858173,5,64,CUST00826
2022-10-27 14:00:40,Smartwatch,South,774.3379512809787,4,26,CUST00827
2023-04-11 06:58:57,Laptop,North,392.9849898332709,7,47,CUST00828
2022-03-05 05:26:50,Tablet,Central,585.5220986970443,7,46,CUST00829
2022-06-04 23:00:09,Smartphone,North,351.6940826638925,6,46,CUST00830
2022-10-25 06:12:17,Headphones,West,692.6440614590442,7,63,CUST00831
2022-06-10 06:07:00,Tablet,East,430.9745047185614,7,36,CUST00832
2023-10-25 10:44:44,Headphones,South,512.4169304992431,8,25,CUST00833
2022-11-30 16:34:44,Headphones,Central,465.76385784221424,1,61,CUST00834
2023-12-21 17:00:21,Smartphone,Centram,575.729994844292,3,34,CUST00835
2022-04-23 13:44:50,Smartwatch,South,525.731757584498,3,29,CUST00836
2022-06-08 02:23:03,Laptop,Norti,636.4946206116944,5,32,CUST00837
2022-07-07 02:03:24,Smartwatch,Central,598.29003332793,7,22,CUST00838
2023-07-15 02:13:20,Tablet,North,542.2747252349761,6,51,CUST00839
2022-09-24 10:41:25,Smartwatch,South,597.7080068280258,4,69,CUST00840
2022-01-15 21:24:03,Tablet,Norti,605.0554204471525,6,67,CUST00841
2022-04-25 20:09:52,Tablet,Easu,440.3811245323047,7,20,CUST00842
2023-04-30 14:30:22,Laptop,South,428.9436292798083,4,22,CUST00843
2022-03-13 18:24:06,Smartphone,South,732.814251150808,8,51,CUST00844
2022-03-22 19:58:16,Laptop,Central,605.9424714715623,5,26,CUST00845
2023-11-16 04:46:36,Smartwatch,Central,560.6599281392245,3,41,CUST00846
2022-06-17 22:19:47,Tablet,Central,379.7481444998324,2,22,CUST00847
2022-11-18 12:54:59,Headphones,East,231.7628771173672,1,44,CUST00848
2022-03-04 14:44:21,Headphones,East,456.0997081383787,4,66,CUST00849
2022-09-09 08:16:59,Tablet,West,432.10113251032567,2,70,CUST00850
2022-09-25 05:29:02,Laptop,South,453.451181400706,3,37,CUST00851
2023-10-05 02:33:54,Smartphone,Central,627.9284659102647,1,64,CUST00852
2023-07-27 18:11:08,Laptop,South,729.1113813146529,6,79,CUST00853
2022-05-29 12:19:55,Tablet,Norti,666.419927293197,4,62,CUST00854
2023-07-28 02:55:49,Tablet,East,409.14246250271077,5,58,CUST00855
2022-04-08 09:36:38,Smartphone,West,580.7260919791264,8,19,CUST00856
2022-04-27 16:05:46,Smartwatch,North,426.9019195836812,4,40,CUST00857
2023-12-15 07:12:09,Smartwatch,South,223.83324013699013,6,51,CUST00858
2022-01-06 04:32:25,Smartphone,East,488.5310673740786,3,78,CUST00859
2022-04-16 18:14:42,Smartwatch,Central,689.108802358296,8,46,CUST00860
2022-04-01 14:18:14,Headphones,North,449.7957547237601,3,60,CUST00861
2023-09-18 04:45:49,Smartwatch,East,624.9836792217446,7,77,CUST00862
2023-02-15 02:45:22,Smartwatch,South,400.15916331363167,7,52,CUST00863
2022-07-03 01:00:28,Smartwatch,South,603.2747698368684,3,47,CUST00864
2023-07-19 09:25:32,Headphones,North,463.4600738370407,3,20,CUST00865
2023-12-26 15:08:33,Smartwatch,North,728.5052829694692,8,27,CUST00866
2023-03-23 01:14:37,Headphones,North,453.0016111993803,3,73,CUST00867
2023-04-14 16:22:17,Smartphone,West,418.6420604476558,2,51,CUST00868
2022-11-25 00:45:07,Laptop,Central,720.7231497760321,5,18,CUST00869
2023-04-15 09:50:19,Smartphone,East,413.47426344957364,7,23,CUST00870
2022-03-20 00:54:31,Laptop,South,531.924891068802,8,23,CUST00871
2023-02-10 04:49:00,Smartphone,South,414.55507946862696,1,60,CUST00872
2023-05-27 12:52:14,Laptop,Central,638.6145070163428,2,33,CUST00873
2023-03-03 18:39:36,Laptop,North,694.5319507041493,7,18,CUST00874
2023-05-04 23:35:02,Tablet,North,398.8207883127178,9,22,CUST00875
2023-08-04 02:42:08,Laptop,South,581.9508283333672,3,42,CUST00876
2023-04-01 13:34:58,Laptop,Central,595.873543555886,8,75,CUST00877
2022-09-18 16:03:24,Tablet,South,518.9300758365945,3,44,CUST00878
2022-06-05 15:59:23,Smartwatch,North,728.8386729183526,4,59,CUST00879
2023-03-26 18:09:01,Smartwatch,East,727.7039437355701,2,70,CUST00880
2023-04-23 02:44:08,Tablet,North,372.10326355465224,9,77,CUST00881
2023-03-22 15:32:11,Headphones,East,681.2987162564651,5,72,CUST00882
2022-08-10 19:28:48,Laptop,West,575.9923489884652,5,55,CUST00883
2022-08-25 22:26:32,Laptop,Central,536.6011444474279,4,60,CUST00884
2023-04-04 12:48:55,Tablet,West,465.1712007652504,5,43,CUST00885
2023-09-26 13:31:12,Tablet,North,277.6562265013895,1,33,CUST00886
2022-08-29 21:18:29,Headphones,Central,542.4532429172581,6,69,CUST00887
2023-12-20 20:26:28,Smartwatch,North,546.1801381215864,4,62,CUST00888
2023-05-17 22:49:41,Smartphone,Central,799.2100929062334,4,61,CUST00889
2023-09-18 04:42:33,Smartwatch,Central,398.88215314800703,5,67,CUST00890
2023-08-28 04:50:51,Laptop,North,258.90931942914165,1,43,CUST00891
2023-03-31 21:10:04,Tablet,North,323.1240171895537,4,62,CUST00892
2022-02-26 02:44:47,Headphones,Central,738.6834799652362,3,54,CUST00893
2023-03-30 20:33:48,Smartwatch,Central,432.83155724547504,5,45,CUST00894
2023-08-16 01:05:00,Headphones,North,704.5737760400565,5,45,CUST00895
2023-05-22 08:49:50,Smartwatch,Norti,500.93848114561064,8,47,CUST00896
2022-01-26 18:08:20,Laptop,South,353.7970521923634,1,79,CUST00897
2023-08-28 00:26:55,Smartphone,South,800.1976935299239,3,75,CUST00898
2023-08-24 07:21:25,Headphones,South,697.6665046588887,5,30,CUST00899
2022-05-18 14:44:36,Headphones,West,473.07248206526924,3,42,CUST00900
2023-03-04 00:01:14,Smartphone,Central,,6,62,CUST00901
2023-10-02 13:24:11,Headphones,East,518.4593549789427,3,68,CUST00902
2023-07-16 13:19:32,Headphones,West,565.6381421879491,6,36,CUST00903
2022-05-29 15:24:19,Smartwatch,Central,764.3482478242715,8,30,CUST00904
2022-12-13 22:36:18,Smartwatch,Easu,272.0548720223562,4,77,CUST00905
2023-01-29 06:20:02,Smartphone,South,446.20416638178057,8,28,CUST00906
2022-01-28 11:12:19,Laptop,East,,7,65,CUST00907
2023-10-05 23:31:04,Headphones,North,550.1739812518015,4,40,CUST00908
2023-01-07 11:27:13,Laptop,North,312.6970414764256,3,31,CUST00909
2023-05-11 09:13:18,Smartphone,Central,,-5,27,CUST00910
2022-08-07 15:46:48,Smartphone,Wesu,326.9050713665196,5,51,CUST00911
2023-11-12 05:46:24,Smartwatch,South,312.52941390872866,7,57,CUST00912
2023-02-15 01:04:13,Headphones,Central,,1,40,CUST00913
2023-10-21 08:38:38,Tablet,South,784.3253629088751,9,57,CUST00914
2022-03-12 09:25:50,Smartphone,North,881.2461589760229,2,75,CUST00915
2023-07-24 11:58:56,Headphones,West,573.2783269142401,9,71,CUST00916
2022-05-08 03:54:28,Laptop,West,464.27029395985835,9,38,CUST00917
2023-04-14 12:31:49,Smartwatch,North,523.44690467239,3,76,CUST00918
2022-11-04 16:08:21,Laptop,East,550.2364904689911,7,37,CUST00919
2023-04-03 10:12:18,Smartphone,West,719.9598086901514,3,49,CUST00920
2023-06-08 14:22:07,Smartphone,East,,8,31,CUST00921
2022-05-16 11:53:58,Laptop,South,679.16972079915,8,41,CUST00922
2023-12-07 16:56:24,Smartphone,West,285.9893653933392,3,63,CUST00923
2023-03-24 14:35:54,Headphones,North,427.8656436779565,5,35,CUST00924
2022-10-05 06:06:01,Smartphone,East,499.6143704471936,7,64,CUST00925
2023-10-04 20:00:31,Smartwatch,South,561.6718546294402,1,71,CUST00926
2023-07-01 06:15:43,Headphones,South,499.45932228298255,3,47,CUST00927
2022-07-13 17:03:33,Tablet,West,526.2597570190084,1,45,CUST00928
2022-05-06 20:30:03,Smartphone,West,506.06597592664986,2,65,CUST00929
2023-10-09 12:50:31,Smartphone,Central,271.8878712786666,7,31,CUST00930
2023-06-19 18:19:07,Smartwatch,Central,586.2702655476693,7,59,CUST00931
2023-01-10 13:41:08,Smartwatch,West,621.6958258546639,3,71,CUST00932
2023-08-08 09:40:23,Laptop,Central,701.3979867517219,6,38,CUST00933
2023-10-30 14:30:17,Laptop,North,777.0600826832624,6,51,CUST00934
2022-01-31 21:04:27,Laptop,North,,2,22,CUST00935
2022-11-06 08:45:23,Smartwatch,Central,711.7267682809643,9,48,CUST00936
2023-06-10 14:34:01,Laptop,West,502.7149946485842,8,20,CUST00937
2023-10-22 13:47:51,Laptop,Norti,282.43726381518456,2,40,CUST00938
2023-04-23 07:54:33,Tablet,South,644.162895236296,4,56,CUST00939
2023-06-14 03:40:43,Laptop,West,,9,73,CUST00940
2022-10-02 22:52:33,Smartphone,East,500.0940247754628,4,76,CUST00941
2022-01-16 13:20:27,Smartwatch,East,490.65772641415265,7,61,CUST00942
2022-02-18 05:21:40,Headphones,West,571.6999081170406,5,47,CUST00943
2022-10-08 14:31:04,Tablet,Central,449.36501170457024,6,59,CUST00944
2023-05-10 14:38:27,Smartwatch,Norti,566.3386009541813,1,60,CUST00945
2022-04-02 06:07:59,Smartwatch,North,361.67075553285844,4,47,CUST00946
2022-01-06 18:12:42,Smartphone,West,378.52610644792065,5,74,CUST00947
2023-06-14 23:55:33,Laptop,South,301.91160507352674,6,66,CUST00948
2022-02-22 23:43:58,Smartphone,Central,,6,53,CUST00949
2022-08-29 21:56:32,Laptop,South,510.9623196391174,5,55,CUST00950
2023-12-04 19:53:44,Laptop,West,,3,24,CUST00951
2023-09-21 23:09:20,Smartwatch,West,335.4825755878284,2,76,CUST00952
2022-09-04 09:35:48,Laptop,South,472.74702826617954,7,22,CUST00953
2022-03-06 09:01:07,Tablet,East,582.7247794993639,1,23,CUST00954
2023-03-25 23:27:08,Tablet,West,720.6893187808722,5,66,CUST00955
2023-10-02 02:00:59,Tablet,Central,409.6259196630445,4,31,CUST00956
2022-09-23 02:05:35,Smartwatch,South,439.62095020899454,7,28,CUST00957
2022-11-13 12:03:40,Smartphone,East,,2,54,CUST00958
2023-02-11 21:13:48,Headphones,Souti,481.90802455446703,8,19,CUST00959
2022-08-21 12:06:05,Laptop,East,347.0227268774714,9,48,CUST00960
2023-11-13 01:10:58,Headphones,East,284.48866426125335,1,63,CUST00961
2023-05-14 22:53:48,Smartphone,Central,538.8018628224854,5,44,CUST00962
2022-05-31 17:06:13,Smartphone,West,600.5894939166606,4,33,CUST00963
2023-09-04 10:22:09,Smartwatch,East,329.1435667132867,5,19,CUST00964
2023-06-01 10:37:38,Tablet,Wesu,398.8261655812451,9,66,CUST00965
2022-12-13 10:57:03,Tablet,Central,485.00788971883685,3,43,CUST00966
2022-06-01 00:01:08,Smartphone,West,756.0128532086221,1,33,CUST00967
2022-07-20 20:08:14,Smartwatch,North,,3,26,CUST00968
2023-10-05 13:58:48,Smartwatch,East,566.7456939679074,4,69,CUST00969
2023-08-20 04:14:57,Laptop,Central,601.8879778550315,2,69,CUST00970
2022-08-18 19:56:57,Tablet,South,393.179448243306,1,26,CUST00971
2023-06-24 12:42:31,Smartphone,Centram,447.6155786876949,1,22,CUST00972
2022-03-24 14:13:49,Headphones,East,549.9485119667175,8,53,CUST00973
2022-11-29 12:09:21,Tablet,Central,,4,24,CUST00974
2022-08-23 06:40:58,Laptop,South,,2,78,CUST00975
2023-11-26 09:16:28,Smartwatch,North,515.3967654460658,3,49,CUST00976
2023-03-03 17:25:24,Smartphone,East,629.1835122649767,8,46,CUST00977
2023-06-18 23:40:38,Tablet,East,567.5386536784613,6,54,CUST00978
2022-09-06 19:20:23,Headphones,Central,604.1178280776663,8,73,CUST00979
2023-03-14 17:51:28,Laptop,West,383.3916847342762,5,20,CUST00980
2023-08-19 09:27:17,Laptop,West,53017.835891006645,3,47,CUST00981
2023-11-11 22:52:48,Tablet,South,490.1654110955382,6,57,CUST00982
2023-08-01 15:17:37,Headphones,North,392.5662485865476,8,48,CUST00983
2022-05-25 05:10:55,Laptop,Norti,638.75262021837,5,65,CUST00984
2022-02-15 06:55:42,Smartphone,Central,197.68978897067097,5,44,CUST00985
2023-05-02 18:10:56,Laptop,Central,702.0431328857073,3,23,CUST00986
2022-03-28 10:40:10,Headphones,West,167.18671180379596,3,79,CUST00987
2022-01-19 22:12:36,Smartwatch,North,476.9410008954031,8,46,CUST00988
2022-10-20 20:04:14,Smartwatch,North,641.1742798620127,1,26,CUST00989
2022-04-28 12:53:44,Tablet,North,321.7427191765921,4,71,CUST00990
2022-02-27 21:10:45,Headphones,South,563.5609515262015,9,37,CUST00991
2022-02-21 15:50:18,Laptop,South,547.3433496242575,6,67,CUST00992
2023-11-27 15:24:10,Laptop,Central,548.994794338519,6,28,CUST00993
2022-11-24 03:59:44,Smartwatch,West,447.6947546839813,7,36,CUST00994
2023-05-23 05:29:48,Smartwatch,East,430.20512547734967,7,56,CUST00995
2022-02-20 07:09:20,Smartphone,West,264.4812077531532,6,27,CUST00996
2022-10-04 23:29:44,Smartwatch,South,484.4025051969354,9,22,CUST00997
2023-03-02 23:48:50,Smartphone,South,637.6266240623197,8,56,CUST00998
2023-03-17 00:59:42,Laptop,Central,431.5848488282931,8,40,CUST00999
2023-01-22 20:22:24,Smartphone,East,439.06635059397655,2,23,CUST01000
2023-11-11 15:17:40,Smartphone,Norti,738.4492348765086,7,48,CUST01001
2023-04-18 06:32:15,Tablet,East,475.4751561906669,1,35,CUST01002
2023-10-02 05:27:18,Smartwatch,East,552.8239644854353,8,38,CUST01003
2022-09-23 19:39:49,Smartphone,East,580.3578122512175,3,32,CUST01004
2022-07-29 11:58:19,Laptop,Central,475.37726227876726,9,76,CUST01005
2022-01-20 22:25:20,Headphones,South,602.1884347431265,5,48,CUST01006
2022-06-03 21:59:32,Smartphone,North,648.4101595504566,7,27,CUST01007
2023-09-02 12:56:05,Smartwatch,East,635.5357088053402,7,23,CUST01008
2022-12-10 18:48:34,Tablet,North,652.30722835761,9,41,CUST01009
2023-03-02 08:32:52,Laptop,East,187.59256089656998,2,50,CUST01010
2022-12-16 04:35:34,Tablet,South,324.2118600924702,4,77,CUST01011
2022-06-17 03:30:44,Headphones,North,422.82828538735066,8,45,CUST01012
2023-01-02 09:45:24,Smartphone,West,380.60678296963147,5,45,CUST01013
2022-12-28 04:20:52,Smartphone,South,391.98469763316695,5,27,CUST01014
2022-12-19 00:11:53,Smartwatch,North,633.4345512585736,3,40,CUST01015
2022-10-21 03:51:37,Smartphone,East,,5,32,CUST01016
2022-05-22 16:50:26,Laptop,East,479.47221072052093,7,63,CUST01017
2023-10-07 21:30:56,Headphones,South,466.16562824285535,4,65,CUST01018
2022-11-30 13:08:36,Tablet,South,439.9793543220497,8,54,CUST01019
2023-10-11 10:15:41,Headphones,East,463.70995560492554,6,31,CUST01020
2022-04-06 11:02:32,Smartphone,North,708.1384520291051,6,65,CUST01021
2022-07-26 18:22:37,Tablet,West,235.36661620479464,6,31,CUST01022
2022-03-13 16:53:20,Smartwatch,Central,691.1672078832814,4,24,CUST01023
2022-02-16 00:47:46,Headphones,South,844.0515614573173,3,68,CUST01024
2023-03-29 16:49:48,Tablet,East,690.0264596450668,6,53,CUST01025
2023-09-10 15:10:04,Tablet,North,351.51000851357884,6,35,CUST01026
2022-07-23 22:38:59,Tablet,South,427.02030936611874,2,77,CUST01027
2023-05-07 18:34:37,Laptop,North,654.9948500081632,9,71,CUST01028
2022-06-10 02:24:00,Headphones,South,462.70164746520885,4,70,CUST01029
2022-12-14 22:17:11,Tablet,East,424.0984566194645,4,32,CUST01030
2023-03-12 03:01:51,Headphones,North,484.8529480760993,8,66,CUST01031
2022-01-02 01:36:33,Tablet,East,331.72237624992846,3,50,CUST01032
2023-12-18 11:02:51,Smartwatch,North,480.4612838844876,7,73,CUST01033
2022-06-01 11:47:42,Smartwatch,South,319.06764752389734,7,64,CUST01034
2022-07-27 22:01:43,Smartwatch,Central,608.3710866363733,2,65,CUST01035
2022-11-23 02:04:22,Smartphone,Central,373.3503132379,3,73,CUST01036
2023-11-17 12:20:09,Tablet,West,,4,39,CUST01037
2022-08-21 18:40:33,Smartphone,West,433.3337990996604,2,60,CUST01038
2023-01-06 20:57:25,Headphones,East,557.3076016329995,9,58,CUST01039
2022-11-29 17:31:33,Smartphone,North,623.3501104358736,6,34,CUST01040
2022-06-11 09:12:34,Headphones,West,542.9747913934004,1,43,CUST01041
2022-08-14 14:38:50,Headphones,South,394.9527650358852,1,32,CUST01042
2023-06-26 22:52:33,Headphones,Centram,415.5256667736614,8,57,CUST01043
2023-02-24 03:10:03,Smartphone,North,853.9850319966265,6,35,CUST01044
2022-07-13 03:51:28,Tablet,Central,642.2771120530183,7,25,CUST01045
2022-09-08 03:12:53,Smartphone,North,470.32130722085475,6,20,CUST01046
2023-12-01 01:46:44,Tablet,West,413.8758794302811,2,71,CUST01047
2023-05-27 04:21:49,Tablet,West,284.15857048250894,3,72,CUST01048
2022-03-24 04:49:33,Headphones,East,669.2350139236817,8,68,CUST01049
2023-06-10 07:55:38,Smartphone,North,393.3645068353334,4,31,CUST01050
2023-10-02 04:02:00,Tablet,South,658.06029764734,8,51,CUST01051
2023-08-12 02:48:48,Smartwatch,West,624.1197201874269,3,50,CUST01052
2023-03-25 03:35:11,Tablet,East,702.9203224520767,2,79,CUST01053
2023-07-16 12:37:18,Smartwatch,West,613.8258584539743,7,54,CUST01054
2023-10-17 01:43:10,Smartphone,Central,468.5236834986422,1,66,CUST01055
2023-12-12 03:35:50,Smartphone,West,502.3861429735837,3,18,CUST01056
2022-09-13 08:58:54,Smartphone,North,503.6803380126142,2,70,CUST01057
2022-06-19 22:08:36,Tablet,East,459.6881014244397,5,65,CUST01058
2023-06-28 13:25:40,Laptop,North,256.5173457575303,2,52,CUST01059
2023-12-15 21:45:49,Tablet,South,176.74896246504454,5,27,CUST01060
2022-02-17 11:04:33,Tablet,South,613.824390241374,3,36,CUST01061
2023-02-11 02:47:38,Headphones,West,472.8616958510194,9,28,CUST01062
2023-05-05 02:34:26,Headphones,East,644.0058771343139,9,72,CUST01063
2023-09-15 16:10:14,Tablet,East,443.06916538671106,8,52,CUST01064
2023-07-20 06:41:41,Smartwatch,East,499.8275652793,5,19,CUST01065
2023-01-28 03:36:31,Headphones,East,639.4293359524202,7,20,CUST01066
2023-12-25 00:27:39,Tablet,West,733.3007359212617,2,32,CUST01067
2023-08-06 05:49:21,Laptop,North,452.57311211365743,3,76,CUST01068
2022-12-06 21:31:17,Smartwatch,West,349.98788861195004,2,69,CUST01069
2023-12-14 17:43:13,Smartphone,North,681.9512214413251,1,58,CUST01070
2023-08-10 05:13:05,Tablet,Central,,3,64,CUST01071
2023-08-02 20:13:05,Tablet,Central,427.21413124427875,4,45,CUST01072
2022-03-22 11:35:57,Smartwatch,North,440.0309968268641,9,19,CUST01073
2023-01-30 17:30:54,Headphones,West,392.20491049207834,2,47,CUST01074
2023-10-03 02:57:54,Headphones,South,616.0618125723083,9,55,CUST01075
2023-11-04 18:19:42,Headphones,West,29926.559442833433,1,22,CUST01076
2023-01-16 03:15:45,Smartphone,South,515.3076735969277,9,23,CUST01077
2022-08-12 23:13:55,Smartwatch,West,,6,22,CUST01078
2022-01-29 09:35:52,Smartwatch,East,41021.820247459465,8,71,CUST01079
2023-11-27 10:06:29,Headphones,East,738.0698677181575,3,29,CUST01080
2023-10-29 15:16:48,Headphones,Central,634.750136991599,8,21,CUST01081
2022-04-30 10:54:15,Laptop,Central,431.82065414138884,9,41,CUST01082
2022-07-29 20:10:54,Laptop,North,484.07804077650064,7,77,CUST01083
2022-10-22 04:11:39,Tablet,South,634.1435792069726,4,42,CUST01084
2022-02-23 21:48:13,Tablet,East,512.004063252132,6,43,CUST01085
2023-09-24 21:39:02,Smartwatch,West,710.2367208499168,6,72,CUST01086
2023-02-01 13:15:21,Smartwatch,North,,2,79,CUST01087
2022-05-29 13:40:02,Smartphone,West,537.9324915695124,2,63,CUST01088
2023-05-20 03:43:12,Smartphone,East,536.6414943455791,5,63,CUST01089
2023-08-21 13:09:24,Laptop,East,972.334496757031,1,60,CUST01090
2022-11-17 13:20:03,Tablet,East,347.23054551126137,5,77,CUST01091
2022-11-06 06:54:01,Laptop,East,335.8345926397394,3,50,CUST01092
2022-08-23 06:22:47,Laptop,West,463.7835409375482,3,38,CUST01093
2023-11-26 06:34:56,Tablet,North,710.703249699095,8,40,CUST01094
2023-01-20 19:43:05,Smartphone,East,130.41699579735337,3,54,CUST01095
2022-06-13 16:23:44,Tablet,Central,214.41656988121997,3,54,CUST01096
2023-02-14 19:56:43,Headphones,North,440.0408026377613,1,29,CUST01097
2022-07-05 17:11:47,Headphones,Central,818.0239561810513,8,54,CUST01098
2022-10-26 19:07:03,Headphones,West,503.8161023112547,6,38,CUST01099
2023-12-28 07:54:44,Smartwatch,East,325.637155410642,8,30,CUST01100
2023-07-15 20:37:53,Smartphone,North,623.3072660558113,3,60,CUST01101
2023-07-23 05:20:05,Smartphone,East,749.2894655520913,6,70,CUST01102
2023-02-14 18:23:48,Smartwatch,East,404.1965239034296,2,50,CUST01103
2022-07-02 02:36:49,Laptop,North,568.1608338982127,3,61,CUST01104
2022-02-01 03:34:36,Headphones,East,523.5136077769447,4,23,CUST01105
2022-10-26 13:11:25,Headphones,East,585.8398059352479,9,76,CUST01106
2023-02-22 14:36:26,Laptop,South,431.15639993085796,4,60,CUST01107
2022-03-17 19:19:06,Tablet,Souti,59429.46502668235,7,29,CUST01108
2022-10-14 20:37:03,Tablet,North,625.7702078137359,8,78,CUST01109
2023-10-31 00:24:42,Smartphone,North,607.1449076151155,5,55,CUST01110
2023-10-27 07:04:18,Smartwatch,East,256.64890387572643,2,73,CUST01111
2022-10-26 22:17:18,Smartphone,Central,284.92045210772915,8,47,CUST01112
2022-07-12 20:41:28,Tablet,North,396.6151141797002,5,54,CUST01113
2022-12-14 16:21:42,Laptop,East,540.1231113100764,5,35,CUST01114
2022-06-01 09:49:42,Smartphone,Central,583.8799405161312,7,33,CUST01115
2022-11-27 03:09:03,Headphones,South,,6,62,CUST01116
2023-07-15 14:49:02,Headphones,North,548.6355951899517,3,24,CUST01117
2023-04-26 23:18:34,Laptop,East,641.859366897535,7,63,CUST01118
2023-11-19 08:27:33,Tablet,South,600.2001310912135,1,18,CUST01119
2023-05-21 10:23:11,Headphones,West,431.0252656903055,4,70,CUST01120
2022-01-13 09:57:27,Headphones,South,444.73688107070353,4,45,CUST01121
2023-02-12 05:45:39,Smartwatch,East,305.3647805689211,6,70,CUST01122
2023-05-13 08:31:35,Smartphone,Central,761.0485943625695,6,61,CUST01123
2023-03-24 11:09:55,Tablet,West,571.104429223896,8,20,CUST01124
2022-04-06 07:24:39,Smartphone,West,258.1649301335096,1,67,CUST01125
2022-09-26 23:49:44,Tablet,West,683.9969197578677,7,60,CUST01126
2022-11-03 09:13:38,Headphones,North,598.7822830595668,4,69,CUST01127
2022-09-17 01:43:30,Smartwatch,East,679.1441855330091,6,56,CUST01128
2023-07-17 02:39:24,Smartphone,West,416.2091706742625,9,27,CUST01129
2022-08-05 18:06:23,Headphones,Souti,437.1461622739556,3,68,CUST01130
2022-01-23 02:45:05,Tablet,Central,378.10294161664234,8,62,CUST01131
2023-02-11 21:33:48,Smartphone,East,817.5772309984659,3,31,CUST01132
2022-08-27 01:31:37,Smartphone,South,424.8514104785084,6,32,CUST01133
2022-09-11 11:25:38,Headphones,North,356.71822854504603,-2,23,CUST01134
2023-04-24 03:27:14,Smartphone,West,402.9570418822969,9,56,CUST01135
2023-04-07 20:09:56,Smartwatch,South,451.22611490361885,2,62,CUST01136
2023-09-23 13:52:04,Smartwatch,East,733.3930586100213,5,33,CUST01137
2022-03-08 05:53:21,Headphones,Souti,541.5258722195362,6,64,CUST01138
2023-10-07 12:15:23,Tablet,North,685.0326046053602,4,35,CUST01139
2022-07-12 08:09:13,Headphones,Central,542.7956008232472,7,52,CUST01140
2022-09-13 06:52:44,Smartwatch,West,472.96464424752634,7,65,CUST01141
2022-01-28 13:45:57,Laptop,East,343.6231194302618,7,42,CUST01142
2023-06-10 19:29:24,Laptop,West,739.1042709600897,7,50,CUST01143
2022-04-02 11:34:29,Smartphone,West,648.6442418588979,9,73,CUST01144
2023-07-14 18:44:16,Smartphone,West,662.2922266569872,2,50,CUST01145
2022-06-07 18:08:04,Laptop,South,638.7746439326919,5,36,CUST01146
2023-01-16 11:18:00,Smartwatch,South,393.4828242972953,9,55,CUST01147
2023-09-01 12:39:39,Smartphone,Central,539.7510903852586,2,28,CUST01148
2022-06-09 12:08:57,Headphones,North,663.0294749111873,3,73,CUST01149
2022-06-28 13:44:13,Headphones,East,641.6505282195064,7,56,CUST01150
2022-09-01 07:47:45,Smartwatch,South,,9,20,CUST01151
2022-07-06 08:00:48,Smartphone,West,796.2480235311377,3,77,CUST01152
2022-06-19 20:57:49,Headphones,North,579.9466048847711,8,55,CUST01153
2022-04-09 03:41:13,Smartphone,East,698.2988004804105,8,18,CUST01154
2022-05-24 21:39:56,Smartphone,East,530.0217549560723,4,57,CUST01155
2023-03-28 12:10:02,Headphones,East,444.25084494735324,6,42,CUST01156
2023-02-05 18:30:32,Laptop,East,645.3774481043401,8,74,CUST01157
2023-12-06 04:12:09,Headphones,Central,610.0277693706824,9,49,CUST01158
2022-05-07 00:51:04,Smartwatch,East,551.9696341821522,2,63,CUST01159
2023-09-09 04:16:46,Tablet,North,373.0800637176353,1,53,CUST01160
2022-05-25 04:18:00,Headphones,Souti,651.6441778791734,5,21,CUST01161
2022-01-15 03:41:09,Smartphone,North,380.9807795553263,3,72,CUST01162
2022-06-30 15:34:06,Smartphone,West,616.6034644377676,6,40,CUST01163
2023-08-03 11:21:27,Headphones,Central,335.4521461866954,1,33,CUST01164
2023-12-08 01:35:25,Tablet,Central,372.9429771247081,4,28,CUST01165
2023-02-06 04:09:14,Headphones,West,543.8135626977289,6,39,CUST01166
2023-12-28 21:12:30,Tablet,North,586.8448389626392,2,56,CUST01167
2022-04-24 15:15:59,Tablet,North,532.503137220799,8,79,CUST01168
2023-12-08 00:47:56,Smartwatch,West,420.92596470553957,4,50,CUST01169
2022-05-09 23:59:12,Smartphone,East,666.9815487566326,2,58,CUST01170
2023-07-14 08:55:53,Smartphone,East,520.8237135712008,1,79,CUST01171
2023-03-20 17:15:15,Tablet,South,529.0062815851799,8,78,CUST01172
2023-04-09 14:41:04,Smartphone,North,476.37290183148724,1,55,CUST01173
2022-11-14 17:57:27,Laptop,North,391.59306974213234,7,73,CUST01174
2023-11-22 05:04:48,Tablet,West,669.0015019145194,7,30,CUST01175
2022-06-25 09:09:54,Smartphone,West,403.59270168346035,6,38,CUST01176
2023-09-21 15:17:16,Laptop,East,754.6118339657877,8,29,CUST01177
2022-04-04 13:18:43,Smartwatch,Norti,376.25267874925464,1,72,CUST01178
2022-11-06 09:54:22,Smartphone,North,548.4398322257515,1,68,CUST01179
2022-09-23 11:38:22,Laptop,Central,510.4321755054268,1,43,CUST01180
2023-07-06 15:21:34,Headphones,South,483.1069923906305,-6,66,CUST01181
2022-04-18 17:02:47,Headphones,South,602.2884504826089,7,72,CUST01182
2022-01-08 08:33:25,Laptop,East,618.4678618793848,9,70,CUST01183
2022-03-28 13:43:41,Tablet,North,580.3946613863749,5,18,CUST01184
2023-03-18 09:58:49,Tablet,Central,340.4172632480145,1,58,CUST01185
2023-05-10 21:16:11,Smartphone,North,324.3043106682587,9,74,CUST01186
2023-04-20 04:02:30,Headphones,West,315.2797744356973,5,39,CUST01187
2022-01-01 18:47:41,Tablet,East,463.3871542162172,6,44,CUST01188
2023-04-13 18:13:43,Tablet,South,817.3014828743276,9,74,CUST01189
2022-03-29 18:59:13,Headphones,North,492.6239323594171,2,72,CUST01190
2023-10-14 00:03:56,Smartwatch,East,,3,49,CUST01191
2022-09-28 02:03:57,Tablet,South,494.9893728495682,7,25,CUST01192
2022-12-20 15:26:50,Laptop,North,523.9982476837805,3,76,CUST01193
2022-05-02 03:23:35,Smartphone,Central,589.3657994916055,2,51,CUST01194
2023-02-08 11:52:18,Tablet,East,456.3471024135423,7,35,CUST01195
2023-05-24 06:24:06,Tablet,North,534.0933324268195,8,21,CUST01196
2022-08-16 18:20:30,Smartwatch,South,244.57241585661018,9,18,CUST01197
2022-02-04 08:00:22,Laptop,South,366.63339258994955,2,73,CUST01198
2023-08-04 11:43:41,Smartphone,Central,247.72783192004619,2,70,CUST01199
2022-02-12 22:10:54,Tablet,East,608.7859775744404,7,61,CUST01200
2023-10-30 05:04:44,Smartphone,East,295.4984588892013,4,33,CUST01201
2023-01-25 17:27:45,Headphones,North,711.7508095783014,5,47,CUST01202
2023-05-08 17:55:05,Tablet,South,553.4033755379417,1,40,CUST01203
2023-06-01 19:42:29,Tablet,South,643.9114995285639,6,48,CUST01204
2022-03-09 23:12:34,Headphones,Central,403.00165496085606,8,45,CUST01205
2022-11-22 01:08:02,Smartwatch,Central,331.4792421469375,1,67,CUST01206
2023-02-07 10:18:54,Tablet,East,447.8414657703545,2,54,CUST01207
2023-07-07 17:41:19,Smartphone,South,659.6275929392931,7,33,CUST01208
2022-06-29 20:43:04,Laptop,North,817.2577523213304,2,58,CUST01209
2022-05-31 15:10:46,Smartphone,West,576.2547566200252,9,26,CUST01210
2022-04-24 13:06:44,Smartwatch,North,302.6499510618657,6,19,CUST01211
2023-06-02 10:16:59,Laptop,Central,354.21525343392324,5,63,CUST01212
2022-08-10 00:31:05,Smartphone,North,276.7511879722193,7,60,CUST01213
2022-03-14 19:55:18,Smartphone,South,480.6245355253274,8,19,CUST01214
2023-04-22 04:23:20,Headphones,East,458.414495217983,9,49,CUST01215
2023-09-18 14:28:32,Smartwatch,West,479.5084019798598,6,33,CUST01216
2023-02-18 17:44:06,Headphones,East,338.9868586581623,5,70,CUST01217
2023-07-05 18:09:25,Laptop,Wesu,323.95938505007314,7,68,CUST01218
2022-07-23 02:16:29,Headphones,West,514.1173120248845,2,30,CUST01219
2023-06-01 08:19:55,Smartwatch,South,572.6616321803318,8,66,CUST01220
2023-12-21 03:06:00,Tablet,South,322.27399092874714,4,44,CUST01221
2022-09-17 11:38:00,Tablet,Central,571.0572539808389,1,78,CUST01222
2022-12-26 06:31:31,Laptop,Central,642.0154319010402,3,48,CUST01223
2023-07-19 10:12:25,Tablet,West,150.38408269614223,9,50,CUST01224
2023-01-29 18:24:02,Headphones,Central,736.3522845837939,4,38,CUST01225
2023-02-12 12:24:08,Laptop,South,605.3306470883919,3,36,CUST01226
2023-12-01 06:49:16,Smartwatch,Central,643.4193561939886,4,65,CUST01227
2023-06-23 11:12:17,Laptop,West,346.8677447012735,3,74,CUST01228
2023-03-14 05:11:10,Laptop,East,618.0723574844806,3,30,CUST01229
2022-10-29 23:08:19,Smartphone,North,635.3114366647646,2,77,CUST01230
2022-10-19 03:07:26,Smartphone,Central,402.2680134535677,6,36,CUST01231
2022-05-02 15:57:09,Laptop,South,616.981179264619,6,52,CUST01232
2023-03-10 06:43:45,Tablet,East,479.276056570404,4,52,CUST01233
2023-06-25 05:09:02,Smartphone,South,407.37383076452926,8,79,CUST01234
2023-07-05 00:25:43,Smartwatch,Central,470.5328763431434,6,50,CUST01235
2023-02-23 02:02:15,Headphones,West,525.2409471978789,8,20,CUST01236
2023-05-02 09:25:04,Smartphone,North,454.6095464856617,6,65,CUST01237
2022-04-08 08:38:03,Laptop,North,381.23207960513315,9,38,CUST01238
2022-05-09 06:25:22,Tablet,East,558.9431094760162,3,57,CUST01239
2022-07-07 12:55:05,Headphones,North,583.9667742179937,3,40,CUST01240
2022-05-06 13:31:20,Smartphone,West,521.9031675566658,2,65,CUST01241
2023-04-09 09:22:44,Tablet,Souti,257.3668203604508,6,77,CUST01242
2022-07-04 06:58:13,Tablet,West,412.31128315174686,7,62,CUST01243
2023-03-25 12:08:19,Tablet,East,373.3864908507313,7,62,CUST01244
2022-09-21 01:53:29,Laptop,Easu,759.6647540159032,5,28,CUST01245
2023-11-18 06:16:31,Smartwatch,North,517.6841109145014,6,21,CUST01246
2023-02-16 12:24:01,Tablet,West,457.9657726851865,7,21,CUST01247
2023-05-12 00:24:26,Headphones,South,416.19226192190206,2,32,CUST01248
2023-09-06 18:13:11,Smartphone,West,481.2716139338741,7,45,CUST01249
2023-11-21 14:46:18,Headphones,South,612.7300131729991,1,53,CUST01250
2022-04-17 09:25:00,Laptop,South,225.5144208254907,6,25,CUST01251
2022-04-21 12:42:45,Laptop,West,,8,41,CUST01252
2023-08-21 18:09:40,Headphones,Central,424.3106661876433,1,51,CUST01253
2023-08-11 10:01:28,Smartwatch,Wesu,564.6005179026052,1,32,CUST01254
2022-05-22 18:19:12,Laptop,South,619.8652196032832,6,40,CUST01255
2023-01-10 12:51:00,Laptop,Easu,395.67197746948926,5,77,CUST01256
2023-02-04 07:07:01,Headphones,East,294.6196999873263,3,44,CUST01257
2022-11-24 05:35:16,Laptop,North,454.3398589822248,7,31,CUST01258
2023-09-01 03:53:41,Smartwatch,East,693.0602267571759,7,77,CUST01259
2022-10-25 08:35:17,Smartwatch,Centram,625.3485876773407,7,70,CUST01260
2023-07-30 18:44:06,Smartwatch,South,443.3565767604043,6,19,CUST01261
2022-06-20 17:52:47,Smartphone,West,404.7741313566614,4,78,CUST01262
2022-08-09 06:49:39,Smartwatch,West,416.0975780293524,9,52,CUST01263
2022-12-18 07:53:01,Smartwatch,Central,305.3561694228762,9,60,CUST01264
2023-05-01 07:16:13,Smartphone,East,617.7161045790363,7,24,CUST01265
2022-07-11 03:27:57,Tablet,South,645.1124526792037,7,33,CUST01266
2023-03-23 21:21:33,Laptop,East,441.9293635024127,8,39,CUST01267
2022-03-16 11:54:06,Smartwatch,North,424.89779002866925,5,71,CUST01268
2023-03-13 09:08:39,Laptop,East,395.2589305652942,9,45,CUST01269
2022-11-02 05:48:38,Headphones,North,432.44518783843466,6,49,CUST01270
2023-12-07 08:10:48,Laptop,West,389.72396571899316,7,24,CUST01271
2022-04-15 19:50:14,Smartphone,South,476.7194130699863,7,39,CUST01272
2022-08-25 15:28:02,Laptop,North,617.9594529573701,9,60,CUST01273
2023-03-18 17:52:50,Laptop,East,602.5038235245553,7,19,CUST01274
2022-05-11 02:46:54,Laptop,East,374.19638831847305,3,25,CUST01275
2022-07-26 03:21:11,Tablet,West,522.7714570723268,6,24,CUST01276
2023-04-16 07:57:24,Tablet,Central,596.9226634034187,6,55,CUST01277
2023-11-09 11:33:55,Headphones,Central,359.03175374976433,7,65,CUST01278
2023-10-03 07:04:55,Smartphone,East,521.2125458856503,6,38,CUST01279
2022-05-13 10:09:34,Laptop,Central,682.0468781294717,4,60,CUST01280
2022-10-25 12:41:41,Laptop,South,463.2664902425842,6,39,CUST01281
2023-12-26 10:26:09,Laptop,Central,197.31465853069358,3,79,CUST01282
2023-11-03 00:14:11,Laptop,South,,1,52,CUST01283
2022-02-05 19:30:35,Tablet,East,546.6219104074933,1,35,CUST01284
2023-07-09 01:13:46,Headphones,East,515.9774864485862,5,26,CUST01285
2022-11-01 19:54:43,Smartwatch,East,528.16022229058,8,66,CUST01286
2022-09-21 11:09:02,Smartphone,West,573.3931210774714,3,19,CUST01287
2022-08-16 06:41:09,Laptop,Central,,2,76,CUST01288
2022-11-11 00:40:21,Headphones,North,378.97820694775464,8,59,CUST01289
2023-01-28 20:26:24,Smartwatch,North,563.4595161686975,9,59,CUST01290
2022-11-13 20:13:17,Headphones,East,,9,34,CUST01291
2023-12-29 15:19:19,Tablet,Central,461.46721563443515,2,57,CUST01292
2022-07-26 02:28:53,Smartwatch,South,285.15837714019773,8,37,CUST01293
2023-09-09 01:41:06,Headphones,North,550.9945686135369,2,23,CUST01294
2023-02-20 15:37:33,Tablet,East,507.6701249934326,7,28,CUST01295
2023-01-08 21:01:44,Headphones,North,341.2627060208119,8,22,CUST01296
2023-05-07 12:42:54,Headphones,North,202.45488609704395,1,73,CUST01297
2022-07-08 05:44:42,Smartwatch,North,585.6877547969927,8,27,CUST01298
2023-03-29 23:51:35,Tablet,East,407.3821383491593,3,40,CUST01299
2023-01-27 04:39:53,Laptop,East,528.004694689134,1,50,CUST01300
2023-12-15 13:05:54,Smartphone,West,522.4339396455758,7,57,CUST01301
2023-06-04 20:21:00,Smartwatch,West,327.96072314968524,3,53,CUST01302
2022-07-12 06:37:31,Tablet,West,562.6796039299161,8,56,CUST01303
2022-04-08 01:29:40,Headphones,North,371.03185370427565,9,68,CUST01304
2023-07-10 17:20:53,Tablet,Central,275.6926726326912,2,64,CUST01305
2023-01-25 02:32:35,Smartphone,East,256.4782287865715,1,51,CUST01306
2022-06-27 00:57:54,Smartphone,West,499.5144693899526,8,34,CUST01307
2023-08-20 20:49:23,Laptop,Centram,739.1153480013969,6,43,CUST01308
2023-01-14 07:31:44,Laptop,West,,1,70,CUST01309
2022-04-04 01:36:19,Smartphone,West,,3,65,CUST01310
2023-02-04 09:48:32,Smartwatch,Central,717.3232726680881,9,44,CUST01311
2023-12-08 15:11:07,Smartwatch,Wesu,577.4428846111061,-9,63,CUST01312
2022-09-29 12:12:30,Headphones,North,736.1736950697792,6,20,CUST01313
2022-07-24 01:33:52,Laptop,North,719.205798126142,3,76,CUST01314
2022-03-03 21:23:37,Headphones,North,676.8043977078894,8,36,CUST01315
2022-04-18 02:25:17,Laptop,South,217.35049715707328,6,25,CUST01316
2023-01-02 21:21:03,Smartphone,West,464.4884228522114,1,34,CUST01317
2023-04-01 14:28:53,Smartwatch,South,395.94549243669485,6,78,CUST01318
2022-06-04 18:12:52,Smartwatch,East,675.6695669622084,5,67,CUST01319
2022-10-31 10:18:37,Smartphone,Central,453.91242672989284,8,18,CUST01320
2023-11-14 21:43:38,Headphones,East,762.8464954566349,2,24,CUST01321
2023-05-20 00:42:38,Headphones,South,515.2343498287106,7,53,CUST01322
2023-09-08 21:57:55,Tablet,North,495.80718046271255,6,20,CUST01323
2023-02-09 18:00:44,Laptop,West,443.20284996499475,1,36,CUST01324
2022-03-08 14:00:10,Headphones,West,472.3077797741383,8,59,CUST01325
2022-01-07 14:47:30,Smartphone,North,540.3117079148013,6,44,CUST01326
2022-09-03 23:49:52,Headphones,West,490.0882350364536,3,20,CUST01327
2023-05-05 22:02:45,Smartwatch,Central,,5,51,CUST01328
2023-02-26 12:10:25,Laptop,Central,439.15610530906923,7,22,CUST01329
2022-02-26 19:37:27,Tablet,Central,773.1529659882782,9,66,CUST01330
2023-04-14 00:08:41,Laptop,East,799.6267555238306,4,54,CUST01331
2022-03-27 21:43:32,Smartwatch,North,429.38037654381935,2,75,CUST01332
2022-02-13 11:52:54,Smartwatch,Central,627.3455444202924,3,63,CUST01333
2022-04-12 18:08:09,Smartwatch,South,375.828668081285,7,33,CUST01334
2022-10-05 15:26:35,Smartwatch,Central,450.9755981725075,8,73,CUST01335
2023-12-09 09:36:01,Smartphone,East,336.872897957348,-5,72,CUST01336
2023-05-05 20:05:32,Tablet,South,652.9750718577133,3,31,CUST01337
2023-09-24 03:33:59,Smartwatch,North,572.6784534418445,1,47,CUST01338
2023-10-09 04:56:33,Smartwatch,North,601.3170944651885,1,49,CUST01339
2023-04-30 07:59:15,Headphones,Central,633.2386098556192,2,76,CUST01340
2022-08-19 16:30:56,Tablet,South,369.55844948840206,5,68,CUST01341
2023-11-19 05:35:58,Laptop,South,451.3373146766007,3,62,CUST01342
2023-04-24 14:19:16,Tablet,Central,566.7848544347752,7,29,CUST01343
2022-05-15 18:13:28,Tablet,Central,448.16493209590294,2,74,CUST01344
2023-05-24 10:18:56,Tablet,West,510.41377011345327,2,44,CUST01345
2022-12-30 22:22:00,Smartwatch,West,380.0416616883555,3,43,CUST01346
2022-04-04 21:21:14,Smartwatch,Central,699.4596187130628,1,65,CUST01347
2022-08-08 12:43:58,Smartphone,East,640.7796102781797,2,46,CUST01348
2022-05-21 11:46:31,Laptop,West,685.5616919748244,5,40,CUST01349
2023-09-07 00:21:57,Headphones,Central,598.868071125327,3,66,CUST01350
2022-10-05 22:13:10,Tablet,South,335.9186172079645,6,39,CUST01351
2023-10-11 04:40:02,Laptop,West,428.07094400250105,2,37,CUST01352
2022-09-12 10:20:13,Laptop,East,394.74012742736824,8,55,CUST01353
2023-10-06 17:03:26,Smartphone,North,461.4087664785571,4,63,CUST01354
2023-01-16 11:44:48,Headphones,South,658.6645543505874,3,33,CUST01355
2022-12-13 20:25:40,Tablet,East,279.08587506535315,5,48,CUST01356
2022-05-04 23:56:45,Headphones,East,412.4540860362241,8,20,CUST01357
2023-07-31 14:46:19,Smartphone,East,440.8270985626356,-9,38,CUST01358
2023-08-15 15:31:55,Smartwatch,South,302.8975004629685,-1,68,CUST01359
2022-04-23 18:10:57,Laptop,East,530.7137382235026,4,56,CUST01360
2023-07-04 22:45:08,Tablet,North,448.70310210238125,6,22,CUST01361
2023-08-26 08:42:31,Smartwatch,West,666.772523834758,6,37,CUST01362
2022-11-22 19:47:22,Smartphone,South,458.7314899492225,9,75,CUST01363
2022-02-11 18:42:16,Headphones,East,568.8413237453818,1,72,CUST01364
2022-04-04 07:07:13,Laptop,Central,517.2478052565915,5,40,CUST01365
2023-04-11 04:36:27,Tablet,West,127.77311930218738,1,49,CUST01366
2022-07-30 04:53:54,Smartwatch,South,284.7281610694968,6,59,CUST01367
2022-07-18 15:43:30,Smartwatch,Central,557.5310703436533,9,26,CUST01368
2022-08-16 09:29:36,Laptop,Central,550.6942724920068,4,20,CUST01369
2022-12-02 07:52:07,Headphones,East,489.69952182485883,9,44,CUST01370
2022-05-22 12:04:15,Smartphone,South,699.5199961906765,3,44,CUST01371
2023-08-19 04:29:09,Headphones,East,576.4962111062595,7,27,CUST01372
2022-03-02 15:05:31,Headphones,North,735.5443269982461,5,33,CUST01373
2023-11-13 05:14:39,Headphones,Central,131.04992793925138,1,41,CUST01374
2022-01-14 03:32:44,Laptop,North,760.1222036276655,7,40,CUST01375
2023-11-28 19:18:00,Laptop,Easu,408.9270550546433,8,26,CUST01376
2022-01-25 22:49:08,Smartphone,West,503.7295449129866,6,19,CUST01377
2023-12-04 06:32:45,Headphones,Centram,678.0157855978009,1,23,CUST01378
2022-05-13 08:03:07,Laptop,West,182.78526553217185,9,54,CUST01379
2023-01-04 03:38:05,Smartphone,Souti,,7,52,CUST01380
2023-09-20 23:22:10,Smartphone,Central,651.3223032565843,6,24,CUST01381
2023-02-03 11:13:24,Headphones,North,407.44253177596255,4,32,CUST01382
2023-12-24 06:56:36,Tablet,West,637.061111125525,3,38,CUST01383
2022-04-14 03:14:12,Headphones,South,601.4572579555692,4,55,CUST01384
2022-03-07 10:56:18,Tablet,Central,525.3750312242796,1,53,CUST01385
2023-03-21 18:27:06,Smartphone,South,589.8349414581149,9,40,CUST01386
2023-03-12 09:22:21,Laptop,North,694.1949955610194,2,46,CUST01387
2023-01-05 20:46:17,Smartwatch,Central,,2,30,CUST01388
2022-03-22 08:07:25,Smartphone,South,,3,72,CUST01389
2022-07-03 18:11:36,Laptop,East,,1,22,CUST01390
2022-04-20 09:20:44,Smartphone,Central,587.299070662576,3,64,CUST01391
2023-05-22 03:12:41,Headphones,Central,573.4047477913157,4,56,CUST01392
2022-04-01 11:28:24,Tablet,Central,668.5839935256873,9,56,CUST01393
2023-07-07 03:14:25,Smartphone,Central,326.30065449586635,5,59,CUST01394
2022-07-23 18:49:11,Laptop,East,661.0415442868486,6,62,CUST01395
2023-12-20 05:51:03,Headphones,North,368.125408184524,1,73,CUST01396
2022-03-23 06:31:02,Smartwatch,East,851.096493677462,3,79,CUST01397
2023-06-14 18:50:15,Headphones,East,366.7292049995113,7,60,CUST01398
2022-04-07 15:47:25,Tablet,South,324.9839310644524,7,18,CUST01399
2023-03-26 12:03:43,Headphones,West,456.4242259191844,1,37,CUST01400
2023-04-20 23:18:10,Smartwatch,West,657.2547328453135,9,60,CUST01401
2022-08-12 20:08:05,Laptop,South,553.257150718264,1,18,CUST01402
2023-03-01 01:56:48,Smartphone,East,751.9252763823788,7,52,CUST01403
2023-10-20 21:13:58,Tablet,Souti,454.9255151562289,2,57,CUST01404
2022-03-03 20:57:34,Smartwatch,Central,426.5049571291195,9,62,CUST01405
2022-05-16 05:33:02,Tablet,Souti,389.83167637927556,9,77,CUST01406
2023-11-01 05:37:28,Headphones,South,421.0539146487638,9,24,CUST01407
2023-08-01 06:11:28,Tablet,Central,290.4178631113114,4,52,CUST01408
2023-03-21 21:15:12,Smartwatch,West,402.6767954672307,6,69,CUST01409
2022-02-12 14:34:22,Smartphone,Central,318.4276115087137,2,51,CUST01410
2023-03-18 23:38:30,Smartphone,North,607.8455058983157,3,67,CUST01411
2022-01-31 04:44:49,Tablet,South,722.0291778858806,6,22,CUST01412
2023-09-04 13:53:17,Laptop,South,533.245948233398,1,46,CUST01413
2022-07-24 18:17:24,Tablet,West,398.9150677386141,7,67,CUST01414
2022-01-12 00:59:19,Headphones,Easu,611.6413739919095,2,65,CUST01415
2023-05-26 19:00:55,Smartphone,Central,49411.10474187126,8,44,CUST01416
2023-07-31 14:31:02,Smartphone,East,652.2271592220621,5,24,CUST01417
2023-01-09 23:20:18,Smartphone,North,358.18582037834886,7,18,CUST01418
2023-04-25 20:38:29,Laptop,Centram,368.5995664694446,8,26,CUST01419
2022-04-26 22:19:49,Laptop,North,,3,64,CUST01420
2022-08-22 04:19:14,Smartwatch,North,496.95996752935537,6,75,CUST01421
2022-05-15 14:49:42,Tablet,North,639.0315049191357,9,18,CUST01422
2023-08-10 12:55:14,Tablet,Central,371.22138598633023,4,44,CUST01423
2022-12-04 01:35:03,Headphones,Central,565.0478996238865,7,34,CUST01424
2022-11-06 01:53:45,Smartphone,West,581.97309186166,1,79,CUST01425
2023-12-11 11:15:11,Laptop,South,269.4318165958597,7,49,CUST01426
2023-06-06 00:01:55,Headphones,East,499.4868273297526,9,58,CUST01427
2023-09-28 01:23:26,Headphones,East,197.57122654662032,8,72,CUST01428
2022-06-30 09:42:06,Laptop,Norti,720.4780082851365,4,47,CUST01429
2023-06-16 18:55:24,Tablet,Central,302.35978422688584,3,32,CUST01430
2023-07-04 05:31:12,Smartphone,Central,471.6661435595879,7,59,CUST01431
2022-04-20 21:56:03,Tablet,North,499.26477846042866,1,45,CUST01432
2022-12-19 05:49:17,Headphones,South,355.67974163256986,8,69,CUST01433
2022-06-12 10:22:30,Smartphone,East,777.3807023703685,1,20,CUST01434
2023-06-14 10:57:30,Smartwatch,West,396.2457765085543,7,45,CUST01435
2023-01-01 05:33:23,Headphones,Souti,459.53102296890836,6,22,CUST01436
2023-10-25 00:32:28,Tablet,Central,396.57525346895665,8,19,CUST01437
2023-07-04 07:00:53,Tablet,North,395.3012569192598,6,71,CUST01438
2022-04-30 11:02:16,Tablet,East,483.652815295116,5,55,CUST01439
2022-07-11 15:45:00,Laptop,North,605.4582802385088,9,33,CUST01440
2023-12-03 14:49:08,Headphones,Central,524.0196729140904,4,61,CUST01441
2023-10-06 14:18:02,Smartphone,North,386.2206951928111,7,34,CUST01442
2023-04-21 19:00:06,Tablet,East,499.05623074249036,6,29,CUST01443
2022-05-05 10:10:40,Tablet,North,294.94920824076763,6,43,CUST01444
2022-04-24 11:03:25,Laptop,Easu,677.4891979135881,5,74,CUST01445
2022-03-12 13:38:11,Smartphone,North,424.10538635318034,2,66,CUST01446
2023-01-03 08:14:13,Headphones,North,432.1307282847493,4,71,CUST01447
2023-06-28 18:49:37,Smartwatch,East,208.07767086282024,1,24,CUST01448
2023-09-12 07:47:21,Laptop,North,423.99543547409365,9,41,CUST01449
2023-04-23 12:58:44,Headphones,South,752.3483319428003,9,33,CUST01450
2022-03-29 18:29:14,Smartwatch,West,591.7281640556189,8,35,CUST01451
2022-08-19 10:07:05,Tablet,South,666.3495678685507,4,76,CUST01452
2023-11-25 19:02:56,Tablet,West,517.4916193448408,5,25,CUST01453
2023-04-01 15:29:57,Smartphone,South,106.97642182287319,1,44,CUST01454
2023-03-12 07:52:05,Smartwatch,West,510.4403110457313,4,43,CUST01455
2022-09-18 01:14:52,Tablet,North,530.1819456289718,4,79,CUST01456
2022-03-04 11:21:02,Tablet,East,634.3458711744594,5,48,CUST01457
2022-07-09 23:18:06,Smartphone,East,494.4889541651129,2,35,CUST01458
2022-05-15 07:57:23,Headphones,Central,384.23134864963475,2,19,CUST01459
2022-07-12 15:19:08,Tablet,West,485.1199251245805,2,58,CUST01460
2022-05-04 17:05:27,Laptop,Central,448.6609602640368,8,40,CUST01461
2023-05-23 10:28:03,Laptop,Central,578.5466855053818,2,73,CUST01462
2022-11-28 04:25:27,Headphones,West,485.4544223497037,6,65,CUST01463
2022-04-24 18:06:06,Smartwatch,East,351.4791662383653,2,66,CUST01464
2022-01-21 21:31:08,Smartphone,West,585.0349727808192,8,59,CUST01465
2023-03-05 00:53:27,Laptop,North,389.17137480362095,1,39,CUST01466
2023-04-07 22:17:40,Laptop,Central,,2,50,CUST01467
2022-04-09 13:11:56,Headphones,Central,430.412293951721,5,70,CUST01468
2023-06-07 00:39:10,Smartwatch,West,535.5834446051186,6,35,CUST01469
2022-05-15 11:23:47,Smartwatch,Central,294.30756646125917,9,32,CUST01470
2022-06-24 02:43:23,Headphones,East,504.8162368746914,6,58,CUST01471
2022-11-08 00:51:56,Laptop,Central,662.0658597253173,8,20,CUST01472
2022-03-05 22:53:53,Smartphone,West,,7,65,CUST01473
2023-08-30 14:50:02,Laptop,East,399.8855568989867,1,75,CUST01474
2022-01-26 23:31:42,Smartwatch,East,,2,40,CUST01475
2022-08-22 06:36:34,Laptop,Central,544.3621679705177,4,64,CUST01476
2022-11-17 13:17:38,Smartphone,West,584.0446252297763,1,19,CUST01477
2022-05-30 13:05:39,Tablet,Central,725.5905119249392,8,59,CUST01478
2023-07-25 09:32:19,Laptop,North,256.1386126512987,4,21,CUST01479
2023-10-11 22:07:21,Headphones,North,539.515665297608,7,43,CUST01480
2022-03-31 10:21:30,Tablet,East,527.8088960774829,7,36,CUST01481
2022-09-20 10:31:54,Headphones,Central,,8,66,CUST01482
2022-04-07 17:39:16,Headphones,North,553.3159358540692,9,27,CUST01483
2023-12-12 19:10:11,Headphones,South,,9,39,CUST01484
2023-04-29 07:38:50,Laptop,North,350.1779433523059,7,70,CUST01485
2022-10-23 18:22:53,Smartwatch,Central,532.028888889271,9,23,CUST01486
2022-04-20 09:22:17,Tablet,Central,597.388174965689,5,79,CUST01487
2023-12-17 18:58:47,Smartphone,North,492.9029162001028,4,18,CUST01488
2022-09-19 19:31:49,Smartwatch,Central,658.9013815041125,3,60,CUST01489
2023-03-04 13:22:13,Laptop,Central,464.3904309851535,6,33,CUST01490
2023-05-24 08:35:19,Headphones,South,569.0848817902315,9,73,CUST01491
2022-03-27 14:15:50,Smartphone,East,262.7385180748185,4,69,CUST01492
2023-03-18 11:12:46,Tablet,Central,836.3646736191407,2,24,CUST01493
2022-11-29 01:05:29,Smartwatch,West,465.8631020972235,3,41,CUST01494
2023-05-02 07:58:37,Smartwatch,East,426.77204328956304,3,52,CUST01495
2022-10-05 03:32:58,Smartphone,Easu,460.1373138668233,2,31,CUST01496
2023-09-25 15:11:07,Laptop,West,357.6823871634571,9,21,CUST01497
2022-10-06 11:56:09,Tablet,North,32472.251708220705,4,58,CUST01498
2023-02-07 21:26:36,Smartphone,South,506.1566492155741,3,32,CUST01499
2023-12-03 17:16:23,Headphones,Central,517.1173625200025,6,61,CUST01500
2022-10-20 17:28:29,Tablet,North,533.5813517703352,8,74,CUST01501
2022-12-17 04:32:17,Smartwatch,West,494.9086635663637,8,65,CUST01502
2022-04-14 08:37:44,Smartphone,South,487.53679952757443,6,40,CUST01503
2022-10-27 00:48:32,Smartwatch,South,319.53859838653085,5,36,CUST01504
2022-05-04 12:56:14,Smartwatch,South,426.89465829799394,7,31,CUST01505
2023-01-01 03:37:11,Smartwatch,West,524.1911890704653,3,44,CUST01506
2023-09-26 18:02:35,Laptop,North,419.18882632179765,2,53,CUST01507
2023-05-25 04:42:51,Smartwatch,Central,543.8252977770836,8,72,CUST01508
2023-02-25 16:20:59,Headphones,South,479.71857303047705,9,78,CUST01509
2022-05-11 21:30:11,Headphones,South,478.56196516139335,6,55,CUST01510
2023-09-14 09:42:07,Tablet,Norti,531.0903129695322,4,39,CUST01511
2023-03-31 21:21:07,Smartwatch,South,,6,28,CUST01512
2023-03-16 04:07:32,Smartwatch,South,606.2031793801605,7,21,CUST01513
2022-02-01 00:55:19,Smartphone,West,797.4563837525784,8,75,CUST01514
2023-01-03 17:40:52,Laptop,East,629.5672854750287,3,49,CUST01515
2022-07-24 11:45:11,Tablet,North,277.9334112465925,6,57,CUST01516
2023-06-18 23:57:50,Smartwatch,North,337.4206792915417,6,58,CUST01517
2023-08-16 06:00:09,Smartphone,North,458.80298127005756,7,75,CUST01518
2022-10-07 10:54:40,Laptop,West,385.562446404364,4,72,CUST01519
2023-11-17 10:09:31,Tablet,West,558.5745290722466,6,41,CUST01520
2023-10-07 11:54:33,Tablet,Central,,2,75,CUST01521
2022-11-16 05:11:36,Smartwatch,West,427.47311171951225,8,51,CUST01522
2022-04-23 03:07:33,Tablet,North,678.4512797277534,3,69,CUST01523
2022-04-13 20:42:04,Smartphone,Central,718.1300018413734,9,20,CUST01524
2023-06-06 19:21:49,Tablet,East,228.22580863166036,8,55,CUST01525
2023-09-13 23:32:55,Headphones,South,285.6683068206734,6,19,CUST01526
2023-09-05 03:55:20,Smartphone,South,664.5860227339244,2,40,CUST01527
2022-07-03 14:31:49,Laptop,Centram,630.474347810005,8,57,CUST01528
2022-08-09 12:35:22,Laptop,East,575.3977726404983,6,37,CUST01529
2023-10-26 02:29:42,Smartwatch,South,501.6409613863886,1,73,CUST01530
2023-10-30 21:30:40,Smartwatch,Central,484.5324781017191,6,25,CUST01531
2022-07-12 00:47:41,Headphones,West,580.4899150141017,5,52,CUST01532
2022-03-18 02:35:16,Laptop,North,526.4714963719236,6,66,CUST01533
2022-01-24 04:12:04,Laptop,East,696.1584060464281,1,60,CUST01534
2023-04-06 20:08:57,Laptop,South,,4,20,CUST01535
2023-06-20 12:47:41,Laptop,North,502.69931927822904,7,49,CUST01536
2023-12-20 02:36:19,Tablet,Central,633.5502972473105,5,75,CUST01537
2023-04-11 13:49:10,Smartphone,South,524.6627280687615,6,48,CUST01538
2023-12-27 08:47:52,Smartphone,North,60097.39002941469,2,61,CUST01539
2022-07-19 21:43:28,Headphones,West,59879.32713123124,8,63,CUST01540
2023-06-08 00:28:46,Tablet,East,436.27385258548657,4,48,CUST01541
2023-12-26 05:48:37,Laptop,Central,346.8998405147303,6,78,CUST01542
2022-06-09 17:19:50,Laptop,South,387.8325440421948,3,18,CUST01543
2023-03-06 18:37:38,Smartwatch,West,337.4350344743767,9,29,CUST01544
2023-10-16 17:04:39,Smartwatch,East,221.60228785052672,8,79,CUST01545
2023-12-05 02:55:10,Headphones,East,663.7642046152181,6,35,CUST01546
2023-02-21 10:59:32,Laptop,West,217.09654896975047,9,41,CUST01547
2022-08-03 00:54:06,Headphones,South,779.2190337018897,9,53,CUST01548
2023-01-28 01:07:20,Tablet,East,420.8319002584191,2,79,CUST01549
2023-05-06 20:55:16,Smartphone,Central,458.2467025671208,9,46,CUST01550
2022-12-18 13:30:48,Laptop,North,272.76597513855546,8,42,CUST01551
2022-05-03 00:41:45,Tablet,Central,557.6850280913102,2,40,CUST01552
2022-10-25 04:33:55,Laptop,East,460.8661595769802,9,20,CUST01553
2022-11-22 02:23:52,Smartwatch,North,509.1646452933648,5,47,CUST01554
2022-08-19 06:13:08,Headphones,West,381.9314674519601,9,34,CUST01555
2023-05-11 16:30:17,Smartwatch,North,572.1223659783687,3,62,CUST01556
2022-09-25 03:38:16,Smartphone,North,376.41238890738487,4,66,CUST01557
2022-09-01 04:44:18,Smartwatch,North,511.8149344456012,1,47,CUST01558
2023-01-10 23:58:54,Laptop,East,569.2972566343228,5,66,CUST01559
2023-02-15 08:06:11,Smartwatch,South,717.6963569450448,7,75,CUST01560
2022-11-02 11:59:20,Laptop,East,620.8851414666176,7,36,CUST01561
2022-07-25 22:57:29,Smartphone,South,513.4818680603222,6,22,CUST01562
2023-11-08 08:07:38,Smartwatch,West,,6,57,CUST01563
2022-02-23 22:43:49,Headphones,West,547.0118078995773,8,73,CUST01564
2022-05-10 01:08:17,Headphones,West,615.0068174198332,9,51,CUST01565
2023-09-18 02:42:14,Headphones,West,388.35323183643396,4,74,CUST01566
2022-06-09 05:34:09,Smartwatch,West,635.4814001196847,4,26,CUST01567
2023-08-24 20:19:38,Smartwatch,Central,359.45086566199365,8,56,CUST01568
2022-06-05 09:45:05,Smartwatch,East,568.4469586938036,5,65,CUST01569
2023-08-30 16:48:26,Laptop,South,581.2140695862805,9,61,CUST01570
2023-03-21 13:41:19,Smartphone,Wesu,399.26523679991305,6,43,CUST01571
2022-10-19 01:04:42,Headphones,Central,268.6429087330605,9,70,CUST01572
2022-03-21 08:54:18,Laptop,Central,,4,22,CUST01573
2023-11-20 02:10:02,Headphones,Central,105.51937471113513,1,41,CUST01574
2022-01-12 12:48:50,Laptop,East,473.2453534188389,4,48,CUST01575
2023-11-20 13:25:09,Smartwatch,West,312.7639124820683,9,41,CUST01576
2022-08-13 07:00:39,Headphones,Central,966.9877516847437,7,38,CUST01577
2023-11-27 14:01:42,Smartwatch,Central,658.8042839637109,6,39,CUST01578
2023-04-06 11:34:11,Headphones,West,510.82992923745684,2,55,CUST01579
2023-09-23 02:24:05,Tablet,East,,4,39,CUST01580
2022-05-11 16:42:28,Laptop,Centram,605.7552661001943,1,38,CUST01581
2023-03-04 07:18:47,Tablet,South,325.4690239165672,3,74,CUST01582
2023-12-27 16:17:36,Laptop,North,406.18462970005646,2,47,CUST01583
2022-05-31 01:41:04,Smartphone,North,,4,66,CUST01584
2022-05-03 10:53:50,Headphones,Norti,355.9193849612936,4,64,CUST01585
2023-08-18 15:25:30,Smartphone,East,559.2977079981279,9,27,CUST01586
2022-12-28 02:38:13,Smartphone,Central,601.2136996355081,7,20,CUST01587
2022-03-08 23:17:45,Laptop,North,460.90349959173125,3,56,CUST01588
2023-10-13 22:18:03,Tablet,North,522.8494834173189,7,46,CUST01589
2023-04-21 00:29:37,Smartwatch,West,,8,42,CUST01590
2022-12-29 06:10:28,Laptop,Central,617.6134448618711,7,19,CUST01591
2022-11-03 06:18:46,Smartwatch,Central,,8,30,CUST01592
2022-12-04 14:21:04,Smartphone,West,498.05684775756436,9,44,CUST01593
2023-01-30 23:08:03,Smartwatch,Central,588.1033657629848,1,46,CUST01594
2022-10-19 12:00:40,Tablet,South,196.76955729451655,6,31,CUST01595
2023-02-04 13:22:56,Laptop,East,721.3369444532057,4,21,CUST01596
2023-06-03 11:54:59,Tablet,West,480.11640205398714,1,25,CUST01597
2023-02-21 06:43:01,Tablet,North,389.754897698492,2,22,CUST01598
2022-03-04 11:41:09,Laptop,Centram,589.9195877937761,4,61,CUST01599
2022-12-26 03:22:03,Tablet,South,585.7144427369724,1,44,CUST01600
2022-07-09 21:06:06,Headphones,Souti,353.536011246269,6,41,CUST01601
2023-09-14 08:11:40,Headphones,East,510.130966860492,1,61,CUST01602
2023-09-18 17:54:47,Headphones,South,505.6002615666069,9,60,CUST01603
2022-04-20 02:45:04,Smartwatch,Central,495.8124614048779,3,51,CUST01604
2022-05-16 06:10:14,Tablet,Central,743.6029699208966,1,45,CUST01605
2022-03-23 06:38:56,Laptop,South,,6,41,CUST01606
2023-10-12 07:29:35,Laptop,Central,480.5142902752293,6,71,CUST01607
2022-08-16 11:57:00,Smartwatch,Central,397.94483502652173,7,22,CUST01608
2022-11-29 17:11:57,Laptop,Norti,376.2740718911401,7,30,CUST01609
2022-09-02 06:31:14,Headphones,West,558.80638728778,4,35,CUST01610
2022-12-04 01:33:46,Tablet,Centram,429.5269865745625,5,72,CUST01611
2022-05-25 12:12:39,Laptop,Central,471.81059347988906,3,34,CUST01612
2023-01-05 07:29:22,Laptop,East,529.7252724773381,6,47,CUST01613
2022-10-08 05:12:29,Smartphone,West,509.55341789110423,7,55,CUST01614
2022-04-11 03:33:51,Smartphone,West,520.2441585373142,9,36,CUST01615
2022-06-08 11:06:04,Smartphone,West,519.697524974008,9,39,CUST01616
2022-09-21 10:45:00,Tablet,South,593.6900777336084,5,66,CUST01617
2022-05-16 12:11:08,Headphones,North,896.1546167993713,4,66,CUST01618
2022-06-14 21:16:13,Headphones,North,684.3966037861961,7,35,CUST01619
2023-02-24 13:05:19,Headphones,East,445.65648440330705,3,43,CUST01620
2022-04-27 09:04:39,Tablet,Wesu,682.3260207534619,4,32,CUST01621
2023-04-09 17:27:46,Tablet,West,341.9313803986182,9,72,CUST01622
2022-06-09 12:03:29,Smartphone,Central,415.06136466108956,5,45,CUST01623
2023-09-29 00:38:24,Laptop,South,606.0324381899978,7,47,CUST01624
2023-05-08 06:16:45,Smartwatch,South,601.3799611906194,2,45,CUST01625
2023-06-28 13:00:34,Smartwatch,East,590.2304027770406,9,37,CUST01626
2022-01-09 03:27:42,Laptop,North,411.45531722426045,5,21,CUST01627
2023-08-21 15:40:33,Smartphone,West,,5,21,CUST01628
2023-03-12 17:22:09,Laptop,East,519.6727164125662,4,54,CUST01629
2022-06-09 08:46:45,Laptop,South,462.1565407444081,8,32,CUST01630
2022-06-12 04:36:43,Smartwatch,South,633.2263620520239,4,51,CUST01631
2023-09-06 07:44:48,Smartphone,South,458.3998969699004,2,28,CUST01632
2023-05-19 23:10:41,Tablet,West,453.97808058644864,5,40,CUST01633
2023-09-21 04:28:13,Smartwatch,West,256.1238097124604,3,52,CUST01634
2023-09-27 13:37:41,Tablet,West,631.2995351171878,4,60,CUST01635
2023-12-28 12:40:30,Smartphone,Central,548.356605844178,3,52,CUST01636
2023-04-04 21:34:59,Laptop,North,157.09962020095625,7,28,CUST01637
2023-05-15 17:50:56,Headphones,South,566.7527989862762,6,78,CUST01638
2022-11-07 01:59:35,Headphones,South,439.8234641848179,2,19,CUST01639
2022-04-30 19:59:24,Smartphone,Central,616.3914618105258,8,71,CUST01640
2023-10-09 09:36:54,Headphones,South,484.23351903303643,5,69,CUST01641
2023-03-05 06:38:30,Tablet,South,379.34384062972464,6,69,CUST01642
2022-06-11 08:53:22,Headphones,West,759.3570884288945,8,32,CUST01643
2023-11-24 16:17:35,Smartphone,West,735.7951978081426,7,57,CUST01644
2022-11-28 21:47:53,Smartphone,North,472.1480611723574,3,45,CUST01645
2022-09-12 12:00:09,Tablet,South,555.89579581448,2,48,CUST01646
2022-12-05 07:10:10,Headphones,East,431.11608341971515,3,49,CUST01647
2022-06-17 17:59:09,Headphones,South,244.02663084800045,8,51,CUST01648
2023-06-29 11:59:29,Laptop,South,,4,72,CUST01649
2022-05-04 11:43:55,Smartwatch,North,380.3387752315271,8,67,CUST01650
2022-07-12 14:46:56,Smartphone,Easu,691.0311095820462,4,39,CUST01651
2023-05-01 05:44:54,Laptop,South,,7,46,CUST01652
2023-05-22 02:55:50,Smartphone,East,543.0739264244268,6,70,CUST01653
2023-08-03 19:31:43,Laptop,West,493.86250844680245,1,25,CUST01654
2023-10-01 15:20:17,Smartwatch,West,605.2162075725774,8,39,CUST01655
2023-01-14 17:31:50,Laptop,East,360.43865240896747,6,29,CUST01656
2022-05-13 22:08:28,Smartphone,South,700.1625349318384,2,40,CUST01657
2022-03-28 05:20:07,Headphones,East,521.4811561659495,5,55,CUST01658
2023-07-25 05:25:20,Smartphone,East,724.2536779454235,2,73,CUST01659
2022-08-29 23:24:40,Tablet,West,481.6534435896086,7,19,CUST01660
2022-06-10 04:11:34,Tablet,East,521.3755848008019,6,29,CUST01661
2022-07-13 07:14:10,Tablet,Central,539.5838777744871,7,72,CUST01662
2023-09-05 16:03:35,Tablet,Central,586.4005175019261,6,38,CUST01663
2023-03-05 03:49:42,Smartwatch,West,771.6309850391739,1,79,CUST01664
2022-01-01 21:10:18,Headphones,South,434.2896621828509,3,29,CUST01665
2022-10-01 19:09:50,Headphones,South,480.81471372522475,2,62,CUST01666
2022-07-23 02:14:20,Smartphone,West,497.1147366321612,1,48,CUST01667
2022-03-06 13:44:39,Laptop,South,152.68319939515735,1,26,CUST01668
2023-05-30 22:16:21,Smartphone,North,416.7639695017001,4,32,CUST01669
2023-07-09 01:59:20,Smartphone,Central,426.5228865302245,1,49,CUST01670
2022-06-01 04:09:18,Smartphone,North,895.7154014012735,2,60,CUST01671
2022-12-12 03:56:20,Smartphone,North,538.7706028058333,1,26,CUST01672
2022-11-28 13:12:34,Headphones,Norti,574.0223478457829,6,41,CUST01673
2023-09-12 09:56:02,Laptop,West,279.70017100112284,4,25,CUST01674
2023-08-26 13:02:24,Smartphone,North,,8,79,CUST01675
2023-05-05 11:26:19,Headphones,East,640.4147966866374,5,69,CUST01676
2022-07-09 06:51:26,Smartphone,South,877.4969833690799,5,45,CUST01677
2022-04-13 13:22:15,Tablet,West,397.3553030894199,8,73,CUST01678
2022-10-10 22:05:21,Smartphone,East,227.6631065315728,6,35,CUST01679
2023-02-24 13:16:18,Smartphone,East,383.6948623120138,6,60,CUST01680
2023-03-14 07:27:27,Smartwatch,Central,384.3010787663956,3,54,CUST01681
2022-08-05 10:15:51,Tablet,Central,385.7034152440028,6,53,CUST01682
2022-06-24 19:51:41,Laptop,East,636.1260594455939,7,70,CUST01683
2023-04-15 15:11:27,Smartphone,Central,551.4176065735938,2,54,CUST01684
2023-08-17 20:41:27,Laptop,Souti,330.73718635204193,3,49,CUST01685
2023-05-11 20:48:45,Tablet,South,712.4304983125951,6,38,CUST01686
2022-04-15 03:15:54,Smartphone,Central,783.9554218105282,9,56,CUST01687
2023-04-19 10:57:19,Smartwatch,Norti,244.24868408923112,9,66,CUST01688
2022-11-23 00:37:23,Headphones,East,676.647197673949,8,46,CUST01689
2022-12-10 11:37:23,Smartwatch,South,474.4822887153162,8,35,CUST01690
2023-08-12 07:52:04,Smartwatch,Central,358.6980004822149,9,40,CUST01691
2022-01-23 17:02:45,Headphones,Central,281.72075063097145,9,50,CUST01692
2022-04-03 10:13:40,Headphones,Souti,432.082257254452,9,65,CUST01693
2022-01-08 01:46:53,Headphones,South,421.7216813154269,5,26,CUST01694
2023-08-15 10:33:02,Smartphone,North,522.1240441267001,6,61,CUST01695
2023-07-26 04:10:30,Laptop,Central,821.9064021010432,5,68,CUST01696
2022-10-11 21:16:31,Laptop,Central,423.8118010320403,1,60,CUST01697
2023-03-14 10:49:53,Headphones,West,289.0153635080399,4,55,CUST01698
2023-10-09 07:53:42,Smartwatch,North,450.4732137844718,1,21,CUST01699
2023-02-14 15:37:45,Tablet,South,656.3010491540401,1,33,CUST01700
2023-01-03 00:53:26,Headphones,South,462.8477812855249,3,20,CUST01701
2022-03-18 00:53:52,Smartwatch,East,597.7215870061267,7,25,CUST01702
2022-08-25 16:23:50,Smartwatch,South,525.4994062208261,1,33,CUST01703
2022-08-06 15:16:36,Smartphone,Central,509.17473247349864,7,78,CUST01704
2023-06-27 04:48:18,Smartphone,South,738.0838630738334,1,19,CUST01705
2023-10-29 05:04:47,Laptop,Central,,9,62,CUST01706
2023-04-21 06:02:36,Laptop,Centram,343.90106308742276,5,36,CUST01707
2022-03-13 18:50:58,Tablet,Norti,363.6809799206641,6,41,CUST01708
2022-09-02 09:40:51,Tablet,South,551.7983386205487,9,33,CUST01709
2022-04-25 08:41:00,Tablet,North,508.01476289831527,3,68,CUST01710
2022-02-10 19:38:57,Tablet,Central,606.5195044157713,3,57,CUST01711
2022-04-12 17:48:49,Smartwatch,South,488.5929216524125,5,72,CUST01712
2022-08-06 10:22:56,Smartwatch,South,470.6595856358359,7,19,CUST01713
2022-09-03 17:53:50,Laptop,North,549.3734826264831,3,49,CUST01714
2023-11-12 15:36:51,Smartphone,North,754.4687330366645,4,18,CUST01715
2023-01-20 19:12:10,Smartphone,Central,325.65625276987885,2,66,CUST01716
2023-04-14 10:35:21,Headphones,Central,361.9765528852674,9,35,CUST01717
2023-09-19 17:08:14,Smartwatch,South,506.16460278656746,9,56,CUST01718
2022-08-22 06:15:29,Tablet,South,804.8710491705993,2,49,CUST01719
2022-07-03 03:25:54,Tablet,West,339.252626949741,5,26,CUST01720
2023-08-28 23:18:46,Headphones,West,498.50070314332396,1,72,CUST01721
2022-05-29 01:01:42,Smartphone,East,368.38969760209767,8,20,CUST01722
2022-05-02 05:24:27,Tablet,Central,559.7268182022964,6,73,CUST01723
2022-05-06 17:49:07,Smartphone,East,190.3606591331867,2,41,CUST01724
2022-03-13 16:32:36,Headphones,East,344.5742417618324,2,74,CUST01725
2022-06-07 03:59:33,Smartphone,North,691.7516302483896,5,28,CUST01726
2023-02-13 02:20:47,Smartphone,North,501.39820066941,7,45,CUST01727
2022-09-15 02:39:25,Smartphone,West,388.1983557425319,9,33,CUST01728
2022-06-18 03:56:56,Tablet,Easu,493.12834335228797,9,46,CUST01729
2023-12-10 10:43:45,Laptop,West,490.5057111701302,6,58,CUST01730
2022-03-26 03:51:16,Smartwatch,Central,584.1212097741486,2,29,CUST01731
2023-10-19 23:00:59,Smartphone,South,188.6322852430108,6,63,CUST01732
2022-02-07 19:20:02,Smartphone,North,344.4999025771185,1,74,CUST01733
2023-06-29 11:48:03,Smartphone,Central,,2,21,CUST01734
2022-10-16 04:24:25,Laptop,Centram,594.4131870625146,3,43,CUST01735
2023-11-08 08:20:37,Headphones,North,499.05344545029044,5,21,CUST01736
2023-12-04 14:15:07,Tablet,North,716.0899838119084,1,28,CUST01737
2022-08-30 17:41:36,Laptop,East,624.3712220837579,5,19,CUST01738
2023-03-29 00:20:25,Smartphone,West,448.11429166939945,5,48,CUST01739
2022-06-12 21:09:49,Laptop,Central,492.56809733067183,4,73,CUST01740
2022-06-01 22:11:03,Laptop,East,694.0826962150518,3,67,CUST01741
2022-02-19 07:52:26,Laptop,East,714.9822275670911,7,20,CUST01742
2022-07-15 05:21:49,Headphones,Central,485.64807563654114,7,42,CUST01743
2022-04-26 02:26:30,Smartwatch,Central,352.24442965073393,1,51,CUST01744
2022-05-29 03:35:27,Tablet,South,184.87046899156684,7,18,CUST01745
2023-05-24 15:25:19,Headphones,West,184.83457396206097,3,22,CUST01746
2022-06-15 22:59:28,Headphones,Central,,3,56,CUST01747
2022-01-21 01:14:25,Smartwatch,North,567.7985151416777,6,69,CUST01748
2022-12-07 05:34:42,Headphones,South,398.69052695392054,6,48,CUST01749
2023-09-12 06:33:52,Laptop,West,695.2230416383992,4,53,CUST01750
2022-06-01 17:36:13,Laptop,North,468.9586010712334,5,76,CUST01751
2022-12-30 11:29:12,Smartphone,Norti,411.7403979146386,3,20,CUST01752
2023-06-01 04:50:47,Headphones,West,675.6742772182714,3,55,CUST01753
2023-07-19 00:07:29,Smartphone,South,655.7840837170301,9,29,CUST01754
2023-02-26 10:54:36,Tablet,North,492.2606169956355,5,78,CUST01755
2023-08-16 19:08:08,Laptop,East,577.6296444086988,1,33,CUST01756
2023-01-28 02:22:30,Tablet,West,596.5570594523933,9,25,CUST01757
2023-12-15 15:27:49,Smartwatch,West,826.2900318319826,6,28,CUST01758
2022-08-09 04:12:05,Laptop,Central,480.34693639362507,9,62,CUST01759
2022-12-05 06:57:46,Tablet,South,323.0192479178841,7,31,CUST01760
2022-01-02 08:25:39,Smartwatch,East,593.8217582265897,7,44,CUST01761
2022-12-28 16:51:37,Tablet,East,509.33226116427977,5,35,CUST01762
2023-05-16 08:13:45,Smartwatch,Central,516.8477539942479,7,71,CUST01763
2023-05-10 11:35:56,Smartwatch,North,495.31655617641945,4,25,CUST01764
2022-07-05 00:20:49,Laptop,North,261.30130899171917,6,50,CUST01765
2022-11-29 04:19:34,Smartphone,East,539.2068599052201,2,21,CUST01766
2023-07-17 03:59:32,Smartwatch,South,446.1265718508031,3,66,CUST01767
2022-05-18 11:34:34,Smartwatch,North,453.6397966645456,2,47,CUST01768
2023-05-17 06:31:33,Laptop,West,440.2734316563922,2,37,CUST01769
2023-02-05 02:36:01,Smartphone,Central,494.119821095337,7,47,CUST01770
2023-11-29 18:25:03,Headphones,South,539.0674887754277,5,44,CUST01771
2023-02-21 09:03:16,Headphones,North,495.60417249929327,6,42,CUST01772
2022-05-07 23:32:57,Smartphone,East,673.2222679270396,3,71,CUST01773
2023-11-28 18:18:11,Tablet,Central,613.4251699384731,5,23,CUST01774
2023-11-13 19:31:52,Laptop,North,489.0349946503747,5,22,CUST01775
2023-02-24 01:38:45,Smartphone,East,344.6936162132598,4,31,CUST01776
2022-08-21 09:57:53,Headphones,North,587.0792223376759,4,68,CUST01777
2022-12-30 00:49:20,Smartwatch,Central,452.7641642122684,8,31,CUST01778
2023-12-28 22:01:08,Headphones,West,474.3882367498005,6,51,CUST01779
2023-06-21 15:24:08,Smartwatch,West,302.19724086107095,2,58,CUST01780
2023-10-13 16:50:45,Laptop,East,562.0356224462905,2,42,CUST01781
2022-03-22 08:55:21,Smartwatch,West,889.0078618174027,2,56,CUST01782
2022-03-14 04:59:55,Smartphone,Central,424.05700523208884,6,35,CUST01783
2022-06-13 20:36:38,Smartwatch,East,593.3903507259231,1,37,CUST01784
2023-09-30 17:16:36,Tablet,North,686.8788621782518,3,60,CUST01785
2023-07-01 14:32:09,Smartphone,South,421.55343493052806,1,25,CUST01786
2023-08-14 20:06:44,Laptop,North,136.22162694840782,4,43,CUST01787
2023-11-12 05:24:42,Smartphone,Central,604.3267239895,1,71,CUST01788
2023-04-12 23:03:20,Tablet,East,511.8967214604211,9,38,CUST01789
2022-02-13 09:59:58,Laptop,Norti,,6,44,CUST01790
2023-12-23 13:09:25,Headphones,East,508.2343397772068,8,49,CUST01791
2023-10-30 20:04:42,Tablet,West,673.9705043991374,2,59,CUST01792
2022-07-02 02:15:03,Laptop,South,485.3715161477076,6,67,CUST01793
2022-02-06 07:42:25,Smartwatch,Central,825.6326607287644,4,34,CUST01794
2022-12-03 09:10:35,Smartphone,North,604.7073887472235,7,66,CUST01795
2023-02-07 13:21:48,Laptop,South,651.7227941849894,8,18,CUST01796
2023-03-13 18:54:48,Smartphone,Central,500.9854302631011,6,44,CUST01797
2023-05-08 01:47:32,Smartwatch,Central,546.6268258272913,1,71,CUST01798
2022-06-23 19:13:10,Laptop,West,246.5546818329452,8,53,CUST01799
2023-06-21 14:11:21,Headphones,East,413.4522098679354,1,28,CUST01800
2023-02-10 17:34:36,Tablet,East,661.6480944358078,9,58,CUST01801
2023-05-12 04:56:48,Laptop,South,489.9688543932727,2,58,CUST01802
2023-09-15 09:34:17,Smartwatch,West,331.268254191313,6,52,CUST01803
2023-11-15 20:08:52,Laptop,Central,397.3687137763863,8,55,CUST01804
2023-02-09 13:38:35,Smartphone,West,396.15762959214226,5,55,CUST01805
2022-09-20 18:53:49,Laptop,Wesu,494.16155687298607,2,59,CUST01806
2022-06-13 16:21:13,Headphones,South,374.86925498533003,5,59,CUST01807
2022-01-09 00:09:17,Laptop,East,713.4592413513128,1,66,CUST01808
2022-01-05 12:31:59,Tablet,West,531.2307663003256,8,64,CUST01809
2023-05-19 03:16:17,Laptop,West,290.672797044068,8,74,CUST01810
2023-05-14 18:16:27,Smartphone,West,730.4211052840664,2,53,CUST01811
2022-10-01 12:21:09,Laptop,North,493.13253260595735,6,71,CUST01812
2022-07-01 20:54:02,Headphones,West,575.8989599851981,8,27,CUST01813
2023-09-14 04:12:48,Smartwatch,West,546.0111964064142,8,77,CUST01814
2022-08-21 07:54:26,Laptop,Central,562.613304687441,7,57,CUST01815
2023-08-31 01:26:12,Laptop,North,448.47364563499156,3,18,CUST01816
2023-04-13 09:08:51,Tablet,West,549.6144339887619,4,73,CUST01817
2022-09-24 11:50:10,Headphones,West,477.6145077752421,1,39,CUST01818
2023-06-30 12:37:45,Smartwatch,South,554.315716498593,9,34,CUST01819
2022-10-13 19:40:12,Smartphone,South,472.1409303324275,2,29,CUST01820
2023-12-12 15:19:48,Laptop,North,456.4937468495805,7,61,CUST01821
2023-03-22 02:31:38,Smartwatch,Central,280.69507863648994,8,74,CUST01822
2023-01-06 00:43:19,Smartphone,North,499.2193348697493,4,30,CUST01823
2023-08-16 16:21:19,Headphones,North,,1,42,CUST01824
2023-04-06 11:59:31,Headphones,Souti,777.3311083223375,5,43,CUST01825
2022-01-15 17:01:36,Smartwatch,South,571.9049009957487,6,63,CUST01826
2022-05-19 08:05:14,Smartphone,Central,391.2976636385112,7,57,CUST01827
2022-01-13 06:20:22,Headphones,West,347.79835620654046,1,63,CUST01828
2022-02-21 04:26:15,Smartwatch,Central,540.1156820007692,4,56,CUST01829
2022-07-14 02:24:34,Headphones,West,388.2578510965334,5,66,CUST01830
2023-08-10 22:03:33,Headphones,East,,5,60,CUST01831
2022-12-29 21:42:57,Headphones,South,387.78108260761366,7,50,CUST01832
2022-10-27 11:21:26,Tablet,East,450.7119829552219,4,25,CUST01833
2023-01-04 21:47:26,Smartphone,East,610.4183498564938,7,30,CUST01834
2022-02-17 19:37:59,Smartwatch,South,201.52433103107177,8,43,CUST01835
2023-05-13 03:59:17,Smartwatch,East,694.1974886481037,2,73,CUST01836
2023-11-19 02:24:04,Smartphone,North,469.37957337653575,1,34,CUST01837
2023-08-11 08:17:36,Smartphone,West,404.8876478170994,1,41,CUST01838
2022-08-02 01:40:09,Smartphone,Centram,633.164038351196,1,41,CUST01839
2023-03-04 03:35:10,Smartphone,South,469.06248358298717,9,29,CUST01840
2023-09-02 15:34:43,Laptop,North,342.97157300653924,4,48,CUST01841
2022-10-14 12:34:26,Smartwatch,Central,271.724964132397,9,75,CUST01842
2022-03-08 00:16:34,Laptop,Central,604.316710458883,7,33,CUST01843
2023-10-29 08:23:15,Headphones,Central,,7,59,CUST01844
2022-08-15 05:19:38,Headphones,East,438.0427266747762,2,78,CUST01845
2022-05-13 02:56:16,Smartwatch,East,698.198729206996,2,33,CUST01846
2023-08-20 02:06:53,Headphones,East,505.37464166214903,5,47,CUST01847
2022-04-15 22:53:46,Smartphone,East,699.2007328657222,1,45,CUST01848
2022-06-03 17:54:52,Laptop,North,356.39485524257606,7,20,CUST01849
2023-11-30 06:53:30,Smartphone,East,338.0305781175639,7,50,CUST01850
2022-11-01 04:06:57,Headphones,South,422.95260444784896,8,68,CUST01851
2023-11-25 20:00:08,Laptop,Central,440.0653446409943,7,41,CUST01852
2022-09-20 19:52:57,Smartphone,North,672.6630290468015,8,47,CUST01853
2022-09-30 18:36:49,Smartwatch,East,544.0014635068361,3,57,CUST01854
2023-10-01 16:33:56,Smartphone,Central,386.11359771102144,3,65,CUST01855
2022-02-01 12:04:24,Headphones,North,501.6738367435358,8,45,CUST01856
2023-09-21 05:27:36,Laptop,Central,435.7922323777126,9,64,CUST01857
2023-01-23 06:01:11,Smartwatch,North,379.43628285049795,4,56,CUST01858
2023-04-15 04:52:32,Laptop,West,,8,19,CUST01859
2022-11-22 06:45:20,Smartwatch,North,471.37158342618966,1,30,CUST01860
2023-07-07 14:16:56,Laptop,Easu,385.14820730236374,2,54,CUST01861
2022-03-31 12:08:28,Headphones,Central,383.5453967806167,9,27,CUST01862
2022-02-14 20:35:54,Smartwatch,Central,622.1894864884682,2,57,CUST01863
2022-08-14 11:43:35,Tablet,Central,563.5123783137767,2,30,CUST01864
2023-10-06 20:44:25,Laptop,South,641.5503094410446,-8,36,CUST01865
2022-11-22 22:13:44,Laptop,South,457.4372355767435,5,23,CUST01866
2023-08-21 20:48:38,Smartphone,East,,5,35,CUST01867
2023-10-30 18:40:34,Smartwatch,West,413.9146794433735,6,57,CUST01868
2022-11-25 04:52:18,Tablet,South,654.0971008955007,8,26,CUST01869
2022-05-07 07:23:16,Headphones,Norti,259.939340220506,8,34,CUST01870
2022-04-27 06:59:55,Smartphone,East,716.7066326785067,9,21,CUST01871
2022-12-24 17:43:07,Tablet,West,333.4760534531996,3,71,CUST01872
2023-12-26 11:55:30,Smartwatch,North,616.9514773914332,9,79,CUST01873
2022-11-21 02:50:05,Tablet,Central,346.9312176186697,3,67,CUST01874
2022-09-19 04:02:45,Laptop,South,410.7247925139437,1,23,CUST01875
2023-08-25 18:37:21,Laptop,North,191.3784451243472,5,28,CUST01876
2023-04-10 11:31:23,Smartphone,West,778.0697841537194,7,72,CUST01877
2022-03-21 11:33:38,Smartwatch,Easu,586.2246125072961,3,71,CUST01878
2022-04-15 05:17:24,Smartwatch,North,,9,59,CUST01879
2023-10-31 22:54:35,Tablet,East,426.0698265992144,1,43,CUST01880
2023-06-09 16:54:18,Smartphone,Central,,6,28,CUST01881
2023-07-04 23:21:30,Smartwatch,West,616.4795910856681,6,25,CUST01882
2023-03-23 02:08:48,Laptop,West,319.53131123768196,8,70,CUST01883
2023-08-11 12:10:36,Tablet,South,474.9309709641196,3,20,CUST01884
2023-03-12 15:19:44,Headphones,West,312.3904825311923,5,19,CUST01885
2023-09-26 04:15:05,Laptop,North,518.5922669877999,5,35,CUST01886
2022-06-02 03:00:08,Smartphone,North,212.46308532930738,8,19,CUST01887
2023-02-27 19:47:02,Smartwatch,North,277.91318399584594,7,43,CUST01888
2022-10-10 03:20:16,Laptop,Central,371.02708185014257,3,29,CUST01889
2023-10-22 01:19:42,Headphones,West,592.212961115798,7,54,CUST01890
2023-03-03 12:35:23,Headphones,West,420.3023433107103,8,43,CUST01891
2023-06-14 11:04:29,Smartphone,North,647.5397484672054,5,53,CUST01892
2022-09-08 19:51:43,Laptop,South,725.1047416489197,5,33,CUST01893
2023-11-06 14:38:15,Tablet,South,453.7035305467559,1,31,CUST01894
2023-02-22 04:32:18,Laptop,West,278.2328869593753,8,19,CUST01895
2023-11-01 20:09:43,Headphones,West,644.8519934414072,6,38,CUST01896
2023-11-25 10:15:58,Smartphone,East,268.7650742217698,6,24,CUST01897
2023-04-27 12:01:24,Smartphone,West,364.510444234177,5,70,CUST01898
2023-03-26 04:10:56,Tablet,North,244.84035936104195,5,28,CUST01899
2022-05-06 22:25:26,Smartphone,Central,644.4747088031513,3,73,CUST01900
2022-09-24 02:45:56,Smartphone,West,585.8128523831635,3,61,CUST01901
2022-08-26 10:39:49,Smartphone,West,742.7428587436417,2,71,CUST01902
2023-09-01 00:50:23,Smartphone,North,433.8116585734896,9,46,CUST01903
2022-09-28 16:54:29,Smartphone,East,376.40372623838255,8,74,CUST01904
2023-08-11 21:55:19,Headphones,West,,3,75,CUST01905
2023-09-26 05:59:45,Laptop,South,300.0843837605342,5,54,CUST01906
2022-09-09 00:50:32,Smartwatch,South,714.2977670943342,5,73,CUST01907
2022-10-28 05:54:19,Smartphone,South,1006.4950862940921,8,65,CUST01908
2022-05-03 06:13:34,Smartwatch,Centram,391.4282303184438,6,79,CUST01909
2022-10-10 02:47:22,Smartwatch,Central,588.9047121362347,-7,71,CUST01910
2022-06-13 16:43:05,Headphones,West,476.6766311791413,5,56,CUST01911
2022-08-23 16:08:08,Smartphone,West,566.2610642252737,1,45,CUST01912
2022-11-23 01:35:40,Smartwatch,West,658.9548028706209,8,57,CUST01913
2023-11-11 09:55:37,Smartphone,Central,,4,21,CUST01914
2023-02-11 11:19:10,Tablet,West,428.2114172554111,5,21,CUST01915
2023-10-05 00:43:11,Tablet,North,680.4733339905025,1,44,CUST01916
2022-05-02 19:10:01,Tablet,East,576.325234181121,3,23,CUST01917
2023-05-20 00:00:15,Smartwatch,South,549.0979614091834,2,51,CUST01918
2022-06-17 16:31:02,Tablet,South,576.4525761119324,2,58,CUST01919
2023-03-09 11:55:02,Headphones,North,591.1837263824802,1,77,CUST01920
2023-03-20 23:47:37,Headphones,West,673.6645128105682,6,57,CUST01921
2022-09-28 16:24:52,Smartwatch,Central,613.066045749383,8,35,CUST01922
2022-08-10 17:07:33,Smartphone,West,492.39099852543814,3,77,CUST01923
2023-04-05 05:43:21,Laptop,West,552.95545753476,1,61,CUST01924
2022-01-18 15:21:42,Smartphone,South,489.8856505485875,2,65,CUST01925
2022-05-15 00:25:49,Smartphone,South,388.07844446924446,3,47,CUST01926
2023-07-09 03:34:38,Smartphone,Central,492.2558821967499,6,50,CUST01927
2023-05-09 03:20:20,Smartphone,South,482.9284171520913,3,75,CUST01928
2023-09-03 03:03:34,Laptop,West,245.2862063304464,9,37,CUST01929
2022-01-24 13:30:48,Tablet,North,616.2402439133075,1,79,CUST01930
2022-09-11 11:22:26,Smartphone,Central,641.6695168442933,7,76,CUST01931
2022-05-06 07:54:23,Headphones,North,581.5713359694869,8,53,CUST01932
2022-10-21 15:20:39,Smartwatch,West,632.7058729584281,9,63,CUST01933
2022-04-25 17:50:41,Smartwatch,Central,473.61362966726756,8,67,CUST01934
2022-12-03 08:44:06,Headphones,North,422.88888330492017,5,22,CUST01935
2023-12-02 12:13:16,Smartphone,Central,642.3358055595081,1,77,CUST01936
2022-09-29 15:03:45,Laptop,West,34118.248386121886,1,52,CUST01937
2023-06-16 09:07:42,Tablet,Central,335.9839361422163,8,36,CUST01938
2022-05-13 14:38:21,Smartwatch,West,,7,29,CUST01939
2023-02-03 01:27:15,Tablet,Central,563.114479653757,5,43,CUST01940
2022-02-09 17:43:02,Laptop,Central,639.5108688953346,3,77,CUST01941
2022-04-11 08:22:58,Smartwatch,South,243.43364748077607,9,36,CUST01942
2022-11-25 02:40:17,Tablet,West,485.3386638809751,4,69,CUST01943
2022-12-05 12:08:26,Laptop,East,330.4449918701862,6,28,CUST01944
2022-02-09 07:04:09,Tablet,Central,628.294131980347,4,70,CUST01945
2022-07-14 22:42:46,Smartphone,Norti,700.0623572941274,9,37,CUST01946
2022-10-14 05:07:28,Laptop,South,575.6743515282959,4,26,CUST01947
2023-04-20 08:27:57,Tablet,South,416.32282171198443,8,37,CUST01948
2022-05-06 06:20:14,Smartphone,Central,387.71222709900593,3,44,CUST01949
2022-09-22 13:41:43,Smartphone,East,,8,72,CUST01950
2023-07-14 16:18:42,Laptop,Souti,373.8313411741564,3,75,CUST01951
2023-11-18 02:39:39,Headphones,West,476.11382764820627,5,76,CUST01952
2023-07-11 08:26:35,Smartwatch,Central,387.3701874315425,1,22,CUST01953
2023-09-05 00:39:08,Laptop,Central,292.7526335310445,6,27,CUST01954
2023-12-20 11:20:01,Smartphone,East,557.096964191774,2,26,CUST01955
2023-05-13 00:29:54,Smartphone,West,568.6736031875998,3,42,CUST01956
2023-03-13 21:24:52,Laptop,West,754.9129988602535,1,30,CUST01957
2023-12-29 18:21:30,Headphones,East,435.0209375998617,6,78,CUST01958
2023-08-08 02:15:03,Smartwatch,North,216.4693015026606,5,78,CUST01959
2022-06-25 14:02:01,Tablet,West,622.2952133990307,2,49,CUST01960
2022-10-27 02:17:26,Laptop,North,639.1634382271293,8,25,CUST01961
2023-11-21 00:09:58,Smartwatch,Norti,671.3002457123523,9,71,CUST01962
2022-05-22 23:44:43,Smartwatch,Central,720.6986505073941,3,62,CUST01963
2023-05-09 12:16:38,Smartphone,Central,722.8296093526754,6,77,CUST01964
2022-05-19 16:59:58,Tablet,South,353.4835328250167,6,44,CUST01965
2022-12-20 00:59:35,Laptop,Central,732.2116332246295,6,39,CUST01966
2023-02-14 16:14:40,Smartphone,West,45079.47042771691,8,45,CUST01967
2022-12-22 12:03:15,Smartphone,West,619.7655241825476,5,35,CUST01968
2023-04-16 21:55:40,Headphones,North,538.9239081546269,8,40,CUST01969
2022-09-26 16:37:41,Smartwatch,West,354.0876343479824,3,58,CUST01970
2022-11-07 19:31:36,Laptop,Central,674.0537521184742,7,48,CUST01971
2022-06-23 00:42:52,Laptop,Central,431.58477264253315,1,58,CUST01972
2022-02-14 07:27:13,Laptop,Central,778.8161642858979,4,51,CUST01973
2022-08-14 20:08:00,Smartphone,East,385.5135202008828,5,74,CUST01974
2023-06-30 16:57:51,Headphones,West,349.3323287923297,7,24,CUST01975
2022-09-03 16:06:04,Tablet,South,400.5694085556397,6,22,CUST01976
2022-11-19 12:42:17,Smartphone,West,724.2801911643197,6,38,CUST01977
2022-03-24 18:52:27,Tablet,West,264.92000953592435,2,23,CUST01978
2023-12-08 08:34:05,Headphones,East,636.9599704154085,2,62,CUST01979
2023-07-14 13:01:53,Smartwatch,West,774.8540764047416,2,73,CUST01980
2023-03-13 05:55:02,Laptop,North,474.59274148121347,8,67,CUST01981
2023-03-15 08:05:54,Tablet,Central,441.037042431098,7,52,CUST01982
2023-06-18 02:04:25,Smartphone,Central,511.9843929444572,1,59,CUST01983
2022-10-24 14:05:21,Tablet,East,,9,40,CUST01984
2022-10-08 14:03:09,Smartwatch,Central,897.2396349353393,8,20,CUST01985
2022-01-12 19:22:34,Laptop,North,600.4715644505217,9,50,CUST01986
2023-11-07 22:56:12,Tablet,East,,4,55,CUST01987
2023-10-24 17:59:40,Smartwatch,Souti,378.92186459957423,5,40,CUST01988
2023-03-22 14:20:01,Smartphone,Central,526.8700685364486,5,33,CUST01989
2022-03-19 22:20:15,Headphones,West,305.8364741152539,9,42,CUST01990
2023-06-17 15:23:11,Smartphone,North,274.3518360368416,8,66,CUST01991
2022-04-05 20:36:50,Laptop,North,544.065212146916,6,76,CUST01992
2023-01-10 07:17:14,Smartphone,Central,,1,33,CUST01993
2023-11-06 00:39:02,Smartphone,South,637.2832943756631,7,42,CUST01994
2023-04-17 12:33:49,Smartphone,West,491.0393645280523,9,59,CUST01995
2022-12-13 01:46:27,Smartphone,South,458.8235888565846,4,24,CUST01996
2022-10-16 18:12:44,Laptop,South,507.75052833506504,4,25,CUST01997
2022-03-19 17:05:01,Smartwatch,Central,648.8190558135591,5,20,CUST01998
2023-06-02 21:38:56,Tablet,West,311.4847978310737,8,22,CUST01999
2023-07-17 00:29:16,Headphones,Central,383.3873536701212,5,36,CUST02000
2022-11-12 11:59:57,Tablet,Central,443.3351039911414,4,24,CUST02001
2023-07-08 01:23:00,Tablet,North,463.66409814813983,8,67,CUST02002
2023-07-03 08:52:59,Headphones,Central,,5,39,CUST02003
2022-05-05 13:08:08,Laptop,East,496.2645970455769,8,43,CUST02004
2022-05-11 20:20:31,Headphones,West,601.1037066244719,1,67,CUST02005
2023-12-12 23:05:27,Laptop,North,235.57756667356753,3,42,CUST02006
2022-10-29 08:12:27,Tablet,Wesu,259.7839921283198,7,23,CUST02007
2023-01-16 21:34:48,Laptop,North,400.22084473031805,1,22,CUST02008
2022-05-12 15:40:57,Smartwatch,East,629.5384033880148,5,55,CUST02009
2023-11-06 18:49:01,Headphones,Central,402.20753317166833,6,78,CUST02010
2023-07-27 12:03:36,Smartwatch,North,493.83766410885727,1,77,CUST02011
2023-02-14 21:13:34,Tablet,North,519.2210634518016,7,55,CUST02012
2022-12-09 17:05:23,Headphones,North,547.4145133190941,9,39,CUST02013
2022-06-09 10:27:16,Tablet,East,734.6862668299501,9,48,CUST02014
2023-11-04 04:08:32,Smartwatch,West,,3,75,CUST02015
2022-08-07 19:58:21,Tablet,East,649.6194713579338,4,39,CUST02016
2022-06-16 08:22:08,Headphones,North,480.9805438818941,1,74,CUST02017
2022-02-24 15:17:22,Headphones,Norti,721.025578254488,4,72,CUST02018
2023-12-07 04:16:44,Tablet,Central,510.7411493400834,5,28,CUST02019
2023-06-25 10:59:25,Headphones,Easu,206.70197062565128,7,49,CUST02020
2022-01-07 08:33:59,Headphones,East,868.7579994241498,5,34,CUST02021
2022-10-25 17:08:45,Tablet,South,506.9273903285412,8,75,CUST02022
2023-03-27 23:06:25,Smartwatch,West,579.4658752422757,7,58,CUST02023
2023-09-10 19:33:37,Headphones,Souti,339.70858064224973,1,39,CUST02024
2023-06-30 23:52:04,Headphones,South,829.5679173658195,2,33,CUST02025
2023-06-24 00:26:00,Headphones,West,381.0119127979173,7,59,CUST02026
2023-08-02 15:50:07,Headphones,Central,442.2129784860519,3,32,CUST02027
2022-04-22 19:04:32,Tablet,Central,270.63581496314987,2,25,CUST02028
2022-07-23 06:29:08,Smartwatch,West,554.6866544041637,9,63,CUST02029
2022-06-16 09:35:41,Smartwatch,West,457.77269310943416,8,65,CUST02030
2023-11-20 12:30:06,Laptop,East,268.46087173369426,8,68,CUST02031
2022-10-21 04:44:56,Headphones,East,489.86436083170287,3,20,CUST02032
2022-01-05 14:28:30,Headphones,East,514.2192439514107,9,30,CUST02033
2023-04-09 15:07:28,Laptop,East,462.878598793852,8,47,CUST02034
2022-02-19 23:10:48,Smartwatch,North,226.86680368142908,2,45,CUST02035
2023-01-22 08:41:59,Smartphone,North,543.6193710844635,7,26,CUST02036
2022-06-13 13:57:14,Smartphone,Centram,309.85395550297943,8,29,CUST02037
2023-09-12 10:46:17,Smartwatch,North,63338.255240718005,7,42,CUST02038
2022-02-25 09:25:56,Headphones,North,,9,54,CUST02039
2022-09-11 06:35:40,Smartphone,East,639.1428335922931,7,38,CUST02040
2023-03-23 12:43:16,Tablet,East,,7,68,CUST02041
2023-07-16 00:43:22,Tablet,West,509.80922306524303,1,56,CUST02042
2023-06-03 10:33:31,Laptop,East,691.4446084298911,2,56,CUST02043
2023-07-18 06:08:05,Smartwatch,West,377.71015634606283,5,36,CUST02044
2023-11-07 02:10:46,Smartwatch,West,335.63391003350785,1,25,CUST02045
2022-07-24 17:19:51,Smartphone,North,583.3552609309374,7,55,CUST02046
2023-04-03 06:48:30,Headphones,Easu,302.89267352658516,5,20,CUST02047
2022-12-26 12:08:13,Smartwatch,North,380.1831915952622,5,39,CUST02048
2022-12-17 09:07:35,Smartphone,East,263.1257579866331,8,18,CUST02049
2023-12-11 16:32:10,Smartphone,North,672.773384332907,9,55,CUST02050
2023-10-14 03:40:45,Smartwatch,North,349.59873864788904,1,72,CUST02051
2022-07-20 15:35:40,Smartphone,North,401.8580936055129,4,69,CUST02052
2022-08-28 02:26:41,Laptop,Central,306.4921261326263,2,69,CUST02053
2023-06-21 01:44:56,Laptop,North,442.1868040757277,9,36,CUST02054
2023-03-23 06:57:10,Smartwatch,South,478.55834531917526,9,38,CUST02055
2022-12-04 17:06:59,Headphones,South,623.896558465551,1,77,CUST02056
2022-05-04 14:24:03,Laptop,South,301.70655171045087,3,30,CUST02057
2023-10-05 08:11:38,Laptop,West,409.86171006195264,8,44,CUST02058
2023-06-29 14:05:59,Smartwatch,North,,2,34,CUST02059
2022-09-18 01:44:51,Tablet,South,656.158970741496,2,71,CUST02060
2023-04-28 05:25:48,Smartphone,West,398.3292086379094,2,67,CUST02061
2023-03-25 11:15:10,Laptop,South,492.57902970145415,5,37,CUST02062
2023-08-11 12:51:01,Tablet,East,795.2052858962273,9,47,CUST02063
2023-11-27 06:53:40,Headphones,Central,320.90265949362566,7,55,CUST02064
2022-05-06 03:30:58,Tablet,North,211.8108488374798,7,28,CUST02065
2023-09-23 17:59:08,Smartwatch,Central,419.58584863727015,2,44,CUST02066
2023-06-30 00:16:45,Headphones,Central,487.4933165615138,2,55,CUST02067
2023-08-16 12:53:29,Headphones,East,379.67068168953404,5,45,CUST02068
2022-01-04 11:56:26,Tablet,East,646.536490012476,7,43,CUST02069
2022-08-20 07:16:49,Smartwatch,East,531.5983535047268,7,56,CUST02070
2023-03-28 21:31:36,Laptop,West,409.33583480532604,9,50,CUST02071
2022-03-28 07:23:05,Tablet,South,419.15195174373366,3,77,CUST02072
2022-09-30 12:12:24,Laptop,North,388.04781599046794,1,49,CUST02073
2023-12-25 22:38:40,Tablet,East,624.4600821481054,9,71,CUST02074
2022-07-26 01:29:29,Laptop,North,429.11990220769627,1,42,CUST02075
2023-11-25 22:17:38,Tablet,North,321.0634281100128,8,41,CUST02076
2023-11-13 07:32:07,Headphones,North,644.2852070771004,5,57,CUST02077
2022-11-13 21:58:29,Smartphone,East,458.53962751429987,8,44,CUST02078
2022-07-13 14:32:36,Headphones,East,296.0150220313705,7,63,CUST02079
2023-06-30 04:56:36,Laptop,South,756.9232579799137,9,39,CUST02080
2022-08-26 12:16:53,Smartwatch,East,591.5820404946032,2,37,CUST02081
2022-01-18 12:42:22,Headphones,East,506.93735930982524,9,50,CUST02082
2023-10-19 03:02:46,Smartphone,North,468.2230916691854,5,22,CUST02083
2023-03-13 17:58:08,Laptop,South,457.94904389861296,5,46,CUST02084
2022-05-12 00:06:32,Headphones,Centram,454.88920106999524,1,22,CUST02085
2022-10-20 03:52:02,Tablet,East,458.9639684733465,6,63,CUST02086
2022-06-25 04:22:43,Smartwatch,East,411.54420582331556,3,56,CUST02087
2023-06-08 14:08:57,Laptop,Central,484.49753343747096,3,34,CUST02088
2023-04-13 14:23:44,Headphones,North,408.57827112358893,3,46,CUST02089
2022-04-11 10:15:24,Laptop,South,533.5181429208525,4,28,CUST02090
2023-05-24 16:53:14,Tablet,Norti,496.4784384216831,9,39,CUST02091
2022-10-07 05:21:45,Smartphone,West,394.9288340397906,8,48,CUST02092
2023-02-14 12:53:05,Headphones,East,486.97689360680647,6,56,CUST02093
2022-12-05 14:14:41,Laptop,West,581.4408893007331,8,18,CUST02094
2023-02-28 13:29:33,Laptop,East,161.5379152474982,8,32,CUST02095
2023-08-18 13:45:52,Laptop,West,586.7297461680629,1,36,CUST02096
2023-10-22 16:48:23,Smartphone,Central,316.04295923652694,9,27,CUST02097
2022-12-05 14:00:34,Laptop,East,431.1674786141344,1,26,CUST02098
2022-06-15 16:34:39,Smartwatch,East,75.54765441388031,2,30,CUST02099
2023-05-25 19:34:58,Smartwatch,West,584.8492565847762,9,73,CUST02100
2022-10-10 21:06:45,Laptop,South,388.9645984257557,7,62,CUST02101
2023-11-06 04:33:16,Smartwatch,West,425.0284486966391,1,79,CUST02102
2022-09-09 21:53:59,Headphones,East,513.5990199671261,3,43,CUST02103
2023-11-02 22:04:44,Smartwatch,East,204.37987758601878,1,23,CUST02104
2022-10-12 13:30:22,Laptop,South,509.30873970580944,5,57,CUST02105
2022-06-29 17:03:20,Tablet,North,597.2369815051112,4,61,CUST02106
2022-08-02 13:50:59,Headphones,South,526.1302013538607,8,19,CUST02107
2022-04-08 11:48:29,Smartphone,North,440.9224195815315,9,46,CUST02108
2022-02-07 08:57:08,Laptop,East,506.1729689604746,4,65,CUST02109
2023-10-27 05:17:21,Smartphone,Central,488.67614428304967,3,78,CUST02110
2022-08-03 02:33:46,Tablet,Central,613.7803610157647,4,29,CUST02111
2022-05-03 07:55:20,Smartphone,Wesu,688.2515325295251,3,40,CUST02112
2022-01-28 01:56:07,Laptop,South,438.37498601417497,6,67,CUST02113
2022-12-31 14:15:22,Laptop,South,534.729174545071,1,20,CUST02114
2022-08-13 10:30:51,Tablet,Central,399.86256544115747,2,67,CUST02115
2023-01-30 01:04:28,Laptop,North,562.5061729461457,8,28,CUST02116
2023-11-15 10:06:00,Tablet,South,569.0186437457255,3,22,CUST02117
2023-10-15 12:42:42,Tablet,North,474.98090714306846,4,62,CUST02118
2022-05-06 14:13:44,Laptop,North,,1,27,CUST02119
2023-02-24 17:31:13,Smartwatch,North,500.4789272589579,3,70,CUST02120
2022-05-17 20:00:11,Tablet,North,492.79027343392784,1,71,CUST02121
2022-07-27 09:49:29,Laptop,West,367.94529299501073,5,64,CUST02122
2023-09-21 09:23:20,Smartwatch,West,525.7944234287652,1,23,CUST02123
2022-02-16 01:11:42,Tablet,Central,413.31267110413586,9,33,CUST02124
2023-12-28 14:43:51,Smartwatch,West,630.4522646630622,7,48,CUST02125
2023-04-28 21:50:16,Headphones,South,373.5199603567004,8,40,CUST02126
2022-07-17 23:08:52,Headphones,West,540.3259585337672,9,47,CUST02127
2022-02-11 15:21:46,Smartwatch,South,460.90653032926457,8,57,CUST02128
2023-03-17 12:29:46,Tablet,South,539.9482362952047,3,37,CUST02129
2022-01-08 00:10:09,Laptop,North,491.2549306605392,7,42,CUST02130
2022-04-20 12:32:23,Smartphone,Central,377.2996624520276,7,52,CUST02131
2022-05-12 16:29:47,Laptop,North,664.0677895291166,7,22,CUST02132
2023-10-24 19:38:54,Smartphone,North,366.9246726642495,8,64,CUST02133
2022-09-10 15:13:41,Smartphone,West,596.3861433731993,4,20,CUST02134
2023-04-30 20:42:47,Tablet,West,245.24302105324023,6,64,CUST02135
2023-02-13 08:02:02,Smartwatch,South,456.6616981155877,2,51,CUST02136
2022-08-21 03:39:48,Laptop,West,729.3779185206051,7,29,CUST02137
2022-04-05 21:01:35,Smartwatch,West,458.6827301952786,9,44,CUST02138
2023-07-26 16:54:49,Headphones,East,514.4709231701314,5,22,CUST02139
2022-03-09 05:37:21,Tablet,South,740.3916157818729,4,58,CUST02140
2022-05-26 05:08:21,Tablet,South,478.5765428060876,2,39,CUST02141
2023-03-24 05:48:20,Headphones,East,538.8509238884976,7,21,CUST02142
2022-03-13 05:52:59,Laptop,South,,2,72,CUST02143
2022-01-05 15:58:39,Headphones,Central,293.0461028100649,2,75,CUST02144
2023-07-20 21:21:16,Laptop,Central,427.1732223050845,9,70,CUST02145
2022-07-11 15:07:07,Smartphone,East,,2,45,CUST02146
2023-11-09 14:14:28,Tablet,West,260.6213030050211,3,24,CUST02147
2022-12-19 23:01:32,Laptop,Central,705.4706817788888,3,65,CUST02148
2023-01-06 16:26:56,Smartwatch,East,,2,62,CUST02149
2023-12-29 20:37:05,Smartwatch,Central,591.122534002521,3,51,CUST02150
2023-06-20 10:55:35,Tablet,North,697.9994672779509,9,19,CUST02151
2023-01-29 00:32:44,Headphones,East,608.4868970625797,3,26,CUST02152
2023-08-12 09:35:27,Headphones,South,,5,32,CUST02153
2022-01-23 13:40:13,Laptop,Central,255.16346159069474,7,48,CUST02154
2023-12-12 00:01:32,Headphones,South,397.8182147493403,1,53,CUST02155
2022-01-14 02:37:38,Tablet,East,402.16440003912726,1,66,CUST02156
2023-08-29 12:27:37,Laptop,Central,592.8182465204189,2,58,CUST02157
2023-03-15 09:24:18,Smartphone,South,512.1341637472573,1,32,CUST02158
2022-07-21 18:49:27,Headphones,West,265.1790256528762,1,50,CUST02159
2022-10-19 09:38:47,Headphones,West,629.7698136739974,4,79,CUST02160
2022-11-02 06:40:33,Laptop,North,699.4045986821613,3,48,CUST02161
2023-09-15 19:33:59,Smartwatch,East,721.3308431252915,1,44,CUST02162
2022-06-10 15:52:58,Headphones,South,330.5108477869893,3,19,CUST02163
2022-09-12 09:52:12,Tablet,North,548.2355348979017,1,26,CUST02164
2022-03-11 18:09:48,Headphones,East,349.04446054789923,3,60,CUST02165
2022-06-30 10:44:21,Smartphone,West,790.8777051068987,4,68,CUST02166
2022-10-08 03:11:19,Headphones,South,,8,76,CUST02167
2022-01-28 09:23:30,Smartwatch,Central,444.4720320912084,3,18,CUST02168
2023-03-13 17:52:15,Headphones,West,416.8677570969734,3,36,CUST02169
2022-04-20 10:53:27,Laptop,Central,550.1052693434738,9,26,CUST02170
2023-06-27 08:46:19,Headphones,Central,577.3421451178144,9,77,CUST02171
2022-12-06 14:34:08,Smartwatch,South,25279.144949019246,6,19,CUST02172
2022-02-24 05:12:26,Laptop,South,709.5295839578457,4,54,CUST02173
2023-01-29 15:58:50,Tablet,Central,570.6369595336928,5,66,CUST02174
2022-07-26 07:15:59,Laptop,North,708.3236621217482,9,75,CUST02175
2022-09-18 09:08:56,Smartphone,Central,756.6059979250504,1,18,CUST02176
2022-10-20 11:44:12,Laptop,Central,485.0878566026297,7,63,CUST02177
2023-03-18 20:11:22,Tablet,South,628.5360587276494,7,29,CUST02178
2022-08-03 12:01:48,Headphones,East,413.63248559854867,1,72,CUST02179
2023-05-11 16:24:56,Laptop,West,429.84236851738376,1,43,CUST02180
2023-02-13 09:17:40,Laptop,South,,9,27,CUST02181
2023-02-15 21:27:05,Laptop,North,389.13443751461955,7,68,CUST02182
2023-08-24 16:52:51,Laptop,West,529.4703126543891,4,64,CUST02183
2023-04-05 03:25:50,Tablet,South,363.8364968788449,9,18,CUST02184
2023-07-26 04:59:06,Smartwatch,South,401.6592039730819,5,18,CUST02185
2022-05-16 01:04:37,Smartwatch,East,424.23188219306076,3,78,CUST02186
2022-03-27 13:52:59,Laptop,North,717.07187418054,2,60,CUST02187
2022-04-28 01:44:38,Tablet,North,577.0652501602657,9,48,CUST02188
2022-11-26 22:24:04,Tablet,South,,4,28,CUST02189
2022-10-19 20:04:58,Laptop,East,228.976580323972,7,22,CUST02190
2023-02-12 03:23:24,Smartphone,South,505.19726551395297,1,52,CUST02191
2023-09-12 19:32:09,Laptop,Central,442.6258009905456,9,28,CUST02192
2023-09-06 16:10:32,Smartphone,Central,573.8484595868512,9,21,CUST02193
2023-11-09 04:00:50,Laptop,East,860.9788802873313,6,55,CUST02194
2022-07-22 09:27:58,Smartphone,South,141.41632924696367,6,67,CUST02195
2023-10-24 23:30:30,Smartphone,East,559.9173713294161,6,56,CUST02196
2022-09-13 18:25:45,Laptop,Souti,830.7178413681725,5,38,CUST02197
2022-07-12 08:55:37,Smartphone,South,423.53182296942737,1,73,CUST02198
2023-01-06 04:31:27,Headphones,Central,522.4758580722032,4,53,CUST02199
2022-12-14 15:59:38,Smartwatch,West,601.4854892584374,1,63,CUST02200
2023-05-06 21:31:32,Tablet,North,176.61638911604348,5,45,CUST02201
2023-03-31 00:23:57,Smartphone,North,539.9276496706207,4,25,CUST02202
2022-05-02 20:31:34,Smartphone,Easu,380.89029044853095,8,37,CUST02203
2022-08-13 04:31:26,Tablet,North,807.1653185880181,1,60,CUST02204
2022-02-25 16:20:33,Smartphone,Central,468.89431895956466,8,79,CUST02205
2022-09-29 18:24:35,Tablet,West,393.44896449963574,8,63,CUST02206
2023-04-08 15:21:37,Laptop,South,626.9947431549733,1,38,CUST02207
2022-07-19 07:07:57,Headphones,South,573.2019073102801,9,52,CUST02208
2022-11-26 20:49:16,Headphones,Central,634.3901908052485,9,60,CUST02209
2023-01-07 05:21:32,Smartwatch,North,786.5635760560888,6,49,CUST02210
2023-03-08 21:35:07,Smartphone,South,412.2189002841494,1,53,CUST02211
2022-11-14 10:38:30,Smartwatch,North,,7,58,CUST02212
2022-10-08 00:16:01,Laptop,Centram,781.6172053939193,7,22,CUST02213
2022-10-15 17:31:11,Headphones,South,384.7248570050384,9,62,CUST02214
2022-10-24 22:19:56,Laptop,East,399.2534317796071,1,69,CUST02215
2023-01-11 09:47:25,Laptop,West,,8,21,CUST02216
2023-11-24 15:24:10,Smartphone,North,470.04840472153035,8,24,CUST02217
2023-09-11 04:56:16,Laptop,North,756.3582774985373,7,51,CUST02218
2023-10-07 16:59:20,Headphones,North,370.41129442618575,6,37,CUST02219
2022-12-05 16:51:28,Smartwatch,North,536.6988244496612,1,68,CUST02220
2022-11-18 13:38:47,Headphones,Central,385.1770318795893,8,24,CUST02221
2023-05-03 08:07:58,Smartphone,Centram,516.2702217258142,5,69,CUST02222
2022-03-26 06:38:25,Headphones,Central,821.2546996045729,4,41,CUST02223
2023-03-24 16:13:47,Tablet,Central,773.4561875908867,5,38,CUST02224
2023-03-27 23:48:15,Smartwatch,South,556.778729536783,5,74,CUST02225
2023-03-11 05:42:47,Tablet,Central,594.4654520955804,3,26,CUST02226
2022-11-04 04:19:56,Tablet,Souti,570.7235267673448,4,36,CUST02227
2023-12-08 21:35:30,Smartphone,East,454.39921218169457,4,74,CUST02228
2022-06-21 10:29:03,Laptop,Central,787.4822505001575,8,37,CUST02229
2023-10-20 16:45:57,Tablet,East,697.9325938177051,5,74,CUST02230
2022-04-15 00:58:58,Headphones,Central,535.1559145007606,6,45,CUST02231
2023-07-03 04:48:29,Laptop,East,,2,49,CUST02232
2022-05-20 07:46:14,Headphones,West,477.2063156663252,9,79,CUST02233
2023-05-13 22:14:33,Headphones,East,550.8162235849413,8,51,CUST02234
2023-05-31 06:51:20,Laptop,South,494.74285815169793,8,70,CUST02235
2023-05-06 11:47:43,Laptop,North,670.9263627805746,5,33,CUST02236
2023-08-20 08:22:57,Headphones,East,,5,55,CUST02237
2023-11-15 09:00:46,Smartphone,North,356.93828247334636,3,68,CUST02238
2022-03-17 20:50:35,Smartwatch,West,328.0077527404562,2,67,CUST02239
2023-01-14 21:16:43,Smartwatch,West,648.6199078226153,9,34,CUST02240
2023-01-14 21:46:54,Smartphone,South,326.54946507098845,6,28,CUST02241
2023-05-20 17:07:41,Laptop,South,447.7084881735554,8,72,CUST02242
2022-07-03 20:52:52,Headphones,East,434.05628501984273,4,21,CUST02243
2023-03-12 10:45:48,Smartwatch,Central,,5,73,CUST02244
2023-01-11 15:49:41,Headphones,West,546.5312204367746,5,57,CUST02245
2022-04-04 09:06:27,Smartphone,North,481.4276986106595,4,73,CUST02246
2022-01-20 04:11:11,Headphones,Central,404.32763503417505,2,67,CUST02247
2022-09-17 22:34:11,Smartphone,West,812.7780452596371,6,62,CUST02248
2022-09-23 07:21:21,Laptop,East,135.36010294767598,4,70,CUST02249
2023-05-03 01:20:03,Smartphone,West,370.4952857347061,4,57,CUST02250
2023-07-23 05:51:22,Smartphone,South,413.4878261796684,3,59,CUST02251
2023-05-19 10:41:03,Smartwatch,North,296.2434097243938,8,35,CUST02252
2022-09-08 21:24:32,Headphones,North,838.6861548202976,6,67,CUST02253
2022-09-24 09:53:15,Smartwatch,South,837.1035363274391,9,66,CUST02254
2022-08-30 02:59:33,Tablet,Central,397.33107658782524,5,65,CUST02255
2022-09-28 18:31:44,Smartphone,South,690.3104685694659,6,23,CUST02256
2022-07-21 02:25:13,Tablet,North,589.4812496306712,9,63,CUST02257
2022-08-28 19:07:33,Smartwatch,East,748.4172339320536,4,49,CUST02258
2022-04-17 00:50:08,Headphones,Central,483.9192931852777,7,79,CUST02259
2023-07-04 01:44:53,Smartwatch,West,564.7412784314896,6,22,CUST02260
2023-07-28 16:22:49,Headphones,East,710.3819033330875,6,32,CUST02261
2023-08-30 04:30:47,Headphones,Central,687.439239985568,6,62,CUST02262
2023-12-22 09:40:10,Laptop,North,522.7452169112261,4,33,CUST02263
2023-03-07 17:20:17,Smartphone,North,358.6136852013505,6,65,CUST02264
2023-08-28 13:35:45,Smartwatch,East,385.4964629775386,7,34,CUST02265
2022-10-14 23:53:49,Headphones,Central,222.62233606008343,2,76,CUST02266
2022-08-24 13:48:47,Smartwatch,West,618.0901499044498,9,73,CUST02267
2022-07-27 15:39:26,Smartwatch,West,531.8245919435018,7,73,CUST02268
2022-01-07 08:32:28,Headphones,South,543.3895640324846,3,54,CUST02269
2023-02-25 11:08:59,Tablet,East,496.22507188910186,7,60,CUST02270
2022-12-12 10:03:38,Smartphone,Central,328.49754023608597,5,32,CUST02271
2022-09-10 20:06:58,Smartphone,East,546.892568520164,9,52,CUST02272
2022-02-02 02:32:19,Laptop,West,590.78765880364,6,25,CUST02273
2023-02-15 18:22:52,Laptop,Central,369.77374710910016,7,52,CUST02274
2023-03-05 02:49:47,Laptop,North,495.7477366910607,4,78,CUST02275
2023-03-22 11:59:02,Smartphone,North,402.7476981486867,2,53,CUST02276
2022-06-05 09:38:36,Tablet,Central,467.6687182294664,4,44,CUST02277
2022-11-20 01:04:10,Smartphone,East,329.6901072219712,9,31,CUST02278
2023-03-25 00:51:44,Smartphone,Easu,459.7703554112883,3,72,CUST02279
2023-07-07 07:00:21,Smartphone,North,744.1078871886867,7,40,CUST02280
2023-09-12 07:36:14,Smartphone,North,424.7129745292006,4,37,CUST02281
2022-08-01 04:08:46,Tablet,West,397.86232890179514,3,74,CUST02282
2022-11-09 11:03:59,Laptop,Centram,407.28237212623935,5,23,CUST02283
2022-08-26 17:38:58,Smartwatch,East,,2,41,CUST02284
2022-05-05 17:03:06,Laptop,West,768.848199648867,4,40,CUST02285
2023-07-22 17:02:49,Laptop,East,710.8548517965178,7,53,CUST02286
2022-02-21 04:13:10,Smartwatch,North,478.4869964647255,2,29,CUST02287
2023-02-22 16:49:29,Smartphone,Central,403.57708536212874,6,19,CUST02288
2022-05-14 15:14:41,Tablet,South,235.8529670236442,5,44,CUST02289
2023-02-02 18:21:33,Tablet,Central,,3,49,CUST02290
2023-09-26 18:44:44,Laptop,South,203.81873239829284,5,46,CUST02291
2022-12-05 05:02:59,Smartwatch,West,611.0175982521681,7,67,CUST02292
2022-08-03 01:37:20,Headphones,South,700.3334267446858,3,63,CUST02293
2023-02-24 17:37:38,Smartphone,South,443.715327306807,8,57,CUST02294
2023-11-22 07:51:40,Laptop,West,557.5842049766612,7,57,CUST02295
2023-06-04 22:59:52,Tablet,Central,336.65185821917095,4,61,CUST02296
2023-01-02 13:18:30,Smartwatch,West,209.01710317910596,5,50,CUST02297
2023-07-21 15:38:54,Smartwatch,North,508.35114597450894,4,46,CUST02298
2023-11-06 01:10:14,Laptop,Norti,557.5013209557692,2,50,CUST02299
2023-10-30 03:35:56,Headphones,South,755.5960657598051,9,53,CUST02300
2022-11-04 07:41:16,Tablet,West,809.477512897337,1,34,CUST02301
2022-03-16 12:53:30,Laptop,West,458.2147852064769,8,27,CUST02302
2022-04-11 09:29:23,Headphones,West,636.8172165658489,4,18,CUST02303
2023-08-11 16:23:59,Smartwatch,Central,547.2635350204362,9,75,CUST02304
2022-07-31 13:39:13,Smartphone,East,500.3406905548274,3,60,CUST02305
2022-12-24 19:17:02,Tablet,East,494.3783857959562,7,70,CUST02306
2023-03-05 17:11:41,Tablet,East,478.25758243661295,3,34,CUST02307
2023-07-16 21:49:07,Headphones,Central,484.71134345414214,7,59,CUST02308
2023-11-22 06:54:13,Laptop,West,748.4920572060885,2,45,CUST02309
2022-11-11 22:06:02,Smartwatch,East,532.1867530568329,3,55,CUST02310
2023-01-15 12:20:42,Headphones,West,761.2792432085062,8,53,CUST02311
2023-03-08 10:49:38,Smartphone,South,365.2535851614944,7,75,CUST02312
2023-10-27 07:20:48,Smartphone,East,75.09013035504792,3,62,CUST02313
2023-05-18 15:40:45,Smartphone,South,430.5658326715968,8,44,CUST02314
2023-06-03 14:55:39,Headphones,Central,374.5925898351633,9,60,CUST02315
2022-01-03 14:24:55,Smartwatch,North,275.9632152311049,2,54,CUST02316
2023-06-04 23:01:47,Tablet,Central,695.0975306553863,2,63,CUST02317
2023-09-15 09:01:16,Laptop,Central,299.54124075148786,7,42,CUST02318
2022-11-01 00:34:28,Tablet,Central,587.417878104818,8,51,CUST02319
2022-06-12 18:38:38,Smartwatch,East,802.1291483531774,5,20,CUST02320
2023-11-01 23:03:43,Tablet,South,327.512837824875,2,46,CUST02321
2023-11-08 13:28:04,Headphones,East,465.35939938261174,5,52,CUST02322
2023-11-04 09:04:58,Smartphone,North,702.9062247045644,3,60,CUST02323
2023-07-21 11:19:47,Smartwatch,Central,437.6901150747505,9,58,CUST02324
2022-12-13 10:48:37,Smartwatch,West,549.8584233583189,2,68,CUST02325
2023-05-17 18:42:26,Tablet,Norti,595.8941131583147,9,27,CUST02326
2023-03-04 00:30:48,Headphones,South,526.0392224667088,2,70,CUST02327
2022-08-27 13:08:20,Tablet,North,432.7530087434413,1,55,CUST02328
2022-06-03 07:21:36,Tablet,East,382.8679383643013,6,71,CUST02329
2023-02-14 17:58:17,Smartwatch,West,335.7829714971574,6,55,CUST02330
2022-06-22 16:53:15,Tablet,East,589.4770722157907,4,18,CUST02331
2022-10-09 23:45:41,Smartphone,Central,401.3171223968946,2,71,CUST02332
2023-07-11 23:36:46,Tablet,Central,679.3964335041471,3,18,CUST02333
2023-07-24 18:42:41,Smartphone,North,738.3750864862456,6,49,CUST02334
2023-05-12 02:15:24,Smartwatch,Central,326.47818565205284,4,39,CUST02335
2023-10-02 05:33:22,Headphones,Centram,610.7288773820911,5,78,CUST02336
2023-03-11 20:32:48,Smartphone,South,808.8478543691505,9,75,CUST02337
2023-07-03 21:24:40,Headphones,South,371.6999895820963,5,71,CUST02338
2023-08-10 12:48:23,Headphones,East,680.0962923858888,8,36,CUST02339
2023-03-31 21:58:35,Smartphone,East,584.289603992528,2,52,CUST02340
2022-01-13 10:36:01,Smartwatch,South,644.0726618441136,6,23,CUST02341
2022-09-05 17:14:54,Laptop,North,386.53940130984165,6,51,CUST02342
2022-05-19 07:36:11,Headphones,South,785.7777365335385,5,32,CUST02343
2022-08-10 16:52:31,Headphones,East,399.5494310394404,6,61,CUST02344
2023-08-19 16:02:34,Smartwatch,Wesu,596.0966263644237,5,70,CUST02345
2022-05-29 22:03:39,Smartwatch,Central,490.5146640098815,2,59,CUST02346
2023-11-10 13:42:05,Tablet,West,580.4979809416,5,68,CUST02347
2022-01-29 15:29:28,Smartwatch,West,352.4870311488535,1,70,CUST02348
2023-04-05 17:29:52,Headphones,Central,315.89542789576217,3,79,CUST02349
2023-10-11 04:43:08,Smartphone,South,543.0546288539683,7,62,CUST02350
2023-06-30 09:56:04,Laptop,North,444.91211805985324,4,20,CUST02351
2023-10-10 21:00:55,Tablet,West,439.8064346043002,8,67,CUST02352
2022-09-21 07:22:54,Smartphone,North,581.7227513659547,3,69,CUST02353
2022-01-29 06:24:26,Laptop,East,275.79840635485976,7,54,CUST02354
2022-02-21 08:41:17,Laptop,West,,2,39,CUST02355
2023-07-03 00:08:19,Laptop,East,517.9269328110055,8,62,CUST02356
2022-04-22 04:42:46,Smartphone,South,614.4243718378872,3,46,CUST02357
2022-03-02 15:53:38,Tablet,Wesu,579.1022352921614,6,31,CUST02358
2022-11-07 10:26:07,Tablet,East,587.3746441893128,2,47,CUST02359
2023-10-05 03:44:43,Laptop,East,320.2314059601796,7,79,CUST02360
2022-03-05 10:32:20,Smartphone,South,674.7032142479056,4,32,CUST02361
2022-10-05 16:23:51,Laptop,North,540.9371172849884,6,67,CUST02362
2023-12-27 15:54:35,Smartwatch,North,428.75094692637526,2,46,CUST02363
2023-12-17 03:28:57,Tablet,West,481.2065193037838,3,31,CUST02364
2022-12-28 15:47:14,Headphones,South,554.3204168823688,3,68,CUST02365
2023-11-07 06:11:31,Laptop,West,527.034323624697,4,20,CUST02366
2023-03-23 00:21:34,Smartwatch,North,589.5863136127822,1,39,CUST02367
2023-09-27 22:00:56,Tablet,South,748.0085174690992,6,50,CUST02368
2022-03-03 05:38:37,Smartphone,Central,344.50453229327326,6,40,CUST02369
2023-01-30 08:39:41,Tablet,South,612.5411762740213,4,78,CUST02370
2022-08-16 12:53:26,Smartphone,South,483.9051493544316,8,73,CUST02371
2022-01-10 05:39:28,Smartphone,Central,671.3817089369419,5,24,CUST02372
2023-11-05 21:28:29,Laptop,East,743.8471904940616,4,37,CUST02373
2023-11-12 13:08:59,Laptop,East,529.4183758082364,7,24,CUST02374
2023-10-17 10:24:19,Tablet,East,593.1211491260609,8,34,CUST02375
2023-02-24 02:26:43,Smartwatch,North,682.4097254654275,2,49,CUST02376
2023-07-28 12:58:48,Tablet,South,649.735865874551,1,78,CUST02377
2023-10-10 11:06:13,Headphones,Central,688.5155896210002,6,32,CUST02378
2022-12-04 12:57:19,Smartphone,North,455.28738450227615,2,30,CUST02379
2022-12-25 21:15:36,Smartphone,Central,422.46760458738197,8,73,CUST02380
2022-08-16 10:45:15,Laptop,North,329.5738645211733,5,79,CUST02381
2022-03-26 22:50:38,Smartwatch,North,470.6988505312111,2,75,CUST02382
2023-06-26 13:36:21,Laptop,North,487.3748605011333,5,64,CUST02383
2022-07-11 04:56:21,Headphones,Central,478.4597578494276,2,75,CUST02384
2023-10-30 09:12:20,Tablet,West,573.8342682571943,6,20,CUST02385
2022-06-17 10:39:48,Tablet,North,577.738789764997,8,42,CUST02386
2023-08-27 10:18:41,Smartwatch,East,490.1857577560697,2,66,CUST02387
2022-02-04 00:09:59,Laptop,South,552.0156354351349,6,49,CUST02388
2023-07-20 07:01:27,Laptop,West,624.0116454659438,6,33,CUST02389
2023-11-02 10:33:46,Headphones,West,380.18204522436554,1,71,CUST02390
2022-04-15 03:36:44,Tablet,Central,639.9830773370425,9,18,CUST02391
2023-03-22 04:30:08,Laptop,West,408.2951528953505,8,73,CUST02392
2023-08-01 15:50:31,Smartwatch,Central,715.8620541689019,4,63,CUST02393
2023-07-25 08:32:20,Tablet,Central,524.9365692468938,7,20,CUST02394
2023-05-10 11:05:53,Headphones,Easu,509.6152658072698,4,37,CUST02395
2023-03-03 14:17:01,Smartwatch,North,231.54480911710337,8,45,CUST02396
2022-04-03 21:16:47,Smartphone,West,598.6833701542789,2,39,CUST02397
2022-09-02 13:53:21,Headphones,North,514.2585616985782,2,53,CUST02398
2023-07-11 04:47:41,Smartwatch,North,526.1221637008683,3,79,CUST02399
2022-10-23 18:26:54,Laptop,North,486.0381485972707,4,73,CUST02400
2022-11-08 17:03:26,Smartphone,Central,593.7793490014664,6,58,CUST02401
2022-06-05 23:20:05,Headphones,North,623.8207312992703,5,70,CUST02402
2023-06-02 14:41:35,Laptop,West,572.6035215627481,-7,18,CUST02403
2022-02-06 11:31:22,Smartphone,Central,697.5601869615457,6,73,CUST02404
2023-01-07 22:14:04,Tablet,West,392.10529523000156,4,31,CUST02405
2022-12-17 22:02:00,Laptop,Central,411.07257871886236,9,62,CUST02406
2022-02-07 03:40:16,Smartwatch,South,561.0055525922435,7,32,CUST02407
2023-12-09 04:15:33,Headphones,South,599.2667719368934,1,49,CUST02408
2022-03-19 23:28:40,Smartphone,South,577.5043301189428,8,35,CUST02409
2023-02-21 00:23:35,Laptop,South,306.87062389111867,4,65,CUST02410
2022-10-03 03:52:42,Tablet,Central,319.6231938543679,7,55,CUST02411
2023-08-08 10:35:01,Headphones,North,472.28199368779104,2,39,CUST02412
2023-07-10 18:28:39,Headphones,East,231.6092077176742,3,33,CUST02413
2022-09-21 07:39:20,Laptop,East,539.134562908568,1,28,CUST02414
2023-01-17 06:41:20,Tablet,South,488.7746351490053,2,24,CUST02415
2023-03-26 12:00:11,Smartphone,North,362.8307012793167,5,77,CUST02416
2022-04-24 17:12:24,Laptop,West,417.23860313726954,2,26,CUST02417
2023-02-22 18:57:49,Smartphone,North,516.4590932456464,6,18,CUST02418
2022-04-03 23:39:11,Headphones,West,275.9714352374106,6,59,CUST02419
2022-05-17 08:05:34,Smartphone,East,40948.99950741379,6,78,CUST02420
2023-12-23 10:51:59,Tablet,North,,3,77,CUST02421
2023-11-08 09:02:45,Smartwatch,North,455.029820352602,3,25,CUST02422
2023-03-13 11:49:41,Tablet,East,459.3408487846069,7,28,CUST02423
2022-12-26 03:15:39,Smartphone,North,703.8581234371846,4,22,CUST02424
2022-04-23 16:06:56,Laptop,Wesu,642.2831449481362,6,46,CUST02425
2023-09-27 23:35:37,Headphones,North,403.5296311957444,8,23,CUST02426
2023-05-22 00:53:59,Smartwatch,West,344.42079533497275,3,73,CUST02427
2023-05-01 17:04:31,Laptop,Souti,437.99745548593205,9,73,CUST02428
2022-07-05 19:01:05,Laptop,North,684.0740264385138,9,29,CUST02429
2023-11-26 00:29:47,Tablet,West,180.9035688238031,3,60,CUST02430
2023-05-08 22:34:08,Smartphone,East,512.538011394396,6,56,CUST02431
2022-04-14 17:27:29,Tablet,South,453.791949039397,5,24,CUST02432
2022-05-29 17:50:24,Smartphone,North,679.7553515610291,4,61,CUST02433
2023-04-30 06:03:12,Tablet,West,647.1721739240451,8,29,CUST02434
2023-01-10 11:47:52,Laptop,North,279.77928100756094,9,50,CUST02435
2022-12-08 20:30:04,Headphones,West,679.4978802409216,9,73,CUST02436
2022-08-06 21:46:05,Smartphone,North,149.93541391187793,5,36,CUST02437
2022-04-08 02:08:32,Smartwatch,South,591.841548321012,5,70,CUST02438
2023-08-21 05:19:08,Smartwatch,South,605.3075725790023,3,53,CUST02439
2022-01-23 13:02:43,Laptop,North,752.7750698071715,9,75,CUST02440
2023-11-30 11:55:05,Tablet,North,534.1017297067377,1,36,CUST02441
2022-11-10 02:08:21,Tablet,Central,400.3353207448501,3,75,CUST02442
2023-04-22 22:55:34,Laptop,North,348.74552576754786,7,38,CUST02443
2023-01-19 13:14:41,Smartwatch,North,719.0342269608444,7,36,CUST02444
2023-03-10 07:03:01,Smartwatch,South,754.5667220709697,5,74,CUST02445
2022-09-08 13:57:58,Tablet,North,432.7287153516627,6,60,CUST02446
2023-10-27 02:00:57,Smartphone,East,,4,78,CUST02447
2022-04-08 16:17:49,Headphones,North,704.4958701407417,8,26,CUST02448
2022-10-11 01:08:09,Smartphone,Central,615.3602596009183,4,62,CUST02449
2022-07-04 12:13:37,Smartwatch,West,471.9831793882099,6,39,CUST02450
2023-03-21 10:42:22,Smartphone,South,386.05113227080074,5,36,CUST02451
2023-09-21 20:19:45,Headphones,East,373.80593875636805,6,54,CUST02452
2023-05-09 19:07:21,Smartphone,West,643.0032294383542,3,28,CUST02453
2023-07-13 08:59:34,Smartphone,East,444.9495801896217,3,73,CUST02454
2023-12-04 16:15:39,Smartphone,South,439.0071582403199,7,42,CUST02455
2023-06-22 18:10:56,Smartphone,Central,591.785549925534,-1,52,CUST02456
2023-11-30 10:16:07,Laptop,South,512.090269852372,1,22,CUST02457
2023-07-23 04:49:14,Smartwatch,East,558.4160026575548,1,62,CUST02458
2022-06-16 13:33:54,Headphones,East,,6,79,CUST02459
2022-10-06 04:39:22,Smartwatch,South,445.15830215088965,4,48,CUST02460
2022-01-17 17:01:57,Laptop,North,389.8339999871429,6,31,CUST02461
2022-02-21 00:49:12,Laptop,South,606.3452359605496,1,30,CUST02462
2023-12-14 16:59:49,Laptop,Central,512.7579831235231,4,51,CUST02463
2022-12-26 09:13:44,Laptop,South,543.9733333999541,4,51,CUST02464
2022-09-11 08:05:58,Smartphone,West,347.0395178987497,2,35,CUST02465
2022-06-27 10:11:42,Smartwatch,North,604.356112390977,1,77,CUST02466
2023-05-15 09:45:03,Tablet,West,546.8119330676366,8,23,CUST02467
2022-04-08 11:25:28,Headphones,South,609.5455619958768,6,68,CUST02468
2023-10-23 01:20:49,Laptop,North,551.7708964481087,4,59,CUST02469
2023-10-25 11:30:19,Smartwatch,West,542.9024233095564,2,38,CUST02470
2023-07-31 08:19:19,Laptop,West,226.97761774315416,5,57,CUST02471
2023-05-05 16:03:19,Laptop,North,670.6629563436502,9,22,CUST02472
2023-06-29 22:05:37,Laptop,North,301.9313344873876,7,19,CUST02473
2022-01-16 03:28:27,Laptop,East,655.5612939839857,4,23,CUST02474
2022-08-30 05:57:17,Laptop,North,489.0789750619822,5,67,CUST02475
2022-04-19 00:09:55,Headphones,South,258.9922498668001,8,78,CUST02476
2023-07-17 23:29:01,Smartwatch,Central,487.08011382415043,5,25,CUST02477
2022-05-24 07:31:58,Laptop,East,,6,19,CUST02478
2022-04-26 13:58:18,Laptop,North,666.1973766580466,6,40,CUST02479
2022-01-02 03:58:54,Laptop,Central,422.63937908548877,8,79,CUST02480
2022-04-09 21:58:30,Laptop,East,343.82228222385584,5,37,CUST02481
2022-08-16 04:21:30,Smartphone,South,599.1272200817648,1,21,CUST02482
2022-07-28 08:50:27,Smartphone,Central,493.6474765951296,4,32,CUST02483
2022-11-01 13:08:31,Tablet,North,578.0250633094021,3,47,CUST02484
2022-02-05 15:51:31,Laptop,North,482.91547119181854,2,73,CUST02485
2022-07-05 05:07:17,Tablet,Souti,673.4979814324682,7,37,CUST02486
2022-08-27 11:57:45,Headphones,East,439.7730300645642,7,41,CUST02487
2022-05-09 09:06:29,Tablet,Central,263.61672071637344,8,26,CUST02488
2023-08-28 04:05:18,Smartwatch,South,335.8544179109884,5,73,CUST02489
2022-05-27 18:42:10,Smartphone,East,565.2782112396602,1,69,CUST02490
2023-04-18 10:50:38,Smartphone,West,401.33048456056775,6,38,CUST02491
2023-06-20 18:15:04,Laptop,West,692.5078964362015,6,55,CUST02492
2023-01-21 05:29:31,Laptop,East,324.3981074744458,8,58,CUST02493
2023-10-01 06:08:41,Headphones,North,652.7330643851689,2,30,CUST02494
2022-02-25 00:57:49,Headphones,North,435.04260278924437,9,22,CUST02495
2022-06-24 05:36:10,Smartwatch,Wesu,696.1300820476307,6,63,CUST02496
2022-10-30 01:37:21,Laptop,North,575.8446576879669,1,31,CUST02497
2023-11-01 22:47:17,Laptop,North,528.8757405528012,9,67,CUST02498
2023-09-25 17:22:30,Headphones,East,599.6600373543575,8,24,CUST02499
2023-04-26 15:47:23,Headphones,East,683.998079762363,1,23,CUST02500
2022-06-13 18:42:20,Headphones,North,492.3794603176391,8,76,CUST02501
2023-06-08 09:30:00,Smartphone,East,218.4503710238669,7,29,CUST02502
2023-09-09 19:59:40,Tablet,Central,,5,63,CUST02503
2022-11-13 12:09:22,Tablet,West,459.31328937248753,6,68,CUST02504
2022-01-24 01:33:45,Laptop,Central,883.9848889652807,4,33,CUST02505
2022-02-14 08:42:58,Smartphone,Central,409.5962469514404,9,73,CUST02506
2022-12-20 16:49:58,Headphones,North,442.88062192465475,9,68,CUST02507
2022-03-13 05:09:01,Laptop,North,611.6668209849711,1,49,CUST02508
2023-03-12 23:57:23,Smartphone,Central,614.2374278191066,9,59,CUST02509
2023-05-08 08:00:44,Smartwatch,Central,563.393557635076,3,28,CUST02510
2023-05-25 04:16:07,Smartphone,South,416.01112437301373,2,21,CUST02511
2023-09-12 06:42:36,Laptop,South,325.97091966268107,4,74,CUST02512
2023-02-24 23:27:50,Tablet,West,398.4371864822505,4,46,CUST02513
2023-08-09 14:29:08,Headphones,Centram,272.5013106924117,9,69,CUST02514
2022-05-03 04:14:46,Smartwatch,Easu,809.516830668311,4,51,CUST02515
2023-09-09 23:41:19,Smartphone,South,346.30648121918483,5,26,CUST02516
2023-11-19 00:45:38,Laptop,North,455.8918754120702,6,27,CUST02517
2022-09-27 13:20:43,Laptop,Central,603.8674389566322,4,25,CUST02518
2023-02-26 23:14:25,Headphones,East,500.78321230134065,1,53,CUST02519
2022-09-18 06:57:09,Laptop,East,411.2995974796443,2,49,CUST02520
2022-01-23 10:59:29,Laptop,East,477.71157350638356,3,62,CUST02521
2023-09-21 05:44:50,Headphones,North,408.71158010747615,4,76,CUST02522
2023-04-28 10:12:37,Smartwatch,South,461.8314710487587,5,23,CUST02523
2022-07-28 06:24:36,Tablet,East,558.5819855639979,3,23,CUST02524
2023-08-18 11:32:47,Tablet,South,344.4969029300256,1,44,CUST02525
2023-07-13 04:16:55,Smartphone,West,662.0661044169332,8,19,CUST02526
2022-10-28 09:46:16,Smartwatch,North,510.90300909230933,8,26,CUST02527
2023-03-19 12:19:06,Smartphone,South,412.4768056352955,4,55,CUST02528
2023-04-28 05:22:10,Tablet,South,452.65492186865913,7,22,CUST02529
2022-06-19 02:08:27,Headphones,East,675.1175626814992,4,51,CUST02530
2023-08-22 15:12:09,Laptop,East,622.7613190147277,3,78,CUST02531
2023-09-21 03:45:54,Tablet,North,535.9957385829017,7,31,CUST02532
2024-02-20 05:48:18,Smartwatch,South,409.9295275395202,6,27,CUST02533
2022-04-01 00:45:48,Tablet,Central,585.2365566708185,1,64,CUST02534
2023-04-28 02:39:24,Smartwatch,East,502.12392192777554,9,66,CUST02535
2023-08-27 23:16:05,Smartwatch,East,761.850354300948,2,24,CUST02536
2022-01-23 12:47:10,Smartwatch,West,494.36825631140124,3,37,CUST02537
2023-01-17 22:02:08,Smartphone,North,752.5726644996807,5,28,CUST02538
2023-09-05 19:09:58,Headphones,South,529.2246435674352,3,30,CUST02539
2023-04-18 03:30:19,Tablet,South,344.4732355780081,3,72,CUST02540
2022-04-26 05:52:48,Headphones,South,994.5076306166209,8,70,CUST02541
2023-03-19 07:08:13,Laptop,East,282.956221768128,4,34,CUST02542
2023-01-16 13:25:40,Tablet,North,203.4913884979159,2,54,CUST02543
2023-02-23 12:20:46,Headphones,South,188.78962668161776,5,61,CUST02544
2023-04-26 01:41:13,Headphones,Central,910.9523203132273,2,53,CUST02545
2023-02-19 03:53:32,Laptop,West,818.5985660476778,8,50,CUST02546
2022-05-05 01:00:07,Smartwatch,West,521.601756000414,3,27,CUST02547
2022-06-29 20:50:27,Tablet,South,565.1213036013977,2,51,CUST02548
2022-07-07 03:36:04,Tablet,East,537.6382246655897,3,62,CUST02549
2022-04-19 14:47:31,Laptop,West,234.4015742504463,3,30,CUST02550
2022-02-18 11:34:51,Smartwatch,West,,1,42,CUST02551
2023-08-03 19:24:27,Tablet,West,699.1789891262323,3,61,CUST02552
2022-04-15 08:04:13,Tablet,West,315.33604111013454,3,50,CUST02553
2022-06-12 18:42:27,Tablet,South,548.852464075659,4,27,CUST02554
2022-08-29 20:10:35,Smartwatch,North,488.9878658911296,8,69,CUST02555
2023-03-17 09:25:43,Laptop,North,468.3261529887285,9,41,CUST02556
2023-08-23 00:49:53,Tablet,East,398.13539546458145,1,22,CUST02557
2023-01-16 14:33:20,Headphones,Central,483.15153241976446,1,27,CUST02558
2023-11-27 17:43:14,Smartwatch,North,420.973124914756,6,56,CUST02559
2022-01-28 08:39:59,Smartphone,Central,659.636194276029,1,64,CUST02560
2023-05-09 18:58:48,Laptop,North,495.8538053594678,5,44,CUST02561
2022-02-25 10:44:51,Headphones,North,396.11825657165895,1,67,CUST02562
2023-11-16 11:35:21,Tablet,East,496.2180429503786,8,69,CUST02563
2022-11-20 11:56:36,Smartphone,West,478.8051656291647,5,53,CUST02564
2022-09-01 02:11:45,Laptop,East,472.4922524340633,6,50,CUST02565
2022-04-25 00:46:55,Smartwatch,North,601.5633140510578,4,45,CUST02566
2023-09-11 07:57:23,Smartphone,West,458.5038636041863,8,57,CUST02567
2023-11-30 08:11:45,Smartphone,West,414.3381045847318,9,60,CUST02568
2022-07-17 12:38:38,Headphones,West,295.9826429864204,9,20,CUST02569
2023-05-16 22:09:37,Laptop,Central,498.71076269085984,1,48,CUST02570
2023-08-05 21:54:43,Headphones,Norti,686.8029968083495,7,77,CUST02571
2023-12-17 01:11:02,Headphones,South,481.42857127581914,4,46,CUST02572
2024-07-10 21:27:05,Tablet,East,424.7301460349319,8,61,CUST02573
2023-01-21 16:01:54,Smartwatch,Central,386.41462266676405,7,62,CUST02574
2023-12-09 03:28:50,Smartphone,East,241.42483234963552,1,69,CUST02575
2022-05-10 11:19:21,Laptop,South,,1,67,CUST02576
2022-10-31 21:30:29,Smartwatch,West,572.7052625336426,1,61,CUST02577
2023-01-10 16:12:59,Smartwatch,South,615.4445435516692,2,59,CUST02578
2023-03-16 19:03:30,Laptop,East,537.6604341465418,2,38,CUST02579
2023-11-07 15:23:24,Smartwatch,South,379.1963605024879,9,49,CUST02580
2023-09-23 17:08:33,Tablet,North,452.47351713326566,5,45,CUST02581
2022-11-23 02:38:31,Smartwatch,South,424.91907371250977,1,38,CUST02582
2023-01-27 08:55:48,Tablet,North,437.4709743932371,7,64,CUST02583
2023-12-15 23:45:18,Smartphone,South,438.3906665033803,2,52,CUST02584
2022-03-12 10:39:28,Smartphone,North,665.7164552083727,3,47,CUST02585
2022-11-23 11:32:50,Headphones,North,803.2572479231393,4,73,CUST02586
2023-05-31 18:06:17,Tablet,South,369.1588857296905,3,64,CUST02587
2023-09-24 07:38:47,Smartphone,Central,474.6185392511559,3,34,CUST02588
2022-05-19 07:40:31,Smartwatch,West,532.5173107570411,9,46,CUST02589
2023-02-07 22:06:21,Laptop,Wesu,352.93206560470975,4,65,CUST02590
2023-01-24 03:26:14,Laptop,Wesu,507.9218303741395,8,19,CUST02591
2023-01-10 20:12:25,Tablet,North,552.7456350999287,1,50,CUST02592
2022-06-07 11:57:31,Headphones,West,488.29830676605485,6,71,CUST02593
2023-11-01 18:40:13,Smartwatch,North,594.0542998878828,1,21,CUST02594
2022-05-12 11:43:09,Tablet,Central,500.04930855021973,5,75,CUST02595
2023-09-20 02:31:29,Laptop,South,70.12550986601156,7,66,CUST02596
2023-03-29 11:03:18,Tablet,South,355.92446975526866,1,56,CUST02597
2022-12-04 02:15:00,Smartwatch,North,714.861088645663,9,42,CUST02598
2023-06-13 16:09:40,Smartphone,North,578.0423092701039,9,22,CUST02599
2022-11-26 17:13:09,Smartwatch,Central,72.32482891300394,6,72,CUST02600
2023-01-28 20:28:28,Smartphone,West,273.47597328963894,2,21,CUST02601
2023-10-02 01:54:05,Smartphone,Central,608.2730346842083,2,69,CUST02602
2022-07-01 02:44:05,Smartphone,South,413.57681729672765,9,69,CUST02603
2023-07-20 10:47:23,Tablet,South,94.66366124576304,4,46,CUST02604
2023-12-17 14:51:40,Laptop,West,658.9085850784544,6,54,CUST02605
2023-01-24 00:01:50,Tablet,South,608.5806312361528,2,25,CUST02606
2022-03-06 02:54:30,Laptop,North,375.60313406663363,4,37,CUST02607
2022-11-13 17:13:55,Smartwatch,South,686.7538453584972,2,72,CUST02608
2022-03-17 03:17:58,Headphones,East,381.28839884336276,3,58,CUST02609
2022-12-28 14:03:49,Smartwatch,West,406.5642765779921,2,23,CUST02610
2023-07-26 13:56:32,Tablet,West,427.1456890443265,8,53,CUST02611
2022-01-23 16:40:26,Tablet,West,215.67911350595602,5,49,CUST02612
2022-02-02 22:11:04,Laptop,East,561.9061650835163,5,22,CUST02613
2023-02-23 14:35:07,Tablet,Central,578.0157623717216,8,57,CUST02614
2023-02-09 07:33:21,Smartphone,North,431.2208536376106,8,37,CUST02615
2024-12-08 16:30:26,Tablet,West,605.9380060392278,7,62,CUST02616
2022-01-25 04:36:52,Laptop,South,261.33110419725887,5,21,CUST02617
2023-03-25 21:41:24,Laptop,North,602.9120657899957,7,56,CUST02618
2023-09-23 19:50:22,Smartphone,Souti,548.8097241485499,1,39,CUST02619
2023-05-27 09:37:04,Laptop,North,396.3968216235144,3,50,CUST02620
2023-01-26 03:10:31,Headphones,North,,3,48,CUST02621
2022-09-04 18:15:39,Smartwatch,South,367.7618880479399,2,58,CUST02622
2022-10-19 23:33:11,Tablet,South,665.7666355706288,6,46,CUST02623
2022-10-27 23:45:39,Headphones,North,579.0577533893918,3,22,CUST02624
2022-02-23 05:48:28,Tablet,West,554.5464026783917,4,27,CUST02625
2022-05-12 20:59:02,Headphones,South,430.64417460456895,3,28,CUST02626
2022-02-03 00:49:50,Tablet,East,616.2772743679507,7,67,CUST02627
2022-01-15 20:46:22,Smartphone,East,680.5565803092647,4,54,CUST02628
2022-03-25 06:54:02,Laptop,North,741.0339050723317,5,73,CUST02629
2023-03-09 23:02:33,Laptop,Central,418.20693942358815,7,39,CUST02630
2023-07-01 15:37:38,Smartphone,North,622.7805578652726,4,41,CUST02631
2022-08-13 21:47:33,Headphones,North,709.3160735881329,6,38,CUST02632
2024-11-02 11:33:33,Smartwatch,West,463.54339060328795,9,53,CUST02633
2022-05-18 10:00:47,Headphones,West,710.8143022303893,6,75,CUST02634
2022-07-26 05:53:13,Laptop,Central,523.8297009679726,5,68,CUST02635
2023-07-15 14:40:28,Smartwatch,Central,347.20193280460103,1,33,CUST02636
2023-03-18 08:04:25,Tablet,Central,393.5052088949404,8,19,CUST02637
2023-10-16 05:06:19,Smartwatch,Central,283.4878345612173,5,32,CUST02638
2022-02-07 16:46:21,Headphones,Central,494.1642349369191,5,58,CUST02639
2022-09-13 02:11:52,Smartphone,Norti,475.9724650647487,3,66,CUST02640
2023-03-25 00:21:20,Tablet,North,528.2585472359821,2,43,CUST02641
2023-08-17 05:37:08,Headphones,East,704.2553179898489,1,47,CUST02642
2023-12-14 19:25:07,Tablet,East,497.5350036198862,9,19,CUST02643
2023-05-01 03:22:47,Smartwatch,South,459.930603403614,5,71,CUST02644
2023-01-22 05:56:58,Laptop,North,470.0742191946063,4,46,CUST02645
2023-07-05 22:57:15,Headphones,Central,221.99757318959277,7,23,CUST02646
2022-07-01 13:15:44,Smartphone,South,602.519791727513,4,77,CUST02647
2022-05-06 15:46:00,Smartwatch,West,477.3811287559359,2,18,CUST02648
2023-06-21 11:15:11,Headphones,North,512.0497642278839,9,57,CUST02649
2023-07-20 04:00:19,Smartphone,East,469.885259220951,8,28,CUST02650
2022-08-05 16:00:27,Headphones,North,519.1077649740497,4,69,CUST02651
2022-09-27 12:00:56,Smartwatch,North,303.2362183287024,8,79,CUST02652
2023-08-09 23:48:58,Headphones,North,499.83791641175065,9,40,CUST02653
2022-04-11 18:19:16,Tablet,North,,2,43,CUST02654
2023-10-08 08:11:26,Smartwatch,West,505.2393700632168,4,48,CUST02655
2023-01-11 12:53:56,Headphones,East,347.75563801569774,6,32,CUST02656
2022-04-23 10:34:51,Laptop,North,571.7846810600572,7,26,CUST02657
2022-10-20 08:09:08,Headphones,West,503.21079823069624,5,51,CUST02658
2022-01-27 20:38:08,Tablet,South,305.67811018642243,7,56,CUST02659
2022-01-21 21:36:48,Smartphone,North,641.950334429707,4,34,CUST02660
2022-04-23 08:59:35,Smartphone,West,422.84881091440815,8,52,CUST02661
2023-03-14 05:01:31,Smartphone,Central,446.2070075955422,3,53,CUST02662
2023-03-17 20:42:31,Laptop,South,619.7325430355991,3,20,CUST02663
2022-12-26 08:58:03,Tablet,East,661.0070172707947,5,57,CUST02664
2022-08-29 15:44:46,Smartwatch,North,,6,28,CUST02665
2023-03-19 05:40:30,Smartphone,North,516.7227225726616,3,45,CUST02666
2023-07-14 23:57:57,Tablet,West,,2,79,CUST02667
2022-05-16 00:33:47,Headphones,East,689.4892133496726,5,65,CUST02668
2023-03-07 06:49:30,Laptop,Central,,6,45,CUST02669
2022-05-07 11:51:24,Tablet,South,570.7604621713135,3,63,CUST02670
2022-05-27 00:53:39,Tablet,East,362.90849715379886,7,72,CUST02671
2022-07-25 00:50:57,Smartwatch,North,273.15451546646983,3,36,CUST02672
2022-04-26 05:27:41,Tablet,West,583.2346890511797,-2,72,CUST02673
2023-05-23 15:13:05,Smartwatch,Central,378.9610520764573,4,19,CUST02674
2023-11-07 20:25:44,Laptop,West,361.3464302212281,3,49,CUST02675
2023-09-08 10:59:48,Laptop,South,596.2129653300075,7,61,CUST02676
2022-08-28 16:40:57,Headphones,East,477.8826638329217,8,28,CUST02677
2023-02-07 07:58:20,Smartwatch,West,534.1355424222646,-3,33,CUST02678
2023-09-26 01:20:54,Smartwatch,West,307.51361492810383,6,28,CUST02679
2022-10-23 20:01:38,Smartphone,North,363.339337058063,1,20,CUST02680
2023-02-09 09:56:52,Smartphone,West,744.5928470174543,5,72,CUST02681
2023-08-20 12:35:00,Headphones,Central,401.29912234667955,2,59,CUST02682
2023-06-03 12:10:34,Laptop,East,469.5061242378665,1,46,CUST02683
2022-07-01 17:54:12,Smartphone,South,,7,22,CUST02684
2023-04-21 04:16:32,Tablet,West,339.50587132173763,4,45,CUST02685
2022-12-26 15:27:44,Laptop,Centram,702.919976854358,5,48,CUST02686
2022-11-22 09:19:46,Tablet,South,501.1254461722532,2,30,CUST02687
2023-05-29 03:38:53,Smartwatch,Central,464.5378054582048,8,42,CUST02688
2022-02-05 04:31:07,Laptop,West,660.2169932754332,3,73,CUST02689
2023-01-19 16:10:17,Headphones,West,636.7699919616118,7,23,CUST02690
2022-12-02 17:49:07,Smartwatch,East,795.0486323555999,1,77,CUST02691
2022-04-23 02:28:04,Smartwatch,North,434.4451561505805,1,69,CUST02692
2023-07-09 02:58:57,Tablet,Central,828.9916254590916,7,20,CUST02693
2023-08-20 05:02:15,Smartwatch,North,596.9210390903139,1,39,CUST02694
2023-12-02 13:17:46,Smartphone,North,753.5605164521628,9,58,CUST02695
2022-09-03 13:37:46,Laptop,South,647.8705865516454,9,70,CUST02696
2022-03-29 05:32:45,Smartphone,South,403.70285396817775,8,77,CUST02697
2023-12-13 10:37:21,Tablet,Central,374.9436266062049,8,56,CUST02698
2023-06-13 10:52:08,Tablet,North,229.38159204325893,4,72,CUST02699
2023-12-03 21:44:17,Laptop,East,198.41328074571567,4,49,CUST02700
2022-08-05 03:03:56,Smartwatch,North,408.16013520329193,5,47,CUST02701
2023-03-01 16:32:56,Headphones,South,690.0507497933095,9,24,CUST02702
2022-04-09 18:51:18,Tablet,Norti,425.28092596773615,3,42,CUST02703
2022-03-22 06:36:14,Laptop,West,398.5358170881151,4,19,CUST02704
2022-07-30 00:07:19,Headphones,West,604.9454415427597,5,25,CUST02705
2022-10-31 11:36:10,Smartwatch,East,370.77002477256104,7,67,CUST02706
2022-08-11 06:48:17,Tablet,Central,,5,76,CUST02707
2023-12-24 05:09:42,Laptop,North,460.74987676315385,9,50,CUST02708
2023-06-12 15:18:03,Laptop,West,639.6032950868056,6,45,CUST02709
2022-02-19 11:04:05,Laptop,Central,469.98988915942675,3,27,CUST02710
2023-12-30 07:37:55,Tablet,West,,6,55,CUST02711
2022-02-06 20:39:50,Headphones,Central,669.062873832835,6,35,CUST02712
2023-12-15 06:32:31,Laptop,Central,534.4025641044105,1,79,CUST02713
2023-01-19 11:56:45,Smartwatch,West,724.0691521802189,7,30,CUST02714
2023-07-04 13:03:40,Laptop,South,382.507433179953,3,38,CUST02715
2022-05-26 00:32:51,Headphones,Central,305.14557754218106,1,50,CUST02716
2022-03-19 08:05:35,Tablet,North,237.60105757555044,1,40,CUST02717
2022-04-26 07:37:21,Laptop,West,688.2448592942469,5,78,CUST02718
2023-12-15 12:19:53,Laptop,South,635.2382673833331,2,18,CUST02719
2023-12-05 08:19:07,Smartwatch,West,460.1543106031587,2,61,CUST02720
2022-03-19 10:05:42,Smartwatch,East,544.8132967982282,4,77,CUST02721
2022-11-01 19:37:43,Laptop,North,660.4164913334034,7,57,CUST02722
2022-02-27 18:22:41,Laptop,East,471.4651839140817,8,77,CUST02723
2022-02-12 05:00:04,Smartwatch,Central,235.992082977078,7,38,CUST02724
2022-01-08 11:48:16,Headphones,Central,,9,22,CUST02725
2023-08-24 11:22:30,Smartphone,East,335.8000191230963,7,52,CUST02726
2022-02-06 03:29:11,Smartphone,East,515.3306764130682,4,35,CUST02727
2022-11-07 16:48:31,Laptop,Central,358.7562795729506,9,55,CUST02728
2022-01-10 06:15:01,Smartwatch,South,655.0230939152539,9,53,CUST02729
2023-03-12 19:44:04,Tablet,North,308.96014984463267,3,64,CUST02730
2023-05-24 03:07:26,Tablet,West,395.98054574803524,8,46,CUST02731
2022-09-20 05:04:21,Smartphone,East,226.79746862867884,1,43,CUST02732
2022-09-21 18:55:42,Headphones,North,433.2212431779485,2,77,CUST02733
2022-09-12 19:29:37,Smartphone,West,501.0682053222821,8,53,CUST02734
2022-09-25 13:23:12,Laptop,West,661.6637876177485,8,55,CUST02735
2023-05-12 14:52:38,Headphones,East,517.9976575757198,6,67,CUST02736
2023-05-07 04:49:58,Tablet,South,611.1350488802328,8,35,CUST02737
2022-12-20 15:35:53,Smartwatch,South,650.7669836637631,8,46,CUST02738
2023-07-20 08:33:13,Smartwatch,Norti,558.8412132313086,2,75,CUST02739
2022-04-05 00:02:37,Laptop,North,365.5082414842576,3,48,CUST02740
2023-09-29 06:42:57,Smartphone,Central,560.6906052564503,7,59,CUST02741
2023-05-01 18:47:45,Laptop,South,723.1706522480769,3,30,CUST02742
2023-02-26 03:46:24,Smartwatch,North,452.7588260325934,2,69,CUST02743
2022-05-17 19:29:29,Tablet,Central,583.1976408819737,6,71,CUST02744
2023-04-19 17:42:31,Smartwatch,West,579.3250750624641,2,67,CUST02745
2022-09-18 04:12:30,Headphones,North,444.6535022729945,2,47,CUST02746
2023-02-08 03:17:59,Smartwatch,Central,640.5993608651125,2,24,CUST02747
2022-05-24 21:06:56,Smartwatch,South,442.2962562789175,4,76,CUST02748
2022-07-05 15:48:42,Headphones,West,567.9577349392883,7,57,CUST02749
2023-03-28 01:20:07,Smartphone,North,464.09390863268936,6,74,CUST02750
2023-12-10 21:17:12,Smartwatch,South,506.54419566490367,5,23,CUST02751
2022-04-11 18:00:13,Laptop,West,640.0360003172448,4,19,CUST02752
2023-09-10 18:56:03,Smartwatch,East,207.95471063926618,2,71,CUST02753
2022-08-19 13:48:16,Laptop,South,592.5495171438613,8,25,CUST02754
2022-12-07 23:45:04,Headphones,East,606.0752472363142,2,27,CUST02755
2023-09-16 20:54:42,Smartwatch,North,413.76487204243404,8,66,CUST02756
2022-06-17 18:57:34,Headphones,Central,495.2967068935961,4,76,CUST02757
2022-05-12 00:14:07,Headphones,North,353.569114608981,5,71,CUST02758
2023-12-14 18:57:17,Smartphone,South,380.1477338879769,1,61,CUST02759
2022-06-11 00:45:40,Smartwatch,East,540.6434898861102,2,60,CUST02760
2023-06-17 23:15:59,Laptop,East,893.770912489792,8,66,CUST02761
2023-06-12 07:48:20,Laptop,West,599.5946285637103,1,65,CUST02762
2023-10-01 10:20:09,Smartwatch,North,,3,39,CUST02763
2022-08-28 18:51:41,Smartphone,North,616.3692667966627,2,27,CUST02764
2022-03-21 07:16:43,Smartphone,South,,5,69,CUST02765
2022-05-31 23:48:17,Smartphone,East,240.9701458430585,4,52,CUST02766
2023-07-11 22:48:31,Laptop,South,452.617849272593,4,36,CUST02767
2022-03-08 11:08:53,Headphones,South,478.6179143207888,4,21,CUST02768
2022-10-06 22:50:38,Smartphone,East,517.7121649848184,4,36,CUST02769
2023-02-23 18:26:16,Laptop,South,495.2727411229292,4,58,CUST02770
2022-12-18 03:16:48,Laptop,East,522.1650424199711,-6,37,CUST02771
2022-02-02 16:58:16,Headphones,South,359.72825024169975,2,66,CUST02772
2023-03-22 12:00:24,Smartwatch,Centram,451.2305002501356,-4,21,CUST02773
2023-07-20 15:01:03,Smartwatch,South,460.1318994650261,7,66,CUST02774
2022-05-01 16:25:48,Smartphone,South,673.994331116159,7,75,CUST02775
2022-02-26 10:41:12,Smartphone,Central,395.3751214374708,1,43,CUST02776
2023-09-07 06:06:44,Headphones,North,463.32705941030457,9,20,CUST02777
2022-08-13 12:06:36,Smartphone,East,446.5997879408129,7,69,CUST02778
2023-01-05 15:00:46,Headphones,Wesu,738.1063500419999,-6,47,CUST02779
2022-07-22 12:43:20,Laptop,Central,599.7748465913568,2,53,CUST02780
2022-06-24 18:13:23,Smartphone,North,359.9453463302604,6,58,CUST02781
2023-05-07 11:13:37,Laptop,South,559.6169986329144,5,23,CUST02782
2023-11-03 20:24:28,Tablet,North,348.2568752130403,9,68,CUST02783
2023-12-24 10:43:57,Headphones,Central,539.0859809045729,1,56,CUST02784
2022-07-08 21:22:11,Tablet,South,704.9044740916983,5,44,CUST02785
2023-07-18 21:11:01,Smartphone,North,206.55202683881555,3,33,CUST02786
2022-02-03 10:08:18,Laptop,West,348.7679447627533,9,64,CUST02787
2023-06-30 08:50:13,Smartphone,East,523.3764523341562,1,33,CUST02788
2023-06-19 10:01:05,Tablet,East,440.5991097997519,6,63,CUST02789
2023-09-03 16:44:01,Smartphone,Central,532.0913451618468,3,53,CUST02790
2022-05-24 17:17:00,Smartwatch,South,487.5002787686887,1,72,CUST02791
2022-02-16 15:51:04,Tablet,South,247.88181536715152,3,51,CUST02792
2022-08-22 10:12:38,Smartphone,East,593.297149103171,2,56,CUST02793
2023-11-13 10:39:14,Laptop,North,299.7757125382523,8,41,CUST02794
2023-04-19 12:30:36,Smartphone,South,530.8278609325571,3,77,CUST02795
2022-09-23 03:58:02,Laptop,West,431.8247448734615,7,56,CUST02796
2022-02-03 10:01:36,Smartwatch,West,860.1605492355848,6,23,CUST02797
2023-06-23 13:32:07,Smartphone,South,48186.69692430839,7,37,CUST02798
2023-10-21 02:51:33,Smartwatch,South,552.6499387654588,7,78,CUST02799
2023-02-25 00:50:14,Tablet,East,583.095338852291,1,26,CUST02800
2022-10-14 06:21:12,Laptop,Central,550.6432295755792,4,66,CUST02801
2022-01-13 17:41:40,Tablet,East,495.997829924238,4,38,CUST02802
2023-08-24 18:57:18,Laptop,Central,351.41375176876886,5,28,CUST02803
2022-09-16 22:16:32,Smartwatch,West,483.22860764963394,5,65,CUST02804
2022-12-19 06:33:47,Headphones,Central,,-8,47,CUST02805
2022-01-23 16:59:37,Smartphone,East,573.1337007748047,4,18,CUST02806
2022-10-03 18:39:02,Smartwatch,South,938.0735606630917,1,44,CUST02807
2022-02-16 16:10:54,Laptop,Central,526.5035801345265,5,75,CUST02808
2023-02-01 01:15:00,Laptop,East,550.9262020230512,1,76,CUST02809
2022-09-27 09:57:38,Laptop,West,267.2138842801347,3,65,CUST02810
2023-11-05 23:26:51,Laptop,Central,377.60603573197113,8,66,CUST02811
2022-03-22 18:22:20,Smartphone,West,634.2255032216851,5,23,CUST02812
2023-07-11 10:30:48,Tablet,West,282.90809402026684,7,71,CUST02813
2022-05-16 23:32:48,Headphones,North,390.8028262331082,1,60,CUST02814
2022-06-07 12:55:12,Smartphone,Central,585.1805543506312,6,24,CUST02815
2023-12-19 15:53:03,Laptop,East,621.3671499432589,8,65,CUST02816
2023-11-21 19:39:28,Smartphone,Central,483.6403706243124,6,75,CUST02817
2022-12-10 23:13:38,Smartwatch,Central,518.4047103117288,4,78,CUST02818
2023-02-28 12:18:51,Laptop,West,518.0554649415228,8,74,CUST02819
2023-06-16 16:44:09,Headphones,West,314.994577743481,8,39,CUST02820
2023-03-21 05:54:18,Laptop,West,,6,51,CUST02821
2023-04-28 02:52:18,Headphones,West,,8,37,CUST02822
2023-08-30 04:27:51,Headphones,East,486.73923886427696,6,62,CUST02823
2023-08-18 16:10:21,Tablet,South,211.16569733446957,4,62,CUST02824
2022-04-07 23:35:41,Tablet,North,730.3469052531308,6,32,CUST02825
2023-05-18 20:04:25,Smartphone,West,335.9940970479336,9,64,CUST02826
2023-04-10 12:12:49,Smartphone,West,510.8192387713671,8,26,CUST02827
2023-05-31 10:45:01,Headphones,North,548.2686083655012,7,35,CUST02828
2022-01-23 03:16:24,Laptop,West,431.77676741702356,5,63,CUST02829
2022-08-26 21:39:14,Smartwatch,South,536.6763183582739,7,72,CUST02830
2023-07-07 11:07:00,Smartwatch,Central,383.7095807036955,1,63,CUST02831
2022-07-16 18:51:05,Laptop,North,822.0647705814583,8,53,CUST02832
2023-11-26 21:04:07,Laptop,East,460.92383700775406,5,63,CUST02833
2022-06-21 20:06:07,Tablet,North,634.851440970187,7,59,CUST02834
2022-06-19 21:04:01,Smartwatch,South,336.10572583579875,7,47,CUST02835
2023-06-03 13:42:29,Headphones,East,608.1916867811589,8,28,CUST02836
2023-02-02 00:17:31,Smartphone,Central,392.4190454297813,7,71,CUST02837
2023-05-13 22:49:24,Tablet,West,291.0280873929834,6,50,CUST02838
2022-03-04 22:44:44,Smartwatch,North,340.2374926025093,6,76,CUST02839
2023-10-15 08:08:57,Laptop,East,372.8134530936664,5,79,CUST02840
2022-09-16 06:36:59,Smartwatch,North,516.7179795822908,5,63,CUST02841
2023-02-20 22:02:44,Headphones,Central,931.3684826141994,4,57,CUST02842
2023-02-12 12:19:45,Tablet,North,910.3513557407962,7,23,CUST02843
2023-07-01 18:04:31,Laptop,East,451.722179313395,3,60,CUST02844
2022-04-12 18:36:20,Headphones,South,643.9129380099539,5,63,CUST02845
2023-08-05 08:16:14,Smartphone,East,311.93343917276854,3,56,CUST02846
2022-04-27 22:41:47,Tablet,North,184.39064935842782,8,78,CUST02847
2023-01-30 23:18:59,Headphones,Central,504.58779443041266,5,39,CUST02848
2023-12-05 15:41:02,Headphones,West,581.9434575363473,6,56,CUST02849
2022-07-05 22:22:34,Laptop,West,617.4884276068112,1,70,CUST02850
2022-05-07 05:25:42,Smartphone,Central,661.9547275214835,4,36,CUST02851
2023-01-25 03:30:13,Headphones,North,450.43318031004065,9,39,CUST02852
2023-09-14 09:55:57,Tablet,Central,510.8062153979195,5,48,CUST02853
2023-09-07 17:05:47,Headphones,North,623.1858154520583,1,59,CUST02854
2022-04-30 05:45:30,Smartwatch,East,679.0202642820813,4,42,CUST02855
2022-10-06 19:57:30,Tablet,South,363.9299525356467,6,71,CUST02856
2022-05-10 14:57:48,Tablet,North,531.6016116188196,7,58,CUST02857
2023-05-07 19:18:44,Headphones,West,597.4329334175422,7,67,CUST02858
2023-02-16 12:01:26,Laptop,West,522.1328878861152,8,76,CUST02859
2023-03-23 18:01:14,Tablet,South,406.6934788336919,5,66,CUST02860
2023-01-11 22:51:34,Smartwatch,North,500.4639052512778,6,47,CUST02861
2022-10-30 16:48:15,Laptop,South,579.4594856035441,2,62,CUST02862
2022-12-07 12:01:50,Laptop,East,385.90222564754913,2,21,CUST02863
2023-03-13 11:16:04,Laptop,South,320.4141741050553,3,70,CUST02864
2023-01-04 03:09:47,Tablet,Easu,808.9314232798916,4,43,CUST02865
2022-03-18 07:21:50,Laptop,West,528.1294640454396,6,24,CUST02866
2023-03-29 17:25:44,Headphones,East,640.7525469536497,6,57,CUST02867
2023-12-01 07:52:03,Laptop,North,531.424437159242,3,65,CUST02868
2022-09-14 11:34:34,Smartwatch,North,657.5476109055471,1,29,CUST02869
2022-09-10 06:07:46,Smartphone,North,511.8767694462459,3,18,CUST02870
2023-10-28 17:44:46,Smartwatch,North,588.0670172983462,4,23,CUST02871
2023-04-25 21:48:51,Tablet,Central,333.57044644161226,9,18,CUST02872
2023-09-17 09:53:24,Laptop,East,235.23183721711547,8,25,CUST02873
2023-06-03 15:19:40,Laptop,North,428.5283238268917,4,61,CUST02874
2023-01-27 08:29:09,Headphones,South,28613.09193879626,7,65,CUST02875
2022-12-17 20:54:42,Laptop,South,182.4527358727537,9,50,CUST02876
2023-01-17 07:39:13,Smartwatch,Central,545.2621522612325,2,21,CUST02877
2023-05-17 03:49:33,Tablet,East,234.59578979950348,3,68,CUST02878
2022-03-16 09:42:20,Smartphone,East,642.42434829211,1,67,CUST02879
2023-02-01 12:38:27,Laptop,East,716.1778350208881,8,57,CUST02880
2022-12-03 20:45:35,Smartphone,Central,283.55154068563155,2,23,CUST02881
2023-01-06 19:48:04,Laptop,East,,7,62,CUST02882
2022-06-30 02:17:23,Tablet,East,778.6901218042165,7,77,CUST02883
2023-11-20 06:57:49,Smartwatch,North,429.2030843303941,3,69,CUST02884
2023-06-02 17:32:10,Tablet,East,591.6269683813744,2,20,CUST02885
2023-01-20 07:17:48,Smartphone,North,858.9355262096552,3,32,CUST02886
2022-11-02 18:18:22,Laptop,North,248.42766837508478,8,23,CUST02887
2022-02-20 05:14:03,Smartphone,Easu,347.10738274851957,9,23,CUST02888
2023-01-29 06:30:58,Smartwatch,South,584.6136649072101,8,54,CUST02889
2022-05-20 12:56:39,Tablet,West,825.8657932338241,2,68,CUST02890
2023-12-19 10:53:03,Smartphone,South,393.3174749828047,9,44,CUST02891
2023-07-26 17:37:45,Smartphone,East,865.3597789162834,6,59,CUST02892
2022-02-17 15:52:03,Smartwatch,East,519.7934221094368,2,58,CUST02893
2023-12-23 08:02:37,Laptop,South,204.91165042987848,9,63,CUST02894
2023-10-10 12:14:09,Smartphone,East,738.5722439109287,5,71,CUST02895
2023-04-07 07:42:57,Smartwatch,North,430.4564218085002,6,22,CUST02896
2022-12-14 22:07:44,Laptop,Central,567.278791788806,1,76,CUST02897
2023-02-01 10:49:48,Laptop,East,251.12454687000934,2,56,CUST02898
2022-12-29 20:09:39,Tablet,East,387.0122623011438,1,34,CUST02899
2023-06-15 14:36:09,Smartwatch,South,275.46921151389824,4,40,CUST02900
2023-09-14 22:19:04,Laptop,North,259.5509655933935,2,34,CUST02901
2022-12-07 19:34:53,Tablet,South,514.7059396930126,1,58,CUST02902
2023-04-07 00:43:54,Headphones,South,585.0166203223316,3,71,CUST02903
2023-11-20 08:53:26,Smartwatch,Easu,417.9862777981919,4,40,CUST02904
2023-04-05 11:09:18,Headphones,North,284.4269315283185,4,56,CUST02905
2022-01-03 00:40:11,Laptop,East,308.58414894406565,3,50,CUST02906
2023-04-21 09:30:49,Smartwatch,East,555.7444457049561,2,19,CUST02907
2022-05-25 11:06:14,Tablet,East,516.6035855820328,8,27,CUST02908
2023-04-20 03:44:12,Laptop,Easu,558.2112009929576,2,36,CUST02909
2023-09-24 19:46:38,Smartwatch,Central,733.7607833909252,5,57,CUST02910
2022-10-22 08:20:22,Smartwatch,West,586.3024320771809,7,26,CUST02911
2023-11-29 08:24:30,Headphones,North,561.3544097018743,9,32,CUST02912
2023-10-15 13:01:43,Laptop,Central,855.3074697792125,3,60,CUST02913
2023-08-28 08:10:24,Tablet,West,458.7823346299899,1,41,CUST02914
2022-08-28 05:12:09,Tablet,West,857.5513071107304,9,29,CUST02915
2023-10-26 19:17:16,Laptop,West,713.5825535234101,1,39,CUST02916
2022-11-23 05:42:01,Laptop,Centram,455.31118865645095,8,35,CUST02917
2023-07-26 19:00:07,Smartphone,North,620.7258261757225,2,19,CUST02918
2023-05-03 06:05:23,Headphones,South,467.7198708772477,7,79,CUST02919
2022-05-12 20:28:03,Laptop,West,284.54068862822896,3,78,CUST02920
2023-03-20 02:46:13,Laptop,South,498.7941117317582,6,77,CUST02921
2023-03-30 05:39:18,Smartphone,South,279.9310505512233,6,32,CUST02922
2022-06-11 11:47:01,Smartphone,East,534.9447127617381,4,59,CUST02923
2022-06-16 14:32:32,Smartwatch,South,620.0719758788077,8,56,CUST02924
2023-12-04 15:20:11,Tablet,East,,-5,26,CUST02925
2023-08-28 14:28:07,Headphones,North,534.6436176583172,7,39,CUST02926
2023-06-25 13:25:00,Smartwatch,North,532.1587472430327,5,34,CUST02927
2023-02-10 04:58:17,Laptop,East,626.6524380937401,4,31,CUST02928
2022-05-26 14:50:22,Smartphone,North,513.4213282796288,6,48,CUST02929
2023-11-23 03:20:26,Tablet,West,452.7910538692219,3,58,CUST02930
2022-05-09 10:50:52,Smartwatch,North,619.8410593097582,6,79,CUST02931
2023-01-26 19:31:02,Tablet,East,523.7837278594003,6,24,CUST02932
2023-10-08 11:57:09,Smartphone,West,179.6664757201507,6,64,CUST02933
2022-11-29 12:07:17,Smartwatch,South,447.457019090897,3,52,CUST02934
2023-04-03 15:44:21,Smartwatch,South,422.42430845658004,8,51,CUST02935
2023-04-09 18:50:48,Tablet,South,522.118886059632,4,20,CUST02936
2023-09-14 01:44:57,Smartphone,East,505.9985971196161,2,19,CUST02937
2023-03-20 09:46:48,Laptop,South,207.446151065956,7,62,CUST02938
2022-10-25 07:30:22,Smartwatch,North,276.24174673195546,8,44,CUST02939
2022-03-21 20:01:13,Laptop,South,357.070925479122,4,75,CUST02940
2022-05-25 01:58:47,Smartphone,Central,509.66826248419915,6,62,CUST02941
2022-08-26 12:56:25,Smartwatch,Central,661.0762741927402,8,19,CUST02942
2022-03-11 11:18:16,Smartwatch,South,259.4534403691107,5,69,CUST02943
2023-08-07 09:57:16,Laptop,South,399.1827573143688,9,71,CUST02944
2023-04-13 04:23:35,Headphones,Central,492.72887334342903,6,68,CUST02945
2022-08-03 17:36:23,Laptop,South,360.2901501491072,6,58,CUST02946
2023-04-26 18:24:15,Laptop,West,513.1070468829442,2,22,CUST02947
2023-05-01 06:35:28,Headphones,Central,596.0412422770103,7,38,CUST02948
2022-05-05 01:19:21,Smartphone,East,386.4783311476104,9,24,CUST02949
2022-10-08 14:44:42,Smartphone,Central,549.1375208266245,5,42,CUST02950
2022-09-15 18:32:35,Smartwatch,North,482.8221195062665,5,62,CUST02951
2023-04-02 09:24:01,Tablet,West,327.63470711047967,5,18,CUST02952
2023-10-19 13:50:15,Tablet,East,478.8677566239956,1,26,CUST02953
2023-05-18 18:50:58,Smartwatch,South,568.4998959034934,5,19,CUST02954
2023-01-05 01:29:07,Tablet,North,712.0614507144265,8,20,CUST02955
2022-04-03 14:56:59,Laptop,North,746.6365614346379,3,61,CUST02956
2023-07-16 17:18:01,Laptop,West,414.8472907886515,9,54,CUST02957
2023-09-22 01:58:48,Headphones,Easu,405.80808778340065,9,75,CUST02958
2022-03-30 17:57:37,Headphones,North,506.0585190167817,6,61,CUST02959
2022-02-21 06:11:30,Smartwatch,East,418.59545188934374,4,21,CUST02960
2023-12-22 00:28:19,Smartwatch,East,681.9548753325511,4,38,CUST02961
2023-03-28 07:37:45,Smartwatch,North,515.1036108289861,1,78,CUST02962
2023-12-11 06:00:00,Laptop,East,508.28652658638634,5,43,CUST02963
2022-04-13 21:23:02,Tablet,West,596.4961670755347,5,70,CUST02964
2023-02-26 17:10:09,Smartwatch,North,523.9754264259816,5,61,CUST02965
2023-09-07 08:37:24,Smartwatch,West,545.78669720812,1,54,CUST02966
2023-08-08 19:14:54,Laptop,West,539.4786461854619,1,31,CUST02967
2022-02-12 18:42:56,Laptop,East,,2,63,CUST02968
2022-05-05 05:06:42,Laptop,East,364.63424582577414,1,27,CUST02969
2023-05-07 08:48:43,Tablet,Norti,763.8533022805582,8,43,CUST02970
2022-06-20 02:41:37,Smartwatch,South,364.1399433324048,4,27,CUST02971
2022-07-25 21:33:20,Smartphone,North,748.1345777419929,6,54,CUST02972
2023-11-08 19:05:26,Smartphone,West,551.2163934146604,8,76,CUST02973
2022-07-24 05:09:40,Smartwatch,East,409.76240306769324,5,35,CUST02974
2022-04-08 15:48:32,Smartwatch,West,583.2286390344516,6,44,CUST02975
2022-11-23 15:28:21,Smartwatch,Central,617.8874130355646,4,34,CUST02976
2023-02-03 08:34:55,Smartwatch,Central,757.7302447128014,6,27,CUST02977
2022-03-08 22:26:22,Tablet,West,302.6532848269276,6,28,CUST02978
2023-07-26 11:27:30,Smartphone,South,,3,64,CUST02979
2023-10-26 08:03:39,Headphones,South,706.5814710723308,4,41,CUST02980
2022-06-02 04:06:30,Smartphone,North,611.9829277480369,6,36,CUST02981
2023-10-07 06:49:46,Smartphone,North,572.9026260748738,8,61,CUST02982
2023-10-19 00:44:57,Laptop,North,721.7731476722951,7,33,CUST02983
2022-12-09 04:44:56,Smartwatch,East,473.0089016923784,4,40,CUST02984
2022-01-14 23:14:21,Smartwatch,South,140.29477843205004,3,73,CUST02985
2022-12-15 17:47:56,Smartwatch,West,445.0238298837756,8,76,CUST02986
2022-02-06 02:33:32,Laptop,Central,801.7634668818929,6,29,CUST02987
2023-07-30 15:01:12,Tablet,South,544.7713935360338,8,71,CUST02988
2023-09-09 00:04:13,Tablet,South,373.63542418533143,9,79,CUST02989
2022-02-27 03:16:40,Headphones,South,700.1194202115815,9,71,CUST02990
2022-06-19 12:54:25,Tablet,North,626.7294355662784,9,76,CUST02991
2023-03-20 04:19:11,Tablet,East,522.0517626299235,1,36,CUST02992
2023-07-23 16:09:06,Smartwatch,West,587.7698058895645,3,42,CUST02993
2022-06-13 21:22:14,Smartphone,North,347.41176496644124,9,20,CUST02994
2023-01-16 00:18:28,Tablet,East,445.6852408562067,4,30,CUST02995
2022-07-17 03:54:57,Tablet,South,490.2603157593041,2,38,CUST02996
2023-11-12 17:17:54,Laptop,East,664.8758446025475,1,39,CUST02997
2022-09-17 08:04:57,Headphones,North,417.6879833959822,5,64,CUST02998
2022-11-11 09:33:41,Laptop,South,496.13754443756324,4,46,CUST02999
2023-02-17 03:26:52,Smartwatch,North,716.1487240247043,5,66,CUST03000
2023-12-21 10:40:38,Smartphone,West,87864.90451339504,5,60,CUST03001
2022-10-14 16:07:04,Headphones,South,369.40419094720846,8,42,CUST03002
2022-09-03 09:03:44,Laptop,East,520.9936384556789,6,40,CUST03003
2022-01-10 17:56:26,Tablet,North,273.8070628582769,3,76,CUST03004
2022-12-09 01:20:38,Tablet,Centram,497.82486067822686,9,29,CUST03005
2023-10-07 11:52:55,Headphones,East,456.4843324527111,8,66,CUST03006
2022-06-18 17:32:43,Tablet,East,,9,71,CUST03007
2022-11-05 13:18:37,Laptop,South,324.06415463874146,4,40,CUST03008
2023-05-30 23:32:34,Laptop,East,303.50254457660856,8,22,CUST03009
2023-04-16 17:26:27,Tablet,North,728.1402092878582,3,46,CUST03010
2022-10-05 19:43:21,Tablet,Central,405.03016854044,5,22,CUST03011
2023-03-29 11:15:49,Smartwatch,West,529.6146712352354,7,56,CUST03012
2022-01-14 00:28:25,Smartphone,Central,,1,52,CUST03013
2023-03-01 07:26:30,Headphones,North,381.90265666526096,1,52,CUST03014
2022-12-14 20:37:00,Laptop,South,382.0623573221939,3,34,CUST03015
2022-03-06 08:14:37,Headphones,North,669.0364527054828,4,47,CUST03016
2023-01-10 11:30:47,Smartwatch,East,601.5608133267995,1,73,CUST03017
2022-08-20 21:21:40,Laptop,South,497.6468810362307,8,19,CUST03018
2022-06-27 06:14:56,Smartwatch,West,479.48122627636343,2,32,CUST03019
2022-04-10 10:57:39,Smartwatch,West,547.491632727844,5,68,CUST03020
2022-08-06 02:25:06,Tablet,Norti,557.3298817880184,6,40,CUST03021
2023-06-10 02:02:48,Headphones,East,689.1718283326105,6,59,CUST03022
2023-06-25 10:16:39,Headphones,West,496.87158326582846,6,43,CUST03023
2023-01-12 20:34:40,Tablet,Central,566.4471122300246,1,28,CUST03024
2023-01-29 00:42:34,Headphones,South,607.7268192768022,3,41,CUST03025
2023-07-14 01:21:44,Tablet,Central,610.3662785057556,3,26,CUST03026
2023-01-22 18:50:14,Laptop,West,717.4579378041842,8,31,CUST03027
2022-12-11 04:27:47,Smartwatch,West,498.11168320281394,6,41,CUST03028
2022-09-02 01:46:52,Smartwatch,North,,2,24,CUST03029
2022-06-20 17:51:44,Headphones,North,446.30554651562244,1,27,CUST03030
2022-07-05 19:44:59,Smartphone,South,596.1240026142457,4,50,CUST03031
2022-09-12 03:31:13,Smartwatch,Norti,,1,50,CUST03032
2023-10-26 18:17:31,Tablet,East,843.0196433740776,5,63,CUST03033
2022-06-23 01:36:04,Smartphone,South,501.8883399867831,8,44,CUST03034
2023-01-05 10:15:07,Smartphone,East,356.75700337774657,2,25,CUST03035
2023-03-12 13:22:28,Smartwatch,North,548.4052500969469,8,31,CUST03036
2022-10-02 12:31:03,Smartwatch,South,730.821831913405,8,24,CUST03037
2022-09-10 11:35:01,Smartwatch,Wesu,377.6360285413044,6,35,CUST03038
2023-05-25 15:33:05,Tablet,Central,373.30678023484404,8,74,CUST03039
2023-02-15 10:53:54,Smartphone,West,471.97769443024015,2,43,CUST03040
2022-03-26 21:28:21,Headphones,East,403.11341617512204,7,72,CUST03041
2023-08-24 11:02:03,Tablet,West,297.467285463187,8,58,CUST03042
2023-08-12 06:13:16,Laptop,West,268.8768742640535,4,76,CUST03043
2023-07-05 14:24:57,Smartwatch,Central,534.8642905700394,9,32,CUST03044
2022-08-31 10:22:58,Smartphone,Central,607.2564660521851,6,50,CUST03045
2022-05-21 10:11:33,Tablet,West,394.8253666754585,3,28,CUST03046
2023-10-21 00:18:13,Laptop,Central,489.4221960502524,4,36,CUST03047
2022-09-29 14:38:57,Tablet,West,527.7442890628244,4,59,CUST03048
2023-05-01 09:20:22,Tablet,South,334.21488974306357,1,35,CUST03049
2022-06-22 19:31:55,Headphones,West,628.8291045521995,1,39,CUST03050
2022-10-05 20:09:37,Headphones,North,531.7850503126353,1,75,CUST03051
2022-06-27 10:18:13,Tablet,Central,578.6714764476102,4,53,CUST03052
2023-06-27 06:14:40,Laptop,Central,601.9952997196748,1,35,CUST03053
2023-07-07 01:21:38,Smartphone,East,863.8644497082378,6,35,CUST03054
2023-08-15 13:51:29,Smartphone,East,346.31029302563337,2,39,CUST03055
2023-03-17 01:16:06,Smartwatch,North,366.0847635707312,1,42,CUST03056
2023-08-24 12:44:13,Smartwatch,Central,752.4387296839807,7,71,CUST03057
2022-09-28 15:36:19,Smartphone,Central,597.8342122414504,6,69,CUST03058
2023-10-22 12:33:11,Tablet,East,510.3540835236178,1,61,CUST03059
2022-04-27 19:40:05,Tablet,East,428.28702047039104,9,48,CUST03060
2023-06-14 00:52:09,Headphones,West,465.2170391874482,6,26,CUST03061
2022-08-12 17:02:27,Headphones,Central,468.12790472195167,2,67,CUST03062
2023-03-01 13:29:40,Smartwatch,Central,,7,55,CUST03063
2022-06-20 09:41:32,Smartphone,West,645.9798045352734,3,72,CUST03064
2023-05-11 02:47:56,Tablet,Central,198.40140120786845,7,78,CUST03065
2022-05-05 12:27:10,Smartphone,North,372.6408055810638,9,36,CUST03066
2022-08-29 11:44:46,Laptop,East,435.2338508100525,5,69,CUST03067
2023-10-30 19:01:12,Smartphone,East,821.5226581778918,1,72,CUST03068
2023-12-09 06:35:34,Laptop,East,484.8804247022547,5,42,CUST03069
2022-08-16 13:23:27,Headphones,South,547.4693748213929,8,32,CUST03070
2022-06-10 10:58:49,Headphones,North,368.3765733897593,8,22,CUST03071
2022-05-26 11:23:41,Smartwatch,North,630.3093519272298,3,28,CUST03072
2022-02-10 11:16:45,Smartphone,West,942.7821842743662,4,30,CUST03073
2023-10-02 19:37:28,Smartphone,South,573.7251619408323,8,51,CUST03074
2023-04-08 15:01:10,Laptop,Central,449.6743175283861,8,25,CUST03075
2022-11-03 09:08:31,Headphones,North,195.23907687867282,7,42,CUST03076
2022-03-03 11:24:59,Laptop,South,604.05383528864,6,44,CUST03077
2022-07-09 23:15:28,Headphones,South,352.1080290554132,4,28,CUST03078
2022-07-17 18:03:59,Laptop,North,386.6335995556957,9,35,CUST03079
2023-03-07 13:50:03,Headphones,West,639.7566125615664,2,75,CUST03080
2023-09-13 16:49:11,Laptop,South,428.9555488220825,2,27,CUST03081
2023-12-07 21:12:51,Headphones,East,485.87862136888805,1,50,CUST03082
2022-11-02 01:10:26,Laptop,South,612.4679516162738,3,53,CUST03083
2022-09-21 14:30:39,Smartphone,Central,,3,78,CUST03084
2023-01-10 03:12:29,Smartwatch,North,306.65636982561193,4,34,CUST03085
2022-01-14 06:38:36,Laptop,Central,569.6455378223936,3,66,CUST03086
2023-06-04 16:06:46,Smartwatch,West,613.1525499531544,6,22,CUST03087
2023-03-09 00:39:55,Smartphone,Easu,413.36527303567465,9,40,CUST03088
2022-09-27 03:54:26,Smartphone,North,405.93035082077466,8,20,CUST03089
2023-08-10 03:13:43,Headphones,South,334.9856988547904,6,56,CUST03090
2022-08-07 19:01:09,Smartwatch,East,607.0236432559268,8,54,CUST03091
2023-02-08 01:48:52,Tablet,South,787.8347126830007,8,27,CUST03092
2022-05-20 10:45:39,Headphones,West,639.7317628779878,6,44,CUST03093
2022-09-12 19:30:47,Smartwatch,North,486.3219585699033,2,73,CUST03094
2022-05-28 21:04:55,Laptop,West,607.4683068974056,5,24,CUST03095
2023-03-09 20:00:43,Laptop,West,,4,66,CUST03096
2023-04-07 09:30:40,Smartphone,Wesu,555.2605437545493,6,46,CUST03097
2023-11-23 09:14:32,Tablet,West,337.2099412404459,2,66,CUST03098
2022-09-23 02:29:40,Laptop,South,481.6721963346802,4,56,CUST03099
2023-12-08 10:00:37,Smartwatch,Central,661.3540142044789,8,23,CUST03100
2022-12-17 07:43:17,Smartwatch,South,,1,26,CUST03101
2023-07-01 18:49:53,Laptop,East,,3,25,CUST03102
2022-11-27 16:07:35,Smartwatch,West,562.4415246428347,4,78,CUST03103
2022-09-19 23:51:02,Smartwatch,East,389.5816558414503,2,31,CUST03104
2022-09-22 00:30:23,Smartphone,South,521.3721009590132,2,71,CUST03105
2022-05-15 21:18:24,Tablet,West,617.4913329668807,6,55,CUST03106
2023-11-06 10:48:47,Smartphone,South,463.52683269275894,6,26,CUST03107
2022-12-06 22:33:47,Tablet,West,469.31272830943635,3,77,CUST03108
2022-02-08 16:17:41,Smartwatch,South,429.46620003718874,8,69,CUST03109
2022-06-01 19:35:15,Tablet,North,457.2576360955131,3,74,CUST03110
2022-10-07 08:33:37,Smartwatch,Central,384.0014981837443,2,28,CUST03111
2022-01-31 06:36:44,Smartwatch,Central,503.61075794842145,5,28,CUST03112
2022-09-02 02:18:53,Smartphone,West,451.9586507253092,7,57,CUST03113
2023-02-16 07:17:55,Smartphone,North,278.8631519227301,1,52,CUST03114
2022-11-07 20:32:32,Headphones,East,890.1413490810767,2,28,CUST03115
2023-03-04 20:54:46,Laptop,North,344.3857767285863,2,53,CUST03116
2023-10-14 19:54:25,Headphones,West,479.7959199274016,8,72,CUST03117
2023-11-05 13:11:08,Headphones,North,509.17518539262426,6,20,CUST03118
2022-02-07 20:23:29,Tablet,East,,4,62,CUST03119
2022-10-21 18:20:24,Smartwatch,West,486.5423256811618,4,36,CUST03120
2023-04-19 03:07:00,Smartwatch,Central,377.2182815312292,5,25,CUST03121
2022-05-08 20:13:53,Smartwatch,North,609.0768973705337,3,70,CUST03122
2022-08-21 15:51:20,Laptop,Central,496.6642169247359,4,45,CUST03123
2022-12-11 08:31:04,Tablet,Central,607.7589887521018,4,70,CUST03124
2023-04-29 09:28:32,Tablet,South,720.4843507539385,7,73,CUST03125
2023-03-06 23:01:30,Smartwatch,East,457.81568840418464,7,71,CUST03126
2023-09-28 14:25:06,Headphones,North,616.0173419955006,1,70,CUST03127
2022-11-12 23:37:23,Laptop,Central,730.4517720829053,3,18,CUST03128
2023-12-01 20:21:17,Headphones,Central,481.47984381132966,9,70,CUST03129
2023-04-28 07:34:46,Smartphone,East,603.6648875103008,6,57,CUST03130
2022-08-31 22:26:33,Tablet,Central,430.20773243737676,6,47,CUST03131
2022-12-07 05:36:03,Tablet,Central,679.5818052655816,4,58,CUST03132
2023-11-26 00:54:41,Headphones,Central,,9,55,CUST03133
2022-01-03 16:56:22,Laptop,Central,605.4595094316115,3,28,CUST03134
2022-10-02 02:42:13,Tablet,South,649.2676846379954,8,46,CUST03135
2023-10-16 06:58:42,Headphones,South,323.15343496842985,6,48,CUST03136
2022-09-07 20:12:05,Laptop,West,399.99351623876015,2,78,CUST03137
2023-09-18 18:38:34,Headphones,North,393.922919141007,3,27,CUST03138
2023-08-24 20:48:14,Laptop,East,661.9899324501293,1,52,CUST03139
2023-01-22 21:29:57,Smartwatch,West,323.69785457728386,3,57,CUST03140
2022-07-22 14:05:47,Laptop,South,548.8533846367197,4,46,CUST03141
2023-01-17 12:34:44,Smartphone,South,608.9716572875967,6,54,CUST03142
2022-01-21 18:24:51,Smartwatch,South,525.4083474748124,7,19,CUST03143
2022-09-25 17:10:01,Headphones,West,691.2099511487106,3,65,CUST03144
2022-02-27 07:34:35,Smartwatch,South,211.31091820520473,7,18,CUST03145
2023-03-10 11:37:18,Smartwatch,West,591.1873322859298,4,76,CUST03146
2022-11-22 18:57:52,Headphones,South,472.7370239711316,1,49,CUST03147
2022-12-14 13:03:37,Headphones,Central,274.2308183235414,1,41,CUST03148
2023-02-26 16:09:09,Smartphone,Central,337.83532280942154,8,19,CUST03149
2022-09-04 01:13:53,Headphones,North,734.7652160912888,7,76,CUST03150
2022-05-27 15:33:00,Tablet,South,594.833205272825,4,20,CUST03151
2022-10-07 12:50:42,Tablet,North,620.28618756922,1,26,CUST03152
2022-05-01 17:40:45,Smartphone,West,643.8446664920448,6,66,CUST03153
2022-05-28 20:30:15,Laptop,North,296.4763774170144,7,41,CUST03154
2022-03-03 04:51:53,Laptop,South,536.8592587729544,6,29,CUST03155
2023-03-08 13:39:41,Tablet,West,664.7627965806532,6,51,CUST03156
2022-05-13 19:53:49,Headphones,West,439.60961794655515,8,73,CUST03157
2023-03-26 21:32:53,Smartphone,Central,704.3669635812739,6,79,CUST03158
2022-02-02 11:06:42,Laptop,West,408.10901896013246,2,51,CUST03159
2023-03-13 11:28:15,Laptop,West,518.7141787008155,7,40,CUST03160
2023-03-17 07:23:50,Smartwatch,North,559.6301043045585,4,36,CUST03161
2023-01-23 22:41:55,Tablet,West,613.189763589799,3,69,CUST03162
2022-11-06 22:39:09,Headphones,East,456.83953088996134,8,77,CUST03163
2022-05-19 21:42:32,Smartphone,Central,651.816817807462,5,49,CUST03164
2023-05-14 11:50:38,Laptop,Central,564.2021713648849,4,76,CUST03165
2023-09-07 04:18:28,Smartwatch,West,254.18095743802525,4,66,CUST03166
2022-12-28 08:02:42,Tablet,North,775.4858951043356,5,45,CUST03167
2022-03-23 23:56:49,Tablet,Central,356.320190685698,4,43,CUST03168
2023-10-17 11:49:46,Smartphone,Central,787.8500832954023,3,66,CUST03169
2023-01-06 09:29:37,Laptop,East,476.34718382116824,4,62,CUST03170
2022-08-30 19:29:38,Smartphone,West,448.4137261728523,5,29,CUST03171
2022-04-27 19:19:45,Smartphone,Central,559.8857264377235,2,60,CUST03172
2022-07-28 16:16:13,Smartwatch,Central,395.20801192829526,7,75,CUST03173
2022-12-08 00:32:19,Tablet,Central,217.1127090514278,5,48,CUST03174
2023-06-09 00:24:49,Headphones,Central,483.60369551288437,9,77,CUST03175
2022-01-18 06:04:47,Tablet,North,556.2579215517651,6,28,CUST03176
2023-06-24 15:23:53,Tablet,South,730.6654930830668,1,73,CUST03177
2023-05-12 03:16:40,Smartwatch,East,321.2959473625549,9,57,CUST03178
2023-09-22 11:57:53,Headphones,North,587.0334874478585,5,67,CUST03179
2023-01-10 01:17:12,Laptop,East,484.4149801444776,9,21,CUST03180
2023-06-12 03:35:24,Headphones,Central,504.9562608697179,1,35,CUST03181
2022-05-12 05:01:41,Laptop,East,,2,46,CUST03182
2022-03-03 00:41:04,Headphones,West,423.2865742019506,3,64,CUST03183
2022-02-13 20:29:23,Smartphone,West,525.1288962743373,5,73,CUST03184
2023-09-20 09:22:38,Headphones,South,663.4906682302708,6,56,CUST03185
2022-05-14 13:37:17,Smartwatch,South,654.4400579284817,5,72,CUST03186
2023-12-07 18:53:52,Laptop,East,316.9572223790574,1,75,CUST03187
2023-09-14 12:34:53,Tablet,North,408.0592995898272,4,64,CUST03188
2023-01-15 14:50:55,Smartwatch,North,478.4410457287936,6,48,CUST03189
2022-03-02 00:29:33,Laptop,Central,,4,68,CUST03190
2022-05-28 07:45:00,Laptop,North,462.31957807109615,4,45,CUST03191
2022-09-08 02:45:07,Tablet,South,512.4106883382318,5,44,CUST03192
2022-05-08 13:26:26,Smartphone,North,687.5463783346272,8,70,CUST03193
2023-02-04 13:44:08,Smartwatch,Central,,5,47,CUST03194
2023-09-24 08:36:21,Tablet,West,720.9738135971695,7,66,CUST03195
2022-10-13 18:48:56,Tablet,North,259.18495004962466,8,59,CUST03196
2023-05-15 22:19:56,Smartphone,North,441.08728430697164,6,28,CUST03197
2023-02-10 14:34:28,Smartwatch,South,295.22832464810705,6,31,CUST03198
2023-09-08 18:09:37,Tablet,East,517.5047844838705,2,21,CUST03199
2022-10-09 23:19:35,Smartphone,West,612.6487432667009,5,53,CUST03200
2023-04-17 10:53:08,Smartwatch,East,475.81750916113464,1,18,CUST03201
2023-05-22 09:26:57,Headphones,Central,428.8354387025363,9,61,CUST03202
2022-10-31 14:35:47,Laptop,Central,296.05706790925007,7,56,CUST03203
2023-05-21 08:51:36,Smartphone,East,752.2002366734885,2,54,CUST03204
2023-11-18 01:39:26,Laptop,South,496.63822043091864,6,50,CUST03205
2023-05-12 14:40:03,Headphones,South,432.1785473614126,9,38,CUST03206
2022-04-02 11:40:28,Tablet,South,734.3798620321714,5,41,CUST03207
2022-05-12 22:59:07,Tablet,West,447.19319669424743,3,75,CUST03208
2023-07-06 17:10:35,Smartwatch,Central,363.4456508850242,4,57,CUST03209
2023-09-24 04:18:39,Smartphone,Central,393.45791670850866,3,78,CUST03210
2023-09-22 08:02:07,Smartphone,Central,371.41400666246506,1,67,CUST03211
2023-06-13 01:35:27,Smartwatch,West,340.09577499282335,7,30,CUST03212
2022-01-27 21:08:43,Laptop,Central,395.9845185841986,8,66,CUST03213
2023-12-26 11:40:14,Tablet,East,862.2425950568563,2,51,CUST03214
2022-11-02 07:31:25,Tablet,North,327.52655520387907,8,55,CUST03215
2022-02-24 22:32:51,Smartphone,West,276.17720640300325,9,46,CUST03216
2022-04-11 00:02:25,Smartphone,North,541.7044201368403,7,70,CUST03217
2023-08-26 20:49:32,Smartwatch,Easu,488.605043140304,1,53,CUST03218
2023-08-16 06:46:19,Headphones,South,599.0061434856242,4,57,CUST03219
2023-01-18 16:50:06,Laptop,South,416.88735196640835,7,64,CUST03220
2022-01-11 00:10:45,Headphones,South,369.7229919043418,6,22,CUST03221
2022-01-17 12:42:07,Headphones,West,751.057965122397,8,37,CUST03222
2023-10-04 22:02:04,Smartphone,South,258.24656231667944,6,46,CUST03223
2022-04-13 13:01:30,Smartphone,West,554.0898348894464,6,28,CUST03224
2023-05-23 16:31:57,Smartphone,West,,6,25,CUST03225
2023-03-14 14:34:41,Headphones,North,623.2553183772229,7,45,CUST03226
2023-04-22 00:43:39,Laptop,South,454.4928097794119,5,66,CUST03227
2022-09-27 14:09:26,Smartphone,Central,312.76671653143734,9,58,CUST03228
2023-07-21 16:33:22,Tablet,South,724.9271044089166,7,35,CUST03229
2023-07-24 17:19:26,Laptop,South,433.1683619949432,1,47,CUST03230
2023-12-21 12:54:10,Tablet,South,729.4996971621898,9,31,CUST03231
2022-04-07 11:48:20,Laptop,Central,555.2110919856617,6,73,CUST03232
2022-08-01 21:09:53,Smartphone,Central,427.4113982341132,8,26,CUST03233
2022-11-28 20:05:29,Smartwatch,West,,9,27,CUST03234
2023-03-06 00:24:56,Smartphone,Central,,2,73,CUST03235
2023-07-16 04:03:13,Headphones,West,512.3132375735815,2,42,CUST03236
2022-01-12 06:19:41,Headphones,North,389.3626336163823,5,69,CUST03237
2023-06-06 12:37:30,Laptop,West,231.86705087835134,5,44,CUST03238
2022-07-31 10:40:49,Headphones,South,436.36146906540824,2,19,CUST03239
2023-06-27 02:50:36,Smartphone,Easu,62114.60871328236,4,20,CUST03240
2023-05-19 04:54:54,Tablet,East,348.4499224645342,9,46,CUST03241
2024-01-10 13:52:55,Smartphone,South,602.1743096894245,4,73,CUST03242
2022-01-24 20:42:54,Laptop,West,,1,54,CUST03243
2023-02-25 15:46:30,Headphones,South,,5,44,CUST03244
2022-08-27 20:42:58,Tablet,Centram,149.11521493896907,2,21,CUST03245
2023-12-18 13:28:40,Smartwatch,West,286.949730085179,6,52,CUST03246
2022-03-22 17:56:50,Tablet,South,430.6102500740609,1,44,CUST03247
2023-08-26 23:26:12,Tablet,Central,779.9409614402251,7,36,CUST03248
2023-08-21 00:24:40,Smartphone,Central,386.8597758062805,7,27,CUST03249
2022-03-13 21:11:55,Smartwatch,West,480.98250400419954,4,43,CUST03250
2022-11-15 03:40:45,Laptop,North,,9,24,CUST03251
2022-12-29 16:14:42,Laptop,North,564.2955654141889,3,44,CUST03252
2022-10-20 20:41:42,Tablet,Central,628.9445141544405,5,47,CUST03253
2022-08-20 17:11:43,Tablet,North,403.6512923750858,5,29,CUST03254
2022-07-24 17:02:07,Headphones,Central,676.848011095195,8,57,CUST03255
2023-03-08 07:40:16,Smartwatch,North,699.7092403272588,4,78,CUST03256
2023-04-14 09:01:55,Tablet,Central,575.2397371583849,1,22,CUST03257
2023-02-12 02:35:47,Headphones,Central,487.1034587563366,5,73,CUST03258
2023-09-05 12:32:38,Smartwatch,Central,583.9140881848374,1,30,CUST03259
2023-05-20 06:58:47,Laptop,Central,,3,58,CUST03260
2022-03-15 02:06:08,Headphones,East,663.2950851487332,6,21,CUST03261
2023-11-22 18:01:08,Smartwatch,North,372.63174451991347,1,19,CUST03262
2022-10-18 12:41:10,Headphones,Central,458.21027097296474,3,54,CUST03263
2022-04-13 00:53:15,Tablet,South,697.6332305848812,7,51,CUST03264
2023-04-12 05:08:03,Smartphone,West,664.6343375640006,2,75,CUST03265
2022-04-04 08:03:40,Laptop,South,256.8308423230627,6,67,CUST03266
2023-12-23 20:01:55,Tablet,South,357.9007216529397,7,23,CUST03267
2023-07-22 12:22:19,Tablet,East,596.0170026187718,2,43,CUST03268
2022-08-01 01:23:49,Smartwatch,Norti,239.08888013808283,5,28,CUST03269
2022-07-29 04:47:34,Headphones,East,,1,59,CUST03270
2022-10-04 18:15:13,Laptop,North,517.6887615204978,3,18,CUST03271
2022-10-11 20:44:46,Tablet,Central,711.9376360687779,1,51,CUST03272
2023-06-24 00:57:08,Smartwatch,East,388.26697118778503,3,38,CUST03273
2023-07-31 20:22:11,Laptop,West,401.5742528611195,4,27,CUST03274
2023-12-06 13:33:50,Headphones,North,655.1229496582807,-5,22,CUST03275
2023-09-03 16:09:33,Tablet,East,455.544098645359,4,43,CUST03276
2023-10-31 15:25:51,Tablet,West,313.86177727742717,4,61,CUST03277
2022-12-21 01:29:32,Tablet,South,584.2207966807636,9,36,CUST03278
2023-06-06 06:34:10,Laptop,Central,261.1440831707592,9,38,CUST03279
2023-02-21 18:55:02,Laptop,Central,716.3201394063191,9,74,CUST03280
2023-05-07 02:51:06,Laptop,South,527.6312663976714,5,51,CUST03281
2023-01-27 16:54:51,Laptop,East,366.55152746807886,5,46,CUST03282
2023-10-03 12:13:09,Smartwatch,South,671.7782085472347,2,55,CUST03283
2022-09-07 03:43:02,Smartphone,West,67441.78087728305,6,32,CUST03284
2023-08-24 10:31:24,Smartwatch,North,500.5598613937059,2,57,CUST03285
2022-07-02 22:16:53,Tablet,East,841.3113085539334,5,33,CUST03286
2023-06-16 18:20:52,Smartwatch,North,837.8517193972137,5,68,CUST03287
2023-07-03 08:49:01,Headphones,South,548.5022984455022,4,79,CUST03288
2023-12-08 03:32:06,Laptop,Central,659.8109152691136,5,35,CUST03289
2023-05-08 07:55:45,Headphones,North,,7,76,CUST03290
2023-03-14 15:16:13,Headphones,North,329.7614821739394,2,66,CUST03291
2023-09-19 01:24:42,Tablet,Central,543.0074396834028,1,78,CUST03292
2023-09-05 23:00:36,Laptop,North,397.7246183665316,4,18,CUST03293
2022-06-27 07:55:33,Headphones,North,376.56476644635075,7,28,CUST03294
2023-03-28 18:05:25,Tablet,Central,518.2410221854195,1,53,CUST03295
2023-05-03 19:36:46,Laptop,Central,529.5111890678904,4,49,CUST03296
2022-07-19 23:53:56,Smartphone,South,258.19855946125995,6,45,CUST03297
2023-05-27 12:14:01,Tablet,South,551.5572911380574,6,23,CUST03298
2023-03-29 08:31:18,Smartwatch,North,462.3578308487972,1,24,CUST03299
2023-08-25 23:26:49,Laptop,East,709.6878371887648,7,78,CUST03300
2022-04-20 02:33:27,Headphones,South,674.406589040895,5,57,CUST03301
2022-07-21 19:55:18,Headphones,South,371.59872710807133,6,41,CUST03302
2023-04-21 21:15:48,Smartwatch,East,696.909255670782,1,27,CUST03303
2023-08-24 08:16:00,Smartwatch,East,580.3933013665213,7,47,CUST03304
2023-07-01 19:59:08,Headphones,Central,467.2578520777702,4,34,CUST03305
2023-08-26 12:38:44,Laptop,South,423.17315217405076,3,61,CUST03306
2022-11-04 03:04:57,Tablet,West,327.8530401701846,4,25,CUST03307
2022-12-06 08:16:49,Smartwatch,West,317.3003239165473,9,29,CUST03308
2022-08-02 16:40:12,Smartwatch,North,225.93065906388006,5,43,CUST03309
2022-12-21 02:58:28,Smartwatch,South,503.13225942821987,5,34,CUST03310
2023-07-19 12:33:56,Smartphone,West,190.99175745402036,8,52,CUST03311
2022-08-20 18:07:13,Laptop,South,370.02261334866694,7,63,CUST03312
2022-04-16 05:17:24,Laptop,South,598.5274286494479,3,61,CUST03313
2022-11-17 17:06:52,Laptop,West,72398.97232831275,1,22,CUST03314
2023-07-20 20:42:07,Laptop,South,327.7377988045207,2,62,CUST03315
2022-06-22 22:39:31,Laptop,East,591.4411590727082,3,28,CUST03316
2023-08-22 04:36:32,Headphones,North,453.54726255855746,1,33,CUST03317
2022-01-18 22:55:30,Smartwatch,Central,422.5690802965304,1,75,CUST03318
2022-01-12 05:47:28,Headphones,West,523.2000605111675,8,59,CUST03319
2022-02-23 21:50:51,Smartphone,Central,401.773047056784,8,47,CUST03320
2022-09-29 16:08:42,Tablet,North,487.3736976790198,2,77,CUST03321
2022-03-04 06:05:50,Smartwatch,East,510.6404057116678,8,73,CUST03322
2022-01-31 04:16:51,Smartphone,East,674.0871765357007,2,57,CUST03323
2022-01-20 14:23:59,Headphones,East,,5,23,CUST03324
2022-08-04 08:58:30,Tablet,East,410.2180772162525,1,37,CUST03325
2023-03-05 03:26:44,Smartphone,West,459.50896585684535,9,37,CUST03326
2022-07-12 04:29:13,Tablet,Wesu,620.6316547504467,4,41,CUST03327
2022-04-20 08:25:33,Smartphone,South,472.85547141336434,2,44,CUST03328
2023-04-14 10:51:47,Headphones,South,607.1494853728458,1,20,CUST03329
2022-09-20 17:42:57,Tablet,North,635.329955870611,6,41,CUST03330
2023-08-29 06:26:59,Smartphone,South,652.8777280792469,8,69,CUST03331
2023-03-29 12:15:43,Headphones,North,513.1665127281799,4,27,CUST03332
2022-05-29 05:45:31,Smartwatch,North,,1,42,CUST03333
2023-07-06 01:41:37,Headphones,North,474.8125910498348,1,45,CUST03334
2022-12-28 07:12:39,Headphones,East,423.90737530004924,6,35,CUST03335
2023-11-18 13:04:34,Smartwatch,Central,616.5708421980409,2,59,CUST03336
2022-02-14 03:45:44,Headphones,Central,728.8205632539867,5,62,CUST03337
2022-08-22 22:51:08,Smartwatch,West,733.0450592948097,2,31,CUST03338
2022-07-11 10:45:07,Smartwatch,North,632.8287806451459,9,18,CUST03339
2022-01-10 10:57:32,Smartwatch,East,359.78274399692,2,37,CUST03340
2022-11-11 06:09:41,Smartphone,South,710.4732273551703,5,64,CUST03341
2022-03-29 22:09:45,Tablet,South,563.9784347483647,4,42,CUST03342
2022-07-07 05:39:32,Smartphone,West,376.2832960439008,1,29,CUST03343
2022-06-03 23:05:13,Smartwatch,West,629.2891330395104,9,65,CUST03344
2022-03-14 13:28:44,Tablet,North,466.8426975997734,3,56,CUST03345
2023-02-09 21:21:52,Tablet,North,207.56984732939674,8,63,CUST03346
2022-04-20 20:15:36,Smartwatch,South,352.9568673893197,4,26,CUST03347
2023-02-22 13:01:51,Tablet,Souti,490.2014716580883,9,26,CUST03348
2022-10-09 00:45:04,Tablet,South,484.2860676566075,5,59,CUST03349
2022-05-02 09:35:51,Smartphone,South,340.2569648701982,2,58,CUST03350
2022-05-25 12:03:20,Tablet,Central,612.6609079312185,8,42,CUST03351
2022-09-23 00:17:44,Smartwatch,North,577.9649842983841,4,47,CUST03352
2022-02-01 13:13:36,Laptop,North,284.63560701590364,2,65,CUST03353
2023-08-20 22:38:57,Laptop,South,895.0084948592465,6,72,CUST03354
2022-01-06 03:02:19,Laptop,East,,1,57,CUST03355
2023-11-23 19:27:43,Smartwatch,South,431.33807045165406,8,45,CUST03356
2022-08-21 04:16:28,Laptop,West,556.3106146964176,9,19,CUST03357
2023-11-15 03:41:20,Smartphone,East,431.8172222879479,7,42,CUST03358
2023-09-26 15:15:21,Smartwatch,West,718.1414647153201,9,35,CUST03359
2023-02-24 17:57:05,Smartwatch,East,473.70660633085197,2,41,CUST03360
2022-12-23 17:43:21,Smartwatch,West,361.7422345926169,1,35,CUST03361
2022-06-02 00:51:11,Tablet,South,592.1780068512868,7,44,CUST03362
2023-07-08 14:56:59,Tablet,South,65.08846990101675,4,61,CUST03363
2023-02-20 04:52:36,Tablet,East,580.07285168942,8,73,CUST03364
2023-09-20 22:47:55,Headphones,Wesu,693.488727640045,3,52,CUST03365
2023-08-30 12:55:38,Smartphone,Central,153.99916793948458,7,51,CUST03366
2023-07-05 15:29:58,Smartwatch,East,439.39960091101204,7,55,CUST03367
2022-06-04 07:07:13,Smartwatch,East,253.07329344242532,9,23,CUST03368
2023-07-19 03:46:15,Tablet,North,501.9692927266554,4,66,CUST03369
2022-08-12 08:03:06,Smartwatch,East,836.5280559494778,1,33,CUST03370
2023-09-20 13:32:05,Smartwatch,Central,534.3909431190128,7,40,CUST03371
2023-08-04 02:28:23,Laptop,South,467.21051805236954,6,45,CUST03372
2023-02-13 08:30:40,Smartwatch,West,76.34400667555383,1,30,CUST03373
2022-08-15 14:35:58,Headphones,North,334.08163496097455,9,29,CUST03374
2023-12-17 09:02:08,Tablet,West,480.0471626338463,8,28,CUST03375
2022-07-26 09:34:51,Smartphone,South,513.9737393520887,4,64,CUST03376
2023-10-15 04:21:42,Smartphone,East,551.4672919559141,5,77,CUST03377
2022-05-19 08:16:23,Laptop,Central,,8,66,CUST03378
2023-01-06 19:27:40,Smartphone,North,364.14974965114743,2,69,CUST03379
2023-04-20 10:26:26,Smartphone,Central,506.0134793165333,6,78,CUST03380
2023-08-17 17:07:16,Tablet,Central,425.5538784181513,2,39,CUST03381
2022-06-02 01:15:11,Tablet,Central,359.24845401012254,8,48,CUST03382
2022-07-13 21:12:11,Headphones,Central,,5,73,CUST03383
2023-08-31 13:18:56,Laptop,South,58113.026678178736,3,44,CUST03384
2022-10-14 23:33:42,Smartphone,Central,115.36596152527629,2,44,CUST03385
2023-02-20 05:15:16,Headphones,Central,221.73948759154143,4,57,CUST03386
2022-02-17 12:20:23,Laptop,South,975.0785216019999,8,43,CUST03387
2023-06-03 03:00:28,Smartphone,West,400.3240794845704,1,24,CUST03388
2022-12-03 15:07:51,Smartphone,South,720.3296510894309,3,28,CUST03389
2022-11-28 10:03:36,Tablet,East,490.30114339112265,1,70,CUST03390
2023-08-12 04:25:58,Smartwatch,South,415.76402659355693,2,78,CUST03391
2023-10-19 02:17:14,Laptop,West,598.5797424259584,7,39,CUST03392
2022-05-19 11:16:16,Smartphone,East,512.0889328970948,1,57,CUST03393
2023-04-22 10:33:16,Laptop,East,473.13890115091186,9,36,CUST03394
2022-09-19 06:07:46,Headphones,North,493.40094885462014,8,55,CUST03395
2023-03-12 07:11:19,Headphones,Central,559.1050257451207,1,37,CUST03396
2023-08-01 12:15:30,Smartwatch,East,396.76888102531103,1,78,CUST03397
2023-08-25 21:58:47,Smartphone,East,427.7209227519282,2,36,CUST03398
2022-08-03 18:59:28,Tablet,West,353.3696459753779,2,36,CUST03399
2022-06-17 20:11:48,Smartphone,East,318.8816477844793,6,53,CUST03400
2023-03-03 11:29:23,Laptop,West,777.5125017315854,1,71,CUST03401
2022-06-05 18:14:44,Headphones,Centram,364.0621487775041,4,64,CUST03402
2023-09-19 02:41:43,Laptop,North,649.7892664160512,7,44,CUST03403
2023-04-18 07:37:29,Smartwatch,North,446.62563816604285,9,34,CUST03404
2023-03-15 12:59:10,Headphones,Centram,581.0714294028703,3,35,CUST03405
2022-12-25 13:55:47,Tablet,Central,499.7124568805046,4,78,CUST03406
2022-10-23 22:28:26,Headphones,South,231.30810396103186,5,37,CUST03407
2022-04-10 10:02:27,Smartphone,East,504.3421281468918,-5,61,CUST03408
2023-03-25 19:27:10,Smartphone,East,590.8587441262583,2,59,CUST03409
2022-08-28 08:58:58,Headphones,East,356.7527200334177,5,58,CUST03410
2022-09-12 13:07:18,Smartwatch,West,,1,25,CUST03411
2022-05-09 21:11:14,Smartphone,South,621.8286121503296,7,75,CUST03412
2023-10-25 04:03:39,Smartphone,East,623.1454165864642,5,57,CUST03413
2023-07-06 08:30:42,Tablet,West,639.0757545801886,6,28,CUST03414
2022-04-22 01:39:54,Headphones,West,149.89417740665485,9,72,CUST03415
2022-10-20 08:13:45,Smartphone,North,605.7296415221605,3,47,CUST03416
2022-08-19 22:28:20,Smartwatch,West,841.4118526741499,1,29,CUST03417
2022-05-17 06:11:16,Laptop,Central,613.9120661332723,8,71,CUST03418
2022-07-21 11:05:01,Headphones,West,460.58067845793465,2,79,CUST03419
2022-04-30 18:35:33,Tablet,Central,332.70219038810745,2,79,CUST03420
2023-12-16 11:15:43,Smartphone,Centram,318.2218626922248,4,40,CUST03421
2022-11-05 20:11:51,Smartwatch,Norti,300.20976238619437,5,23,CUST03422
2022-05-01 09:25:29,Headphones,North,439.93531975244036,1,52,CUST03423
2022-09-22 10:57:41,Smartwatch,Wesu,339.7798651993708,3,32,CUST03424
2022-08-12 07:57:34,Smartwatch,North,477.20392492185664,8,77,CUST03425
2022-07-21 03:51:59,Tablet,North,,6,55,CUST03426
2023-12-30 15:10:39,Headphones,East,242.02357942284493,3,45,CUST03427
2023-02-16 09:26:40,Smartphone,West,385.23653174105584,7,24,CUST03428
2023-12-07 15:01:50,Tablet,West,413.14254102782945,6,23,CUST03429
2022-03-03 09:19:03,Smartphone,West,408.9106646939846,5,44,CUST03430
2022-06-28 20:45:51,Laptop,North,502.6872616740692,8,19,CUST03431
2023-03-28 23:40:23,Smartwatch,North,,8,23,CUST03432
2022-12-26 22:40:08,Laptop,Central,436.35630805513125,3,78,CUST03433
2022-12-11 23:18:25,Smartwatch,South,399.1310703223682,8,49,CUST03434
2023-07-06 19:17:34,Tablet,South,496.90797111141495,9,46,CUST03435
2022-05-08 08:54:09,Smartphone,South,716.3444972254961,3,51,CUST03436
2023-06-03 08:43:46,Smartphone,East,281.6816094722971,8,18,CUST03437
2023-08-21 02:10:56,Tablet,North,669.7528745376085,8,32,CUST03438
2022-09-27 02:32:03,Headphones,Central,254.9503557919507,7,27,CUST03439
2022-10-08 06:21:49,Laptop,Central,554.2750865266659,8,27,CUST03440
2023-06-17 13:27:31,Laptop,South,657.4419192455266,1,27,CUST03441
2023-03-24 19:53:49,Smartphone,East,301.4743471048623,3,54,CUST03442
2022-12-02 18:11:52,Smartphone,East,552.6140537165209,6,49,CUST03443
2022-06-13 00:17:44,Smartphone,South,343.06257051784735,7,53,CUST03444
2022-11-30 03:13:28,Tablet,South,675.5473588402274,7,42,CUST03445
2023-04-18 12:15:50,Headphones,North,259.98777934780327,6,32,CUST03446
2023-06-16 23:03:25,Laptop,East,366.12903722542524,4,26,CUST03447
2022-09-15 23:25:50,Smartwatch,Central,519.7069752377547,5,33,CUST03448
2023-04-28 23:02:33,Tablet,South,606.7210681074471,9,58,CUST03449
2022-04-02 10:14:44,Laptop,North,513.9075353658304,1,36,CUST03450
2022-01-12 14:39:31,Headphones,Centram,574.2710972701475,2,63,CUST03451
2023-07-30 05:58:35,Tablet,East,417.61750388330654,5,75,CUST03452
2022-10-05 16:29:14,Laptop,Souti,33633.40150854719,5,61,CUST03453
2023-07-12 18:22:31,Tablet,South,,7,29,CUST03454
2022-08-16 18:05:53,Laptop,North,574.8147280234817,8,52,CUST03455
2023-02-09 05:21:57,Laptop,North,426.8397506640653,6,78,CUST03456
2022-03-23 13:11:40,Headphones,East,251.93714973757773,6,68,CUST03457
2022-08-02 15:18:12,Smartwatch,South,,5,60,CUST03458
2023-11-30 06:56:31,Headphones,North,689.65315482547,5,75,CUST03459
2023-11-12 22:34:06,Laptop,South,467.3803320445452,8,22,CUST03460
2022-09-13 16:00:15,Tablet,East,400.90808129488414,5,55,CUST03461
2022-12-21 04:07:59,Headphones,South,461.1055446911006,6,23,CUST03462
2022-01-12 08:44:43,Smartwatch,Central,468.38187131321433,3,68,CUST03463
2022-01-20 07:25:21,Laptop,Souti,615.4305371742048,5,31,CUST03464
2022-06-03 21:22:18,Headphones,West,329.3210547349063,9,65,CUST03465
2023-09-13 15:55:53,Headphones,West,412.45931553447235,3,29,CUST03466
2023-05-20 04:29:02,Headphones,East,472.4497393767173,8,67,CUST03467
2022-03-13 05:35:12,Headphones,East,538.7585916500701,7,39,CUST03468
2022-11-05 15:11:35,Tablet,East,629.9568685213034,4,62,CUST03469
2022-08-26 16:38:41,Smartwatch,Central,546.6470851990101,5,69,CUST03470
2022-10-19 13:57:10,Smartwatch,Central,762.8156669278067,8,58,CUST03471
2022-03-04 17:15:52,Laptop,South,351.26801212860966,7,67,CUST03472
2023-09-28 21:28:56,Smartphone,North,719.2453532321116,2,21,CUST03473
2022-02-19 08:33:43,Tablet,West,356.91876916516276,8,60,CUST03474
2023-05-23 03:19:22,Laptop,West,440.70448766610207,8,76,CUST03475
2022-06-09 21:57:33,Laptop,West,558.0834601877316,9,35,CUST03476
2022-04-05 16:44:43,Headphones,South,676.6805124263103,2,70,CUST03477
2023-11-10 16:25:29,Smartphone,South,440.9518282382507,4,48,CUST03478
2022-06-27 04:43:04,Smartphone,East,558.8772377120039,2,52,CUST03479
2023-01-05 12:52:01,Tablet,North,452.656432549001,4,21,CUST03480
2022-10-05 04:14:13,Smartphone,East,,3,26,CUST03481
2023-02-10 22:47:15,Laptop,South,494.2346273979913,7,62,CUST03482
2022-11-11 01:19:25,Smartphone,Central,313.7705938446773,5,32,CUST03483
2022-11-17 06:14:43,Smartphone,East,690.7233597326192,7,59,CUST03484
2023-08-26 19:19:48,Smartwatch,South,691.7609440886025,2,76,CUST03485
2022-07-24 04:10:19,Laptop,South,374.6003467337656,4,38,CUST03486
2023-05-11 15:15:43,Smartphone,Central,351.5457140723522,6,49,CUST03487
2023-08-04 06:14:10,Smartphone,Central,405.6529386192778,5,26,CUST03488
2023-08-16 18:57:49,Headphones,Central,579.8592083540368,2,65,CUST03489
2023-09-25 01:27:12,Smartphone,North,580.4541803953032,7,49,CUST03490
2022-09-15 18:54:47,Smartphone,South,1011.207605876899,2,33,CUST03491
2023-02-04 16:34:28,Smartwatch,Central,453.69806421492217,9,62,CUST03492
2022-08-20 11:45:38,Laptop,North,513.7054496595074,7,22,CUST03493
2022-06-21 08:21:51,Tablet,West,789.7599507004642,3,59,CUST03494
2022-08-08 20:13:17,Laptop,West,542.9511781569979,6,48,CUST03495
2022-04-10 04:07:18,Headphones,West,,5,42,CUST03496
2022-08-01 04:42:14,Laptop,South,551.2948969884918,9,73,CUST03497
2022-05-18 09:59:12,Smartphone,North,,3,18,CUST03498
2023-02-24 03:18:35,Headphones,North,448.7457181712066,2,78,CUST03499
2023-09-23 03:41:28,Laptop,West,619.2919485973563,2,20,CUST03500
2023-09-27 15:07:26,Headphones,East,605.9435084150331,4,38,CUST03501
2022-04-22 09:38:25,Tablet,West,431.233239676787,1,45,CUST03502
2023-07-05 07:56:04,Laptop,South,732.7554489496656,9,20,CUST03503
2022-09-08 15:15:24,Smartphone,West,,3,59,CUST03504
2022-04-25 23:57:49,Headphones,West,,5,49,CUST03505
2023-01-04 13:50:12,Smartwatch,North,409.68291256570916,2,49,CUST03506
2023-04-25 13:39:09,Headphones,West,246.0638431332894,8,66,CUST03507
2023-11-21 15:47:19,Smartwatch,Central,553.7557967121294,3,47,CUST03508
2023-11-18 20:12:29,Smartphone,Central,789.3991979483447,5,76,CUST03509
2023-04-30 05:04:39,Tablet,East,491.9238390407078,-7,67,CUST03510
2023-06-28 17:48:29,Smartwatch,South,275.9862410179051,2,30,CUST03511
2023-06-22 23:40:54,Tablet,South,533.3087087790175,3,51,CUST03512
2023-03-10 10:53:10,Headphones,North,377.19756872579546,8,65,CUST03513
2022-12-14 03:17:51,Smartphone,South,658.0688236005299,8,21,CUST03514
2022-10-04 01:54:18,Smartwatch,East,465.7048375305667,3,71,CUST03515
2023-01-11 19:14:07,Headphones,Central,234.11564869199205,7,35,CUST03516
2023-11-16 20:30:13,Laptop,North,576.2785977393883,2,49,CUST03517
2022-06-08 10:38:13,Headphones,Central,531.3316463675511,9,31,CUST03518
2022-01-15 15:38:18,Tablet,East,455.0182508575064,8,49,CUST03519
2022-07-04 05:47:04,Smartphone,North,344.17960305232106,9,23,CUST03520
2023-02-17 21:42:51,Smartphone,West,768.370609514177,9,60,CUST03521
2023-08-16 17:34:20,Headphones,South,432.21372021391966,7,34,CUST03522
2023-04-03 04:39:40,Laptop,Easu,634.5647257094594,4,25,CUST03523
2023-03-02 18:13:37,Tablet,North,430.5107160201478,5,52,CUST03524
2023-12-07 13:45:37,Headphones,Central,602.1236313759131,7,41,CUST03525
2022-12-01 11:44:28,Headphones,North,508.0178248640955,5,20,CUST03526
2023-10-30 06:16:52,Smartphone,West,504.2022187935352,8,34,CUST03527
2022-12-26 09:37:18,Tablet,Easu,376.0289423089251,5,53,CUST03528
2023-11-15 07:28:51,Laptop,North,579.2216612340518,5,68,CUST03529
2022-09-20 17:38:34,Smartphone,East,710.7685382112908,5,57,CUST03530
2023-08-20 18:13:05,Headphones,East,344.84309267556023,4,34,CUST03531
2023-06-01 07:25:18,Smartphone,Central,375.157486003459,7,74,CUST03532
2022-07-19 19:00:30,Smartphone,South,941.6869436080195,2,76,CUST03533
2022-10-18 22:32:18,Smartwatch,West,349.75972389698126,4,47,CUST03534
2023-05-15 15:26:14,Smartphone,North,416.8134473273207,3,42,CUST03535
2023-09-18 06:10:31,Smartphone,South,707.5550580844151,8,39,CUST03536
2023-12-10 19:12:43,Tablet,Central,712.0738986670683,7,54,CUST03537
2024-11-29 12:08:44,Smartphone,South,,3,28,CUST03538
2022-12-23 05:54:29,Laptop,East,614.8138870926069,-4,79,CUST03539
2023-07-01 04:14:34,Headphones,East,470.7492852648652,4,29,CUST03540
2023-02-11 21:05:40,Tablet,West,477.59676184542644,7,38,CUST03541
2023-08-31 14:14:20,Smartphone,North,67476.85375111317,8,32,CUST03542
2023-03-26 19:37:04,Laptop,North,447.773610834143,4,29,CUST03543
2023-02-20 14:31:19,Headphones,Central,423.2074453800519,8,39,CUST03544
2022-05-08 12:45:54,Tablet,West,451.7700863083597,1,56,CUST03545
2022-02-03 11:27:58,Laptop,North,447.63460156405534,9,73,CUST03546
2023-08-29 12:09:25,Smartphone,East,552.1035519885319,7,52,CUST03547
2022-05-06 08:51:30,Smartwatch,West,698.4994889516018,4,59,CUST03548
2023-06-29 01:08:38,Smartwatch,South,,8,33,CUST03549
2022-03-10 20:44:12,Tablet,West,498.0703427050023,2,50,CUST03550
2022-01-01 08:15:25,Laptop,West,581.958314646389,8,70,CUST03551
2023-11-25 08:30:30,Headphones,North,617.0294196799317,6,60,CUST03552
2023-07-16 07:06:22,Laptop,Central,586.7015532732885,7,66,CUST03553
2022-04-17 07:15:36,Smartwatch,Central,399.9042593184643,7,31,CUST03554
2023-07-07 20:30:55,Tablet,North,,2,35,CUST03555
2023-08-16 19:41:24,Smartphone,North,182.06722465409274,2,61,CUST03556
2022-07-09 23:23:26,Laptop,North,730.0882166736026,4,33,CUST03557
2022-08-17 13:49:59,Smartwatch,Central,729.662183992583,6,57,CUST03558
2023-02-24 04:19:53,Headphones,North,633.4101544766655,4,20,CUST03559
2023-07-10 03:08:41,Tablet,South,686.8901687465547,6,60,CUST03560
2023-04-09 21:03:11,Smartphone,South,488.87569806708717,5,79,CUST03561
2023-09-04 15:04:32,Laptop,East,387.42701374451565,6,43,CUST03562
2022-12-31 17:27:07,Headphones,South,311.91458613138747,9,32,CUST03563
2023-01-19 08:25:40,Smartphone,West,651.2206399114352,6,53,CUST03564
2022-11-17 16:04:18,Smartwatch,East,387.4077613987735,6,44,CUST03565
2023-01-05 14:14:24,Smartwatch,South,443.93567750483476,8,65,CUST03566
2023-09-03 07:08:51,Headphones,West,533.6207152308551,5,71,CUST03567
2022-09-27 19:58:31,Smartwatch,South,494.37951658774546,5,73,CUST03568
2022-11-17 19:45:38,Tablet,West,539.7159174485587,1,34,CUST03569
2023-06-25 07:35:59,Headphones,North,228.78240193698895,6,31,CUST03570
2022-08-28 10:17:35,Smartwatch,West,464.9755473159851,1,19,CUST03571
2022-06-08 20:56:09,Laptop,North,623.6244975274226,8,44,CUST03572
2022-03-07 03:15:45,Smartwatch,West,435.22740355046096,9,71,CUST03573
2022-02-15 06:25:46,Tablet,West,370.67548761439406,6,64,CUST03574
2023-11-30 14:59:36,Smartphone,South,643.2192199722522,9,41,CUST03575
2023-02-13 02:50:49,Smartphone,West,436.3622428081872,2,77,CUST03576
2023-02-01 08:13:08,Smartwatch,South,527.6733325402969,9,57,CUST03577
2024-12-12 21:58:23,Smartphone,West,468.43341733403844,4,62,CUST03578
2022-05-11 03:51:09,Smartwatch,Central,499.9349557372085,3,52,CUST03579
2022-11-25 14:34:14,Tablet,East,729.4415441246887,1,21,CUST03580
2022-10-06 12:55:54,Smartphone,South,585.7903654401603,1,43,CUST03581
2022-01-27 02:02:02,Laptop,Souti,,8,53,CUST03582
2022-01-20 02:15:29,Smartwatch,North,444.1876688394685,2,21,CUST03583
2023-08-02 08:34:48,Smartphone,Central,43810.80736194754,1,51,CUST03584
2022-01-13 22:04:31,Tablet,North,532.4557229268747,2,30,CUST03585
2022-05-07 08:27:56,Tablet,Central,636.31749946702,3,71,CUST03586
2023-01-06 03:01:28,Laptop,Central,504.775633862831,4,57,CUST03587
2023-01-01 10:41:55,Tablet,West,500.3692678194547,9,58,CUST03588
2023-03-01 05:39:47,Tablet,North,165.26686694159505,7,78,CUST03589
2022-09-17 23:10:13,Smartphone,East,698.6067221243208,5,18,CUST03590
2022-08-02 15:27:37,Smartwatch,Central,474.8199407028331,5,18,CUST03591
2023-07-01 08:29:13,Headphones,Central,538.796175380349,6,26,CUST03592
2023-08-12 12:27:37,Tablet,South,,1,28,CUST03593
2022-07-21 21:23:01,Tablet,West,384.6157102291872,6,33,CUST03594
2022-08-15 10:52:59,Headphones,East,463.413838631165,6,46,CUST03595
2023-07-19 15:33:36,Tablet,Central,383.4360269796245,5,53,CUST03596
2023-07-03 09:13:49,Smartphone,South,707.4994622822529,9,32,CUST03597
2022-09-03 23:45:37,Smartphone,North,166.4220406443147,5,76,CUST03598
2023-03-08 07:20:20,Headphones,Central,357.00148148951814,9,56,CUST03599
2023-03-02 19:20:24,Tablet,South,451.68952627195324,7,19,CUST03600
2022-11-20 07:21:55,Tablet,North,724.6243573870179,3,27,CUST03601
2023-12-19 09:35:06,Smartwatch,West,606.1724480957226,9,66,CUST03602
2022-11-08 10:01:51,Tablet,North,254.29395695856692,7,28,CUST03603
2023-02-15 18:12:02,Smartphone,Central,482.67358533122587,4,47,CUST03604
2023-11-20 06:10:38,Laptop,East,608.1996512392626,9,40,CUST03605
2023-03-10 22:21:42,Laptop,North,834.0354708871703,6,39,CUST03606
2022-03-19 23:56:53,Laptop,East,449.03782067287864,9,68,CUST03607
2022-03-24 01:26:15,Laptop,Easu,322.3342898295369,4,59,CUST03608
2022-04-12 21:59:46,Tablet,North,548.3552403544146,2,53,CUST03609
2023-08-18 12:02:44,Tablet,West,493.50715926805856,-9,46,CUST03610
2023-03-21 03:18:27,Smartwatch,North,569.4963006782922,4,62,CUST03611
2023-05-31 18:54:38,Tablet,South,603.5712402256,2,49,CUST03612
2023-07-07 07:30:04,Laptop,East,547.9897538206749,7,50,CUST03613
2022-05-17 05:09:23,Headphones,Central,579.229508550097,7,56,CUST03614
2022-06-15 02:01:55,Headphones,East,,5,26,CUST03615
2023-07-11 13:05:27,Smartphone,Central,456.34123545689005,5,18,CUST03616
2023-12-02 02:59:01,Smartphone,South,316.33536466868134,8,35,CUST03617
2023-09-30 10:19:05,Tablet,South,547.096362572621,6,67,CUST03618
2022-02-14 18:34:12,Headphones,South,307.8000454721329,1,65,CUST03619
2022-12-04 15:10:29,Laptop,North,331.76123708978264,4,39,CUST03620
2022-11-13 17:54:28,Laptop,East,376.6849716727977,1,65,CUST03621
2022-04-04 10:47:17,Laptop,Central,312.3888948687421,5,54,CUST03622
2023-02-08 13:19:35,Tablet,South,675.2847563013238,5,31,CUST03623
2022-11-19 23:55:18,Tablet,South,507.3366647026206,4,39,CUST03624
2022-06-09 23:32:36,Smartwatch,Centram,606.0183255790935,9,50,CUST03625
2023-10-31 10:09:13,Laptop,Easu,,8,23,CUST03626
2023-05-23 18:10:45,Laptop,East,468.5074202326639,3,44,CUST03627
2023-06-13 16:11:25,Tablet,Central,644.0755782615187,5,23,CUST03628
2023-08-07 17:57:23,Tablet,West,427.61479869333834,6,72,CUST03629
2023-04-15 11:27:55,Smartwatch,East,474.80558880103086,5,61,CUST03630
2023-10-06 14:46:16,Smartwatch,Central,393.8238221367134,8,67,CUST03631
2023-09-23 00:11:24,Smartphone,Central,710.0458711061418,5,71,CUST03632
2023-08-05 17:10:40,Headphones,South,483.9297187580394,8,58,CUST03633
2023-05-16 22:38:46,Laptop,Central,589.7041610495943,3,33,CUST03634
2023-08-31 14:28:19,Laptop,North,412.780753555166,5,64,CUST03635
2023-05-18 13:21:32,Smartwatch,South,627.0529365718183,4,74,CUST03636
2022-03-26 12:48:13,Smartwatch,South,615.9204635147413,6,19,CUST03637
2022-08-20 09:21:06,Smartphone,East,256.1780474557479,3,54,CUST03638
2022-04-27 23:57:11,Headphones,West,500.6187640574271,4,46,CUST03639
2023-06-01 08:35:48,Smartphone,East,517.5350799944464,4,40,CUST03640
2022-04-03 09:37:19,Headphones,North,455.0417908083482,5,38,CUST03641
2022-11-29 11:59:53,Laptop,South,707.7065501420645,6,30,CUST03642
2023-12-28 05:55:02,Smartphone,South,31741.293163614326,2,68,CUST03643
2023-11-17 06:15:31,Smartwatch,Central,432.75759703817386,8,18,CUST03644
2022-10-22 17:31:35,Smartphone,West,372.5993227902237,4,46,CUST03645
2023-04-30 01:29:33,Smartphone,West,654.4882215518251,7,65,CUST03646
2022-04-21 11:44:23,Laptop,Central,345.70791188519485,7,24,CUST03647
2022-08-17 07:34:57,Smartwatch,North,225.1126601453302,2,48,CUST03648
2022-10-07 07:41:17,Smartwatch,West,564.7077677600784,7,62,CUST03649
2023-02-08 08:22:41,Tablet,South,479.12423059713495,1,73,CUST03650
2023-02-22 08:23:46,Tablet,North,656.0524431009857,2,39,CUST03651
2022-07-28 13:41:50,Tablet,East,621.8515093580652,5,33,CUST03652
2022-12-30 06:33:31,Laptop,East,493.62752616967526,8,45,CUST03653
2023-09-16 20:02:03,Smartphone,North,283.5232596299643,7,61,CUST03654
2023-04-23 14:47:46,Smartwatch,South,320.28465218083636,3,56,CUST03655
2023-11-22 00:17:52,Smartwatch,East,234.02136317303564,9,42,CUST03656
2023-07-26 04:53:18,Smartphone,South,479.2607759074201,5,31,CUST03657
2023-12-25 16:42:21,Smartwatch,Central,,3,67,CUST03658
2023-02-21 07:27:14,Smartphone,West,472.89208765911945,7,38,CUST03659
2023-08-04 09:55:33,Laptop,North,526.0346263258454,4,36,CUST03660
2023-01-29 11:44:23,Laptop,West,784.7451065543449,1,77,CUST03661
2022-10-31 21:28:12,Laptop,Central,587.130103913264,5,30,CUST03662
2023-07-29 03:55:55,Smartphone,East,510.7005672542579,8,19,CUST03663
2022-07-01 07:00:45,Smartphone,South,265.28048286879914,4,68,CUST03664
2023-10-20 03:06:33,Headphones,South,503.93173194523933,7,53,CUST03665
2022-08-15 11:26:29,Smartwatch,Central,632.2762237691996,8,31,CUST03666
2022-11-30 21:41:08,Smartwatch,North,558.625896228411,9,51,CUST03667
2023-01-02 02:44:46,Headphones,West,342.82084915259196,9,35,CUST03668
2023-09-20 20:58:11,Headphones,East,443.5325680638826,5,41,CUST03669
2022-03-23 17:26:23,Laptop,North,511.0059397002003,6,47,CUST03670
2022-08-21 05:24:34,Headphones,Central,438.7830731466587,7,68,CUST03671
2022-05-15 04:01:51,Smartphone,Central,407.4341103693243,-2,36,CUST03672
2023-12-02 07:09:32,Tablet,South,177.9197310415312,9,53,CUST03673
2022-12-06 09:33:23,Smartphone,East,384.7728152995575,1,76,CUST03674
2023-10-09 07:42:21,Headphones,North,537.6713529975052,6,38,CUST03675
2022-01-04 08:49:58,Smartwatch,South,631.2673934816731,6,36,CUST03676
2022-02-26 04:52:00,Smartphone,East,511.4238515369375,7,71,CUST03677
2023-08-27 16:47:50,Smartwatch,West,658.9173259139025,2,43,CUST03678
2022-03-15 16:48:32,Smartphone,West,488.214597876681,6,52,CUST03679
2023-06-05 17:40:33,Smartwatch,South,368.3408997015647,6,57,CUST03680
2023-08-22 20:38:22,Smartphone,North,428.8986113145152,9,21,CUST03681
2022-04-03 13:24:03,Smartwatch,East,574.8520538169686,8,38,CUST03682
2022-01-03 02:22:40,Tablet,West,459.7878336671753,5,20,CUST03683
2022-08-11 11:14:02,Laptop,West,403.62539677110897,7,22,CUST03684
2022-08-12 07:03:55,Smartphone,North,266.3691642775577,7,60,CUST03685
2022-03-06 00:46:50,Tablet,South,,5,46,CUST03686
2022-02-17 21:31:26,Laptop,Central,440.4380839685774,7,72,CUST03687
2023-11-26 13:51:06,Smartphone,East,412.8040397069431,3,36,CUST03688
2023-07-13 15:51:23,Tablet,West,,7,68,CUST03689
2022-05-08 16:21:09,Tablet,Central,733.6065498146367,6,34,CUST03690
2022-04-07 10:45:00,Tablet,North,590.0601423936658,6,51,CUST03691
2022-03-21 18:55:28,Headphones,South,828.8203565378283,2,37,CUST03692
2023-09-17 00:37:25,Smartwatch,East,259.2189323184405,2,45,CUST03693
2023-07-10 15:06:43,Laptop,North,546.9715588306533,7,26,CUST03694
2023-08-10 03:40:03,Smartwatch,South,434.80866364185096,1,20,CUST03695
2022-08-07 19:20:15,Smartwatch,North,502.9479502772811,9,27,CUST03696
2022-11-14 00:37:02,Smartwatch,West,777.6160469018023,3,38,CUST03697
2023-03-22 11:07:06,Tablet,West,239.07607003226232,6,58,CUST03698
2023-11-29 17:55:26,Smartwatch,Central,414.0928754652199,3,69,CUST03699
2022-07-01 16:26:45,Headphones,North,387.78066820903155,9,21,CUST03700
2022-12-02 14:46:06,Smartphone,West,414.49340113744853,7,39,CUST03701
2023-08-04 11:32:29,Tablet,South,183.39787286173777,1,24,CUST03702
2023-10-01 12:11:39,Laptop,Central,692.8055241556589,4,79,CUST03703
2023-03-16 02:07:06,Smartphone,East,698.764408415723,5,29,CUST03704
2022-10-06 22:38:30,Smartphone,North,587.2821949364061,7,28,CUST03705
2023-04-11 21:32:56,Smartphone,West,299.24351977463476,7,39,CUST03706
2023-09-29 22:12:41,Smartwatch,South,541.6461991301635,5,46,CUST03707
2023-04-25 10:10:23,Smartwatch,North,629.8977999443294,1,78,CUST03708
2023-09-19 09:52:56,Tablet,South,558.2573265357793,5,78,CUST03709
2022-06-01 14:45:07,Smartwatch,Central,492.5958999935233,5,44,CUST03710
2022-05-23 04:38:20,Smartwatch,West,711.5870598159836,4,64,CUST03711
2023-06-26 16:17:13,Smartwatch,West,393.6290185048557,6,37,CUST03712
2022-11-14 11:08:33,Tablet,Central,474.675170273072,8,31,CUST03713
2023-03-26 14:02:42,Tablet,South,593.8400494336962,5,24,CUST03714
2023-06-10 12:32:12,Headphones,North,547.6761436287355,8,32,CUST03715
2023-09-26 21:40:58,Headphones,South,583.9946360413726,5,63,CUST03716
2023-03-02 20:32:48,Headphones,North,580.0304958950065,3,45,CUST03717
2023-01-18 00:44:13,Headphones,Central,578.7299915793001,8,60,CUST03718
2022-06-27 13:37:01,Smartphone,East,445.27723914814516,4,27,CUST03719
2023-02-20 06:49:25,Smartphone,North,,3,68,CUST03720
2023-01-06 03:11:40,Headphones,West,520.5708179566379,3,20,CUST03721
2023-05-21 14:01:41,Headphones,West,726.678306065216,6,29,CUST03722
2022-05-02 23:27:12,Laptop,West,496.2708946584258,8,30,CUST03723
2023-01-20 20:28:42,Smartphone,South,589.9097616389328,5,56,CUST03724
2022-04-02 23:49:00,Laptop,South,516.8655989168269,1,61,CUST03725
2022-03-08 05:03:46,Laptop,South,805.0587782324437,1,71,CUST03726
2022-06-08 00:59:32,Smartwatch,West,479.3125938410743,3,51,CUST03727
2023-04-06 08:55:46,Tablet,North,590.4255478916762,6,18,CUST03728
2023-04-08 03:27:37,Smartphone,West,392.1666520682781,2,55,CUST03729
2023-03-23 07:11:30,Headphones,North,331.9340044812901,1,42,CUST03730
2024-01-22 20:03:57,Headphones,South,498.964740860127,7,36,CUST03731
2022-12-04 14:22:17,Tablet,East,677.1646890807617,2,42,CUST03732
2023-10-26 21:26:10,Smartphone,South,595.0383411691322,8,23,CUST03733
2022-04-06 03:40:52,Headphones,Central,187.03993495544128,2,62,CUST03734
2023-11-18 10:15:56,Headphones,North,609.9288923820258,1,21,CUST03735
2023-03-04 21:31:43,Smartwatch,East,270.2974395780795,2,43,CUST03736
2023-12-09 04:46:28,Laptop,South,625.9988249555579,2,43,CUST03737
2023-08-28 06:40:19,Headphones,East,581.6614596286421,7,43,CUST03738
2022-10-14 17:51:44,Smartphone,West,477.52918312372424,1,31,CUST03739
2023-10-24 09:57:40,Tablet,North,609.0878909588102,3,79,CUST03740
2022-09-09 15:03:37,Smartwatch,Central,460.3800503733695,5,49,CUST03741
2023-12-08 19:46:12,Smartphone,West,,7,65,CUST03742
2022-05-24 20:41:07,Smartwatch,East,284.26543802942797,6,45,CUST03743
2023-02-26 12:59:49,Laptop,South,461.5701079503204,8,78,CUST03744
2022-11-03 17:52:25,Headphones,North,638.5793856738694,1,19,CUST03745
2022-05-04 02:35:47,Smartphone,Central,300.32610222610384,7,58,CUST03746
2022-05-28 11:48:13,Tablet,South,622.7935525235725,9,62,CUST03747
2023-04-02 19:15:50,Laptop,Central,197.19204150812027,7,38,CUST03748
2023-10-23 13:35:34,Laptop,North,321.5606243254835,6,63,CUST03749
2023-08-24 19:20:17,Smartwatch,East,452.78197200716085,9,31,CUST03750
2022-06-06 02:23:30,Laptop,Central,523.0377500051943,4,54,CUST03751
2023-12-27 04:14:15,Smartphone,North,414.0930980253046,6,19,CUST03752
2023-06-19 19:04:24,Smartwatch,Central,409.9989292318027,6,22,CUST03753
2022-12-16 10:09:39,Laptop,South,666.0740569153494,3,55,CUST03754
2023-06-02 05:56:56,Tablet,Central,678.3035262593822,7,19,CUST03755
2022-05-13 03:19:17,Smartphone,South,436.34071522857334,1,18,CUST03756
2022-11-18 19:25:33,Tablet,South,440.88314374262984,8,65,CUST03757
2022-02-12 06:16:27,Tablet,North,456.94185483231234,8,39,CUST03758
2022-11-12 15:08:27,Smartwatch,West,832.661803482272,8,58,CUST03759
2023-05-30 16:54:19,Headphones,Central,502.5443224332498,9,42,CUST03760
2023-02-13 04:08:24,Smartwatch,East,735.6524984672594,4,63,CUST03761
2022-03-10 08:32:30,Smartphone,South,609.8025897345564,6,47,CUST03762
2022-02-07 04:28:03,Smartphone,West,484.27021534084616,7,26,CUST03763
2022-02-05 01:17:11,Smartwatch,South,402.89185143701246,2,78,CUST03764
2022-06-14 13:30:00,Headphones,West,616.8784582116358,6,54,CUST03765
2022-06-23 11:16:51,Smartwatch,West,382.0804045726089,-8,64,CUST03766
2023-10-29 05:57:40,Smartphone,East,442.02304321791297,4,27,CUST03767
2022-11-18 00:43:09,Headphones,West,598.8262976557223,5,32,CUST03768
2022-03-16 08:25:59,Smartphone,East,463.912307230891,8,66,CUST03769
2023-05-22 00:52:59,Headphones,North,440.7570877906144,3,20,CUST03770
2023-10-26 09:05:45,Headphones,South,453.8083915512437,6,25,CUST03771
2022-02-16 13:58:53,Smartwatch,East,,1,42,CUST03772
2022-09-08 10:07:17,Smartwatch,South,567.419697796172,4,53,CUST03773
2023-08-05 21:25:47,Smartwatch,Central,505.4368590984891,6,60,CUST03774
2023-05-17 19:37:42,Headphones,North,,3,77,CUST03775
2023-09-19 12:54:58,Headphones,Central,426.8799761811523,1,68,CUST03776
2023-05-12 11:21:26,Smartphone,Central,444.9437905876317,6,63,CUST03777
2022-01-01 05:27:55,Tablet,West,443.8933813408006,3,67,CUST03778
2022-10-20 03:03:41,Smartwatch,West,589.8637650672432,8,38,CUST03779
2022-10-30 11:16:25,Smartphone,Central,394.6709757664091,7,51,CUST03780
2022-11-11 09:41:35,Smartphone,West,905.5812788883838,7,44,CUST03781
2023-08-12 04:14:07,Laptop,South,707.8333373325461,8,26,CUST03782
2023-04-13 04:33:57,Smartwatch,West,707.1104618958647,7,27,CUST03783
2022-12-15 13:30:06,Smartphone,Central,344.94517807890503,5,44,CUST03784
2023-09-01 10:41:45,Laptop,West,195.41350822611872,8,42,CUST03785
2022-02-21 16:05:44,Smartwatch,West,449.1395908077092,8,30,CUST03786
2023-07-06 01:35:08,Headphones,East,544.0288808917483,8,68,CUST03787
2022-05-05 23:20:37,Laptop,East,475.70618130349663,6,21,CUST03788
2022-05-23 11:27:39,Headphones,Central,420.5265476711291,2,77,CUST03789
2022-01-07 13:14:48,Tablet,South,238.85181565947352,8,33,CUST03790
2022-06-08 21:12:12,Tablet,North,399.1788089915324,1,29,CUST03791
2023-04-10 06:36:19,Tablet,North,463.53797465340887,9,42,CUST03792
2022-04-28 11:53:27,Tablet,Central,425.69492333529513,9,65,CUST03793
2022-01-08 14:46:43,Smartphone,South,42484.11679260356,6,66,CUST03794
2023-05-29 05:32:01,Tablet,South,380.25692492213966,6,33,CUST03795
2022-01-10 07:38:33,Smartphone,South,748.2287652481747,6,56,CUST03796
2023-12-10 03:23:36,Smartphone,East,606.2670957422974,4,19,CUST03797
2022-04-18 21:26:44,Smartwatch,Central,643.4014906444413,1,26,CUST03798
2022-02-28 04:40:35,Smartphone,North,540.9158211506809,1,76,CUST03799
2022-05-14 16:43:29,Smartphone,South,299.73532306733694,1,61,CUST03800
2022-08-29 21:01:20,Tablet,Central,610.7646807032108,5,30,CUST03801
2022-11-06 19:56:10,Smartphone,North,702.2333850585497,7,31,CUST03802
2022-06-28 15:00:22,Headphones,East,724.1088374971084,1,29,CUST03803
2023-02-17 13:48:53,Tablet,West,593.5457633051014,1,52,CUST03804
2023-04-03 17:59:26,Laptop,North,500.1481488738518,6,39,CUST03805
2022-04-30 18:25:18,Tablet,North,499.71626531062736,2,38,CUST03806
2022-11-05 02:58:25,Smartphone,North,577.8176968367665,2,65,CUST03807
2023-11-12 23:13:35,Headphones,West,253.8487705703117,7,67,CUST03808
2023-01-10 19:11:51,Tablet,South,595.7869338750631,9,74,CUST03809
2022-03-13 20:38:34,Headphones,West,427.1471834469348,8,20,CUST03810
2023-05-26 11:54:59,Laptop,North,831.4200184704431,2,39,CUST03811
2022-05-29 13:04:23,Laptop,East,454.92539159668905,7,26,CUST03812
2023-10-23 19:22:54,Smartwatch,North,529.180558714916,5,64,CUST03813
2022-12-21 17:06:55,Smartwatch,East,521.7079362017688,4,57,CUST03814
2022-05-21 07:47:32,Tablet,Central,396.1793828548275,4,59,CUST03815
2022-09-25 14:01:13,Smartwatch,East,568.5953149419878,4,70,CUST03816
2023-09-16 12:45:31,Headphones,North,551.3135369406476,9,71,CUST03817
2022-11-18 06:40:55,Smartwatch,West,653.4207251882361,7,20,CUST03818
2023-05-20 22:43:11,Headphones,North,608.0671164883832,7,48,CUST03819
2023-08-24 01:13:28,Smartwatch,North,528.072112957705,4,54,CUST03820
2023-05-18 09:04:36,Smartwatch,Central,377.1829900888474,9,23,CUST03821
2023-09-16 17:15:37,Smartwatch,South,381.5426626846265,8,31,CUST03822
2023-06-21 21:54:28,Smartphone,North,748.5516100888146,4,36,CUST03823
2022-11-21 14:40:17,Smartphone,Central,513.0719890636905,6,75,CUST03824
2022-08-04 17:54:12,Smartwatch,West,811.4838773442395,4,35,CUST03825
2023-11-05 13:17:54,Headphones,Central,377.2611981985815,1,75,CUST03826
2022-11-15 10:20:06,Tablet,Central,829.0716445912957,5,74,CUST03827
2023-06-11 19:28:25,Laptop,East,358.4729947034067,3,24,CUST03828
2022-07-03 11:10:28,Smartphone,Souti,434.24213379711944,1,53,CUST03829
2022-05-21 16:37:43,Smartwatch,South,566.321551881345,2,46,CUST03830
2023-05-19 23:13:52,Laptop,West,649.6307889449486,2,20,CUST03831
2023-06-22 05:50:10,Smartphone,Central,601.7119909077647,8,30,CUST03832
2023-08-11 18:16:18,Tablet,West,213.03335915290018,-4,53,CUST03833
2022-06-11 19:45:28,Headphones,West,414.13945317030067,3,58,CUST03834
2023-04-20 00:52:36,Smartwatch,South,328.17151707443037,4,42,CUST03835
2023-12-09 10:27:23,Tablet,South,292.8030748408099,1,45,CUST03836
2022-10-14 03:37:28,Smartphone,South,497.56515837787794,1,55,CUST03837
2023-07-08 19:04:28,Smartwatch,North,183.2642347679848,5,28,CUST03838
2022-08-23 16:07:04,Laptop,Central,649.9860600747588,7,77,CUST03839
2022-11-15 15:37:04,Headphones,West,611.7183968351061,9,58,CUST03840
2023-06-13 00:20:01,Smartphone,Central,742.9114675840784,7,79,CUST03841
2022-03-04 12:54:12,Headphones,West,340.0031982363543,5,26,CUST03842
2022-11-23 10:38:59,Smartwatch,West,354.7633954547653,3,39,CUST03843
2023-08-07 14:17:34,Tablet,West,657.8245521922112,8,38,CUST03844
2022-02-18 01:16:25,Headphones,West,669.1690185775684,7,76,CUST03845
2023-06-17 15:47:04,Laptop,East,702.2986456389466,4,36,CUST03846
2022-12-08 07:31:18,Smartphone,East,673.1244170632185,1,50,CUST03847
2023-08-14 12:19:33,Laptop,North,532.8718007986021,3,21,CUST03848
2023-12-15 05:34:46,Headphones,South,430.99034158016656,8,50,CUST03849
2023-11-20 18:17:04,Tablet,West,610.2498498149677,2,62,CUST03850
2023-01-22 01:05:20,Tablet,Central,433.72233657485356,9,33,CUST03851
2023-08-08 22:22:15,Laptop,East,515.7925321162455,4,61,CUST03852
2022-09-26 03:08:44,Smartwatch,South,442.73296510367504,7,18,CUST03853
2023-03-07 11:10:52,Smartwatch,North,539.9948918694124,7,79,CUST03854
2022-02-08 00:18:41,Tablet,South,686.3100288447251,8,32,CUST03855
2023-10-26 18:36:11,Laptop,West,447.5826150294039,7,39,CUST03856
2022-07-22 00:54:17,Laptop,South,424.79244359102626,4,49,CUST03857
2023-07-16 12:25:14,Laptop,West,484.0795912441379,7,76,CUST03858
2022-09-14 22:05:28,Headphones,East,323.1530084284309,5,54,CUST03859
2023-06-04 11:19:02,Smartwatch,East,599.6180725201848,7,40,CUST03860
2022-08-23 03:21:57,Smartwatch,West,51747.78355356199,3,50,CUST03861
2022-04-08 14:44:00,Headphones,Central,,7,66,CUST03862
2023-09-03 20:24:48,Smartphone,East,549.2978918611728,7,57,CUST03863
2022-06-25 05:40:49,Headphones,Central,278.9072112472131,2,39,CUST03864
2022-06-28 23:22:45,Laptop,West,710.097867322054,8,57,CUST03865
2023-01-03 17:01:33,Headphones,West,422.0527392307183,7,79,CUST03866
2022-09-15 06:46:29,Laptop,East,443.7864546550334,9,71,CUST03867
2022-06-07 12:26:09,Tablet,Central,629.75559079799,-4,71,CUST03868
2022-01-16 23:18:24,Laptop,West,591.6850127457974,9,75,CUST03869
2022-12-02 19:40:57,Smartwatch,East,799.8294190026407,1,64,CUST03870
2023-04-19 11:13:24,Headphones,West,355.2240342792774,5,72,CUST03871
2022-01-17 15:13:08,Laptop,South,359.35268865008334,7,29,CUST03872
2023-02-12 12:45:53,Smartphone,South,320.6195938065412,4,65,CUST03873
2023-01-30 14:17:57,Tablet,East,520.0283762383042,7,35,CUST03874
2022-11-06 11:09:35,Smartphone,West,459.4130856560728,9,49,CUST03875
2023-10-07 12:23:20,Smartphone,East,395.70523140312326,5,20,CUST03876
2023-09-27 21:59:29,Smartphone,North,490.14906134054746,5,77,CUST03877
2022-07-09 12:30:01,Tablet,East,,-2,78,CUST03878
2023-04-01 20:53:53,Tablet,East,731.8931648109387,5,53,CUST03879
2022-05-10 20:07:43,Tablet,South,395.1152036393353,8,64,CUST03880
2022-10-02 04:17:51,Tablet,South,414.32829894388385,4,63,CUST03881
2022-12-16 19:46:58,Smartphone,West,141.96499381145634,2,18,CUST03882
2023-05-30 10:12:12,Smartwatch,East,,8,74,CUST03883
2023-12-06 23:37:57,Smartwatch,East,411.7938130776124,4,42,CUST03884
2023-04-10 04:08:43,Tablet,West,454.1757028600036,5,37,CUST03885
2022-10-12 08:23:10,Headphones,Central,607.9071557559589,7,34,CUST03886
2023-09-14 12:14:31,Laptop,West,275.6593733088923,5,66,CUST03887
2022-05-08 07:17:57,Headphones,Souti,,4,39,CUST03888
2023-04-19 16:05:15,Headphones,South,593.6279878706131,7,67,CUST03889
2023-08-31 15:03:22,Headphones,East,601.5419186578401,4,50,CUST03890
2022-10-31 23:19:37,Smartwatch,South,655.3489670940039,4,43,CUST03891
2023-04-08 21:25:54,Laptop,Wesu,325.7119856692174,2,44,CUST03892
2022-09-10 14:33:35,Headphones,East,581.1846731016201,5,77,CUST03893
2023-09-26 07:04:18,Tablet,West,764.7741351859066,8,51,CUST03894
2022-09-07 22:52:46,Smartwatch,West,710.0404723269687,4,40,CUST03895
2023-10-03 07:33:04,Tablet,East,783.7933567703955,2,33,CUST03896
2023-11-21 04:08:31,Tablet,Central,536.1504746488691,9,31,CUST03897
2023-08-03 05:56:47,Headphones,South,411.2220969652769,6,69,CUST03898
2023-03-05 13:03:02,Tablet,North,120.43923671070107,3,72,CUST03899
2023-09-27 08:06:44,Laptop,North,313.58931751857625,5,72,CUST03900
2023-02-25 08:49:23,Tablet,North,421.1898537893377,6,69,CUST03901
2023-11-07 22:45:45,Headphones,South,448.2327288605667,9,78,CUST03902
2022-04-14 21:32:46,Tablet,Central,381.2370264244146,5,67,CUST03903
2023-02-23 19:25:55,Smartwatch,Wesu,550.9356390204076,9,58,CUST03904
2022-12-02 14:51:25,Smartwatch,East,529.2214846966436,1,31,CUST03905
2022-07-24 04:39:15,Smartwatch,Central,506.1429364514328,4,79,CUST03906
2022-07-06 22:53:09,Smartphone,North,617.7940410552573,1,62,CUST03907
2022-04-26 08:40:46,Smartwatch,South,429.5546767596501,2,43,CUST03908
2022-03-29 07:19:19,Smartwatch,South,664.3984184368048,2,63,CUST03909
2022-03-04 07:48:55,Smartphone,East,319.4322010706571,5,75,CUST03910
2022-05-21 16:24:52,Smartwatch,West,454.46300720954076,1,68,CUST03911
2022-06-17 23:44:14,Headphones,Central,547.7814145495935,3,66,CUST03912
2022-08-16 18:22:13,Smartwatch,Central,,6,44,CUST03913
2022-09-24 22:25:55,Smartwatch,Central,424.4186839695545,1,57,CUST03914
2023-07-11 22:12:43,Smartphone,West,606.7622959962814,1,21,CUST03915
2022-10-01 01:49:01,Headphones,West,435.89875817243217,3,26,CUST03916
2022-08-08 18:42:34,Tablet,West,226.60809451465963,9,73,CUST03917
2023-03-31 06:00:28,Laptop,East,366.8986238429929,2,44,CUST03918
2023-11-14 23:40:24,Headphones,South,298.232100333492,6,60,CUST03919
2023-10-24 12:10:15,Tablet,North,574.4305848546115,3,56,CUST03920
2022-01-31 13:18:49,Headphones,West,517.5930861852769,6,32,CUST03921
2022-02-06 06:20:11,Tablet,South,265.7809584179437,7,42,CUST03922
2022-11-14 12:33:29,Tablet,West,254.3047662000113,7,35,CUST03923
2023-07-07 01:40:00,Headphones,North,391.27149864592485,2,69,CUST03924
2023-07-28 18:38:54,Smartphone,West,504.6937225416164,3,78,CUST03925
2022-10-08 07:07:45,Headphones,South,399.2199107010688,-4,47,CUST03926
2022-05-15 10:42:32,Headphones,East,552.5339814582198,8,54,CUST03927
2022-01-20 23:29:59,Tablet,North,547.3358598290627,5,33,CUST03928
2023-06-22 04:30:53,Laptop,Souti,579.8455665257578,1,70,CUST03929
2022-05-28 15:35:35,Tablet,Central,287.99990503959003,9,29,CUST03930
2022-02-28 16:51:55,Smartwatch,Central,458.62702520628,1,34,CUST03931
2023-01-06 10:20:16,Headphones,Central,661.3149075953565,2,42,CUST03932
2022-01-06 03:19:05,Headphones,East,399.22032385706007,7,32,CUST03933
2023-10-30 23:34:11,Smartphone,West,377.9673039035998,3,42,CUST03934
2022-03-15 00:48:34,Tablet,West,426.7508484799585,6,38,CUST03935
2023-08-06 18:55:01,Smartphone,West,422.98836133153395,8,75,CUST03936
2023-09-17 05:52:38,Headphones,East,518.220966825839,5,36,CUST03937
2022-01-27 08:26:27,Tablet,Central,412.77165819219437,1,41,CUST03938
2023-12-07 17:27:50,Tablet,West,197.02866872448863,3,24,CUST03939
2023-04-23 09:01:12,Smartwatch,East,677.7972014898107,2,70,CUST03940
2022-12-02 20:41:30,Smartwatch,East,575.9631417167042,6,29,CUST03941
2022-09-27 10:19:29,Laptop,South,522.3622762677372,5,66,CUST03942
2023-05-12 10:46:42,Smartwatch,West,485.8741190666823,7,56,CUST03943
2022-06-27 13:44:36,Tablet,Central,451.59411501973455,2,28,CUST03944
2023-07-19 07:03:14,Smartwatch,North,380.00500298773846,6,50,CUST03945
2023-02-08 02:44:26,Laptop,East,218.36249520531362,5,66,CUST03946
2022-02-01 21:17:43,Headphones,South,744.1158453841942,6,42,CUST03947
2023-01-18 23:59:05,Smartwatch,North,503.13404107243485,5,71,CUST03948
2022-01-15 05:20:07,Tablet,East,258.3338363959958,7,56,CUST03949
2022-10-20 16:36:39,Headphones,South,346.0769724619548,5,51,CUST03950
2023-10-05 07:19:23,Tablet,West,545.6720763535559,7,28,CUST03951
2023-07-31 20:36:43,Headphones,South,542.6797499511932,1,33,CUST03952
2023-01-07 22:14:00,Tablet,East,387.87394063037226,9,49,CUST03953
2023-06-22 16:48:36,Smartwatch,West,338.3197860595533,6,32,CUST03954
2023-04-22 08:16:20,Smartwatch,Central,414.1668262588558,9,57,CUST03955
2022-02-21 15:45:58,Laptop,South,210.58752109850099,1,32,CUST03956
2022-04-12 21:20:08,Headphones,North,428.65098641322805,2,24,CUST03957
2022-09-23 17:23:58,Laptop,West,430.246417234613,7,54,CUST03958
2023-02-19 14:58:22,Smartphone,West,728.9970447189477,4,57,CUST03959
2023-03-16 10:36:31,Smartwatch,Central,432.3972573300368,1,19,CUST03960
2022-11-11 19:28:45,Headphones,South,,5,23,CUST03961
2022-03-30 10:16:07,Laptop,North,739.7431340726057,4,53,CUST03962
2022-08-15 22:53:05,Laptop,Central,339.90673798959403,6,56,CUST03963
2022-03-26 17:55:53,Smartphone,South,406.29640516838447,7,55,CUST03964
2023-05-18 05:16:43,Laptop,North,,3,45,CUST03965
2023-02-22 12:32:19,Tablet,Norti,248.81299522543173,6,39,CUST03966
2023-06-29 02:07:01,Smartwatch,East,460.77514675438937,2,54,CUST03967
2023-08-21 02:06:03,Laptop,North,674.5087344087374,4,76,CUST03968
2023-05-02 09:08:17,Laptop,South,626.833154218433,9,22,CUST03969
2022-07-31 20:22:30,Smartphone,Central,677.3408675989308,7,35,CUST03970
2022-07-23 17:15:59,Tablet,Central,404.9297905780953,-2,28,CUST03971
2023-10-30 13:43:30,Laptop,East,330.62270961791677,6,72,CUST03972
2022-07-05 04:58:20,Smartwatch,South,838.4076306015463,4,72,CUST03973
2022-11-23 03:59:22,Smartwatch,North,532.2159077737773,8,25,CUST03974
2023-07-15 16:57:21,Laptop,East,258.14379439535736,8,37,CUST03975
2023-09-19 13:23:54,Tablet,West,884.0593227049369,1,28,CUST03976
2022-12-17 12:17:41,Smartwatch,South,486.5030057992021,8,76,CUST03977
2022-01-05 07:13:36,Smartwatch,East,57.89505973396734,7,44,CUST03978
2022-08-05 20:49:31,Tablet,Central,718.179330346608,1,46,CUST03979
2023-12-23 13:52:00,Tablet,East,153.44508675465954,3,42,CUST03980
2022-04-17 01:29:26,Laptop,West,543.2624707068193,5,75,CUST03981
2023-09-06 21:56:15,Headphones,South,626.3667051246576,3,68,CUST03982
2022-08-03 15:43:03,Smartphone,East,602.2090670165168,3,36,CUST03983
2022-06-17 06:15:00,Headphones,North,733.4134230216653,1,78,CUST03984
2023-11-22 05:43:59,Headphones,South,652.5690188157657,8,19,CUST03985
2023-11-11 10:01:31,Smartwatch,East,778.4954084952554,9,59,CUST03986
2023-01-27 14:14:07,Tablet,East,486.05190754636214,5,56,CUST03987
2023-07-25 15:19:06,Smartwatch,South,437.95767417056476,1,61,CUST03988
2022-02-02 21:47:16,Smartphone,Central,,1,75,CUST03989
2022-05-21 08:27:47,Laptop,North,706.0471357551394,9,19,CUST03990
2022-03-27 09:58:53,Smartphone,South,404.09318247764963,1,24,CUST03991
2022-10-22 10:26:13,Smartwatch,North,627.1106312738808,9,68,CUST03992
2023-12-29 07:19:09,Smartwatch,North,371.014260023378,3,48,CUST03993
2022-09-23 09:46:29,Smartwatch,South,373.72672952146644,3,50,CUST03994
2023-10-15 09:27:46,Smartwatch,East,67764.26895548844,4,28,CUST03995
2023-01-04 16:04:47,Headphones,Central,565.4998775243747,5,57,CUST03996
2023-02-16 01:16:56,Laptop,North,176.0537351482342,6,57,CUST03997
2022-12-01 11:27:07,Headphones,North,371.92773999322435,6,63,CUST03998
2022-09-24 05:09:30,Smartwatch,East,,9,30,CUST03999
2022-09-16 19:55:25,Tablet,South,443.67076102969156,1,27,CUST04000
2022-12-23 06:21:42,Headphones,Central,458.9861270581035,9,66,CUST04001
2023-11-28 00:34:23,Smartwatch,North,428.8938289343414,4,76,CUST04002
2022-07-20 21:05:04,Smartwatch,North,680.9738927706875,7,55,CUST04003
2023-07-27 05:08:14,Laptop,South,561.9581047679208,6,37,CUST04004
2022-02-18 21:55:56,Smartphone,East,869.8776768250784,9,38,CUST04005
2023-10-12 03:52:20,Headphones,West,,2,31,CUST04006
2023-08-04 02:51:00,Headphones,East,582.8784849299692,2,41,CUST04007
2022-11-16 21:54:37,Headphones,North,540.799118681204,7,57,CUST04008
2023-04-26 18:16:44,Smartwatch,North,459.64800067276883,9,24,CUST04009
2023-06-07 12:20:49,Laptop,Central,402.5526701030601,5,22,CUST04010
2023-04-28 10:22:59,Smartwatch,East,464.75247769339063,7,23,CUST04011
2023-09-24 11:27:23,Smartwatch,West,471.6382688202693,8,57,CUST04012
2022-12-11 09:07:49,Tablet,Central,485.86871247657587,8,70,CUST04013
2023-07-03 10:14:17,Laptop,West,595.3980712048187,4,52,CUST04014
2022-10-07 02:35:10,Headphones,Central,545.0110257000943,7,26,CUST04015
2022-10-25 10:29:10,Smartphone,East,422.46076087067473,1,74,CUST04016
2022-08-28 22:11:11,Headphones,North,,4,59,CUST04017
2023-09-19 17:21:30,Smartwatch,West,533.6417421636064,5,18,CUST04018
2023-10-03 07:15:36,Laptop,East,360.9891443299464,7,56,CUST04019
2023-08-09 07:40:16,Laptop,West,435.9679148493944,6,37,CUST04020
2023-11-14 23:26:59,Laptop,East,420.29817644225636,4,23,CUST04021
2022-01-31 00:08:56,Tablet,Central,863.9070175972915,3,49,CUST04022
2023-06-04 21:24:35,Headphones,East,308.8731476325499,6,30,CUST04023
2022-11-26 11:27:21,Tablet,Central,381.1044884079052,5,56,CUST04024
2022-03-05 16:59:41,Smartphone,Norti,416.6634849682692,3,57,CUST04025
2022-07-20 04:33:01,Smartwatch,Central,432.2048227710087,4,76,CUST04026
2023-09-26 15:08:52,Tablet,South,649.9713475443657,2,38,CUST04027
2022-08-23 00:08:02,Tablet,North,461.84181393455066,9,54,CUST04028
2023-03-10 05:59:55,Smartwatch,East,,7,29,CUST04029
2023-12-19 04:09:00,Laptop,Easu,714.6371121496587,3,23,CUST04030
2022-11-23 06:34:27,Smartwatch,South,539.5458501261694,8,72,CUST04031
2023-08-18 10:26:45,Headphones,East,563.0785341925432,8,32,CUST04032
2023-04-20 10:08:49,Smartwatch,North,59762.552553288246,1,38,CUST04033
2022-03-10 06:34:45,Laptop,North,315.19380998587525,5,38,CUST04034
2022-12-20 19:51:46,Smartwatch,Central,498.96786004992,5,45,CUST04035
2023-04-22 08:15:55,Tablet,West,623.1871691415091,3,53,CUST04036
2022-04-02 23:15:55,Smartphone,East,403.95954419952733,2,34,CUST04037
2022-07-03 11:01:12,Tablet,Souti,545.9990960178484,1,63,CUST04038
2022-05-01 04:39:38,Smartphone,North,581.5277824046034,4,24,CUST04039
2023-06-15 11:00:17,Smartwatch,North,281.0065873028435,2,40,CUST04040
2023-03-31 04:44:30,Headphones,North,345.1330115335838,5,62,CUST04041
2023-07-03 22:42:51,Smartwatch,West,157.2835046380179,2,39,CUST04042
2022-11-02 05:32:27,Laptop,West,534.0100702776804,1,27,CUST04043
2022-03-19 14:06:00,Smartwatch,East,782.7454568622975,9,35,CUST04044
2023-11-30 08:14:12,Smartphone,South,396.1725349225529,2,19,CUST04045
2022-08-03 20:19:35,Tablet,Wesu,471.0968818678324,4,71,CUST04046
2023-05-05 00:31:29,Headphones,Central,651.9985182379577,3,29,CUST04047
2022-12-02 19:09:09,Smartwatch,West,539.8813468297352,1,62,CUST04048
2022-01-07 04:13:54,Smartwatch,North,353.94647308372373,8,74,CUST04049
2022-08-28 16:46:03,Tablet,South,728.9461380350742,2,70,CUST04050
2022-12-19 02:24:27,Headphones,East,529.5986363350796,8,56,CUST04051
2023-05-03 15:41:17,Smartwatch,West,465.16765510328884,1,67,CUST04052
2022-04-04 18:47:53,Smartwatch,North,477.58361333887507,6,39,CUST04053
2023-05-11 08:38:07,Smartphone,Central,588.6303335716814,4,60,CUST04054
2023-03-18 21:01:08,Smartphone,Central,407.99202436797134,3,39,CUST04055
2022-06-27 09:02:19,Laptop,East,735.743118573231,1,59,CUST04056
2023-11-02 00:08:23,Tablet,East,688.7950010754761,1,39,CUST04057
2023-03-27 02:24:25,Headphones,West,501.2719666154723,7,23,CUST04058
2022-12-09 09:05:01,Smartwatch,East,509.24140795659656,6,63,CUST04059
2022-01-17 06:39:28,Smartwatch,North,373.0937420405894,3,69,CUST04060
2022-10-01 08:41:56,Laptop,North,404.3990897934228,2,54,CUST04061
2023-11-21 10:02:10,Smartwatch,Norti,329.6905488760669,3,37,CUST04062
2022-03-08 23:01:07,Tablet,West,469.3888200816713,8,23,CUST04063
2022-07-28 08:32:40,Laptop,West,509.3515279934027,7,26,CUST04064
2022-09-21 06:44:02,Tablet,Easu,261.48833898133876,7,46,CUST04065
2023-10-01 19:49:02,Laptop,West,603.3367732695498,5,54,CUST04066
2022-07-06 22:21:05,Smartwatch,Norti,369.3675918699508,3,22,CUST04067
2023-12-20 09:07:05,Laptop,South,561.771758559197,1,68,CUST04068
2022-08-07 20:17:14,Smartphone,North,,1,30,CUST04069
2023-06-08 01:56:08,Headphones,South,696.0580861705132,6,44,CUST04070
2023-11-09 13:45:58,Smartwatch,East,664.5580133712617,4,40,CUST04071
2023-07-29 07:56:31,Headphones,Central,748.4963609654942,7,54,CUST04072
2023-03-05 17:57:41,Smartwatch,West,62232.33998449515,1,63,CUST04073
2022-07-03 15:15:28,Headphones,West,525.1586074456939,6,51,CUST04074
2023-10-25 06:25:08,Smartphone,North,429.09891530901047,7,42,CUST04075
2023-04-09 08:14:35,Headphones,North,482.0843176044398,1,54,CUST04076
2022-05-07 02:57:14,Laptop,South,744.4192772997612,2,40,CUST04077
2023-05-30 17:55:26,Headphones,West,470.32380893470116,9,45,CUST04078
2022-07-17 14:12:42,Smartwatch,East,499.22832083926596,9,72,CUST04079
2023-03-31 10:59:46,Tablet,North,721.4334506741986,6,43,CUST04080
2022-03-04 20:53:39,Headphones,West,465.0016810945255,4,29,CUST04081
2022-09-02 13:28:28,Headphones,Central,380.77919817710165,7,73,CUST04082
2022-08-02 21:09:35,Headphones,South,669.9778121108761,5,69,CUST04083
2023-09-19 00:53:53,Smartwatch,North,375.87369912135154,3,56,CUST04084
2023-09-19 13:10:25,Headphones,North,56057.26090771811,4,20,CUST04085
2022-05-01 06:40:34,Smartwatch,East,534.3244038768454,2,26,CUST04086
2023-12-20 10:08:39,Smartwatch,North,547.3609345356191,6,64,CUST04087
2022-07-09 18:01:27,Tablet,West,137.03653756455964,3,32,CUST04088
2022-12-21 23:43:23,Laptop,West,617.0700182970202,7,25,CUST04089
2023-05-02 21:16:30,Smartwatch,West,491.07575502792923,4,45,CUST04090
2022-05-30 10:49:10,Smartphone,Central,592.442436849081,8,43,CUST04091
2023-06-25 22:44:21,Headphones,Central,575.1190026840559,1,33,CUST04092
2023-08-19 21:21:12,Smartphone,North,547.3896511743986,9,74,CUST04093
2023-12-30 14:58:27,Headphones,Central,440.42301838482086,3,51,CUST04094
2023-02-24 00:51:07,Tablet,Central,442.07869643922,3,37,CUST04095
2023-01-02 05:54:08,Smartwatch,East,491.8559423717143,5,18,CUST04096
2023-03-20 05:21:11,Laptop,Central,525.7209785671442,1,41,CUST04097
2023-05-21 14:19:34,Smartwatch,South,436.39992645976895,3,46,CUST04098
2023-11-10 14:23:18,Headphones,South,641.4404611635888,4,21,CUST04099
2023-12-26 16:14:55,Laptop,South,450.823543842504,2,21,CUST04100
2022-04-23 04:36:14,Smartwatch,North,353.0223141850129,6,72,CUST04101
2023-09-02 04:53:22,Laptop,West,589.2853318974626,4,79,CUST04102
2022-11-27 14:26:11,Headphones,East,782.1745261005676,1,55,CUST04103
2022-12-15 13:03:53,Tablet,North,324.86718571745246,3,20,CUST04104
2023-09-22 01:42:48,Tablet,West,481.2026162831963,7,57,CUST04105
2023-09-09 15:35:10,Smartwatch,East,659.5850409994289,3,19,CUST04106
2023-02-24 08:09:09,Smartphone,Easu,585.4757563467446,6,46,CUST04107
2022-02-19 20:24:46,Headphones,Easu,593.1860588198513,6,66,CUST04108
2023-04-19 05:03:58,Smartwatch,South,504.5727207011437,1,45,CUST04109
2022-10-26 12:44:04,Smartwatch,South,101.299642164568,2,29,CUST04110
2022-04-07 09:44:02,Tablet,South,538.6778574377366,6,78,CUST04111
2023-10-16 22:52:40,Laptop,East,556.02239754457,2,61,CUST04112
2022-12-18 12:30:44,Headphones,East,668.8758952593845,2,32,CUST04113
2022-04-13 05:18:44,Laptop,South,387.3548453295154,4,67,CUST04114
2023-09-16 06:09:49,Headphones,East,752.422935863654,8,58,CUST04115
2023-04-05 18:09:55,Smartphone,South,453.4331202138549,6,48,CUST04116
2022-02-10 00:10:53,Tablet,South,427.60439432983975,8,70,CUST04117
2023-10-08 09:07:47,Smartphone,South,,4,54,CUST04118
2023-08-12 01:07:23,Smartwatch,West,,3,49,CUST04119
2023-11-28 14:20:00,Tablet,East,335.6011348373296,7,39,CUST04120
2022-01-22 20:40:06,Smartwatch,North,594.7889618442739,7,20,CUST04121
2023-06-08 00:04:24,Smartphone,Souti,378.86512779093005,2,34,CUST04122
2022-12-24 18:45:54,Headphones,North,493.3762857813098,1,46,CUST04123
2023-08-31 09:42:19,Smartwatch,West,271.30189152630834,8,73,CUST04124
2023-03-11 05:08:28,Laptop,East,617.8065064070353,3,72,CUST04125
2023-02-13 17:41:34,Headphones,South,477.4939591385257,6,29,CUST04126
2023-05-27 08:41:53,Headphones,South,583.6145431206882,7,31,CUST04127
2023-05-20 05:43:14,Smartphone,South,473.16215063196597,8,25,CUST04128
2022-02-16 23:27:28,Smartphone,North,579.1621864087241,6,58,CUST04129
2023-12-21 22:04:42,Tablet,West,493.08357095782645,7,19,CUST04130
2022-01-10 08:46:18,Tablet,East,611.0958573287769,5,70,CUST04131
2023-11-06 08:25:58,Laptop,West,580.0679211380061,3,51,CUST04132
2023-09-30 20:04:10,Headphones,South,529.4363568407744,2,78,CUST04133
2022-03-22 06:08:26,Laptop,West,364.9780428209157,7,41,CUST04134
2023-04-21 00:12:39,Laptop,North,434.3913666722361,8,65,CUST04135
2022-08-12 20:10:21,Smartphone,Central,384.1681136992163,8,37,CUST04136
2022-12-26 13:37:41,Laptop,Central,714.3041924709811,3,60,CUST04137
2023-02-01 16:57:49,Laptop,East,617.0538273794149,2,69,CUST04138
2022-09-15 22:14:59,Smartwatch,East,505.6622388798205,9,27,CUST04139
2022-11-25 16:21:08,Tablet,West,415.67754063510455,6,57,CUST04140
2022-07-11 07:41:49,Tablet,East,,3,24,CUST04141
2022-09-26 11:06:10,Headphones,North,518.3712741572606,5,18,CUST04142
2022-11-20 16:04:34,Tablet,South,776.4814380594049,1,72,CUST04143
2023-02-05 04:25:01,Headphones,South,500.8895747146768,2,79,CUST04144
2022-09-30 09:06:06,Smartwatch,West,680.2880379498218,9,27,CUST04145
2022-03-08 21:21:17,Tablet,South,541.3495185101777,3,68,CUST04146
2023-05-29 00:19:06,Smartwatch,West,584.3861255547279,8,22,CUST04147
2022-02-03 11:26:11,Tablet,East,428.612404000973,8,73,CUST04148
2022-04-29 01:35:44,Tablet,East,470.43987460843044,5,71,CUST04149
2023-06-20 14:41:28,Smartwatch,North,375.37911427269006,8,57,CUST04150
2022-10-02 20:30:15,Laptop,South,545.6875509620234,2,38,CUST04151
2023-07-29 03:42:05,Laptop,North,463.48658711690763,2,75,CUST04152
2023-08-11 21:37:29,Laptop,Central,553.9828349849103,4,26,CUST04153
2023-10-15 02:52:21,Laptop,Norti,352.2185182068858,8,46,CUST04154
2023-12-18 10:35:02,Tablet,West,568.359142174407,2,48,CUST04155
2022-05-02 23:41:09,Smartphone,West,,4,62,CUST04156
2023-12-27 08:32:47,Smartwatch,North,520.5304426912678,8,63,CUST04157
2022-08-15 20:15:52,Smartphone,East,558.4063699812291,3,44,CUST04158
2023-06-30 05:36:18,Smartphone,Central,464.3598676394561,8,23,CUST04159
2022-07-20 03:35:09,Headphones,North,,2,60,CUST04160
2022-08-13 16:45:38,Laptop,East,570.2668599318209,1,48,CUST04161
2023-11-05 00:42:42,Tablet,North,515.766796568056,6,58,CUST04162
2022-07-16 22:43:53,Laptop,South,611.2961304247787,8,62,CUST04163
2023-08-11 08:17:22,Laptop,West,421.81104610253146,9,53,CUST04164
2023-02-04 06:16:40,Smartphone,South,416.8444000725938,8,19,CUST04165
2023-07-18 12:16:27,Headphones,South,62005.53020438486,2,79,CUST04166
2022-04-29 09:18:11,Laptop,Central,633.3714541351055,1,73,CUST04167
2023-10-11 15:41:32,Smartwatch,East,678.7626688336998,-7,38,CUST04168
2023-04-27 11:04:38,Smartwatch,West,286.2246407932367,7,51,CUST04169
2023-08-19 00:09:49,Laptop,South,481.0416419575293,3,39,CUST04170
2023-01-29 18:06:54,Smartphone,West,549.4446242292935,6,30,CUST04171
2023-09-04 22:10:16,Smartphone,East,608.0471637761647,7,36,CUST04172
2023-01-27 12:32:58,Tablet,North,578.9874468744523,9,50,CUST04173
2022-06-10 23:12:59,Headphones,South,372.338357348627,1,77,CUST04174
2022-03-05 02:46:14,Smartphone,East,,3,55,CUST04175
2022-03-12 21:09:12,Tablet,West,548.1853213841634,5,76,CUST04176
2022-01-14 11:33:15,Smartwatch,East,547.7772933171017,3,57,CUST04177
2023-05-17 12:46:10,Smartwatch,North,335.5337534088481,8,66,CUST04178
2023-10-28 01:34:38,Smartwatch,East,359.830149524713,6,20,CUST04179
2023-09-06 12:49:55,Laptop,West,771.8345993318544,2,55,CUST04180
2022-06-09 08:10:53,Headphones,Souti,647.9168812154695,1,75,CUST04181
2022-01-28 21:16:21,Tablet,South,490.5544924583996,5,78,CUST04182
2023-06-25 11:04:20,Headphones,Central,493.1167773886021,9,36,CUST04183
2023-04-15 16:28:44,Laptop,West,833.4247872277,9,24,CUST04184
2022-10-18 08:30:27,Tablet,Central,506.80002764927985,1,32,CUST04185
2022-05-19 10:00:07,Tablet,Central,482.481486315053,3,55,CUST04186
2023-10-24 22:21:04,Smartphone,North,380.98870234507734,6,42,CUST04187
2023-01-09 18:19:09,Headphones,West,464.95037032919413,5,78,CUST04188
2023-09-09 14:35:43,Headphones,South,247.57344572239285,4,39,CUST04189
2022-08-21 04:27:12,Smartphone,West,578.1189497675053,2,40,CUST04190
2022-01-01 21:26:15,Smartwatch,North,688.8888495264575,4,67,CUST04191
2022-05-09 04:12:35,Laptop,West,690.5597225955746,5,27,CUST04192
2022-08-07 05:47:04,Headphones,West,394.6312201514171,2,53,CUST04193
2023-08-22 06:05:01,Smartphone,Central,155.79681775482803,1,54,CUST04194
2022-08-18 00:56:42,Tablet,West,550.8912067256755,7,67,CUST04195
2023-08-07 15:24:36,Smartphone,Central,697.8059524572454,7,76,CUST04196
2022-01-19 00:50:42,Smartwatch,Central,259.3791586688554,8,59,CUST04197
2023-01-13 20:56:08,Laptop,East,443.95930431356476,6,59,CUST04198
2022-06-01 07:46:02,Smartwatch,North,553.6121930438616,1,59,CUST04199
2023-07-26 11:26:05,Tablet,Central,373.840721899589,8,24,CUST04200
2023-03-15 08:31:25,Tablet,West,240.77640205961677,2,69,CUST04201
2022-09-09 10:47:04,Tablet,Centram,388.4430503320095,3,63,CUST04202
2022-03-05 00:35:15,Tablet,Central,414.63720042794847,8,42,CUST04203
2022-04-09 23:40:42,Smartphone,Central,217.07579858444308,4,79,CUST04204
2023-09-02 22:40:03,Tablet,South,660.7315955255949,5,57,CUST04205
2022-04-22 07:46:35,Tablet,South,733.087312318326,9,75,CUST04206
2023-02-28 05:26:31,Smartphone,South,504.4335291129541,7,58,CUST04207
2022-04-23 10:22:57,Tablet,South,609.4230733860041,7,41,CUST04208
2023-07-29 09:16:24,Smartwatch,East,278.1216202128572,1,22,CUST04209
2022-04-24 11:43:56,Smartwatch,Central,478.76325699718257,1,74,CUST04210
2023-09-03 11:36:53,Headphones,East,413.16431923995134,8,38,CUST04211
2022-03-25 09:19:36,Smartwatch,West,561.733609823977,1,57,CUST04212
2022-08-20 07:40:39,Laptop,North,95.29772001918926,2,37,CUST04213
2023-10-31 20:39:26,Laptop,East,454.3894258235288,4,46,CUST04214
2022-02-28 11:14:06,Laptop,South,594.2601194071207,9,54,CUST04215
2022-02-11 23:07:34,Smartphone,South,535.7296278426483,7,76,CUST04216
2022-01-04 07:21:51,Smartwatch,West,617.436049235483,7,37,CUST04217
2022-09-13 06:29:48,Laptop,Central,410.24366273441734,7,35,CUST04218
2023-05-14 10:53:49,Headphones,North,76.50230714484645,5,21,CUST04219
2023-10-25 13:15:28,Smartphone,Easu,664.8326641988444,1,28,CUST04220
2022-07-20 20:18:55,Headphones,Central,613.8719264796662,5,70,CUST04221
2022-06-20 00:32:29,Smartwatch,Central,735.313585287864,8,39,CUST04222
2022-12-30 06:17:47,Tablet,East,511.13846280294894,7,69,CUST04223
2022-08-21 17:38:42,Headphones,Easu,,7,60,CUST04224
2022-04-17 23:02:34,Tablet,East,849.3871554755151,2,31,CUST04225
2023-07-04 22:05:51,Smartphone,East,222.34842486224383,1,75,CUST04226
2023-01-29 06:00:13,Headphones,South,566.7055943341987,4,62,CUST04227
2023-08-17 20:14:41,Headphones,Central,682.6609405466563,8,45,CUST04228
2023-06-24 07:46:28,Smartphone,Central,531.8872569121652,1,21,CUST04229
2022-10-17 08:21:18,Smartphone,South,509.9460618694153,2,33,CUST04230
2022-05-09 00:11:00,Laptop,Central,277.46416277011826,7,55,CUST04231
2022-02-26 17:09:24,Smartwatch,East,720.0834724569555,5,40,CUST04232
2022-04-25 16:39:11,Headphones,North,660.3410249248136,6,30,CUST04233
2022-06-11 11:37:55,Headphones,Central,692.3838409497391,8,72,CUST04234
2022-03-15 08:05:56,Smartphone,North,496.76692088735433,9,37,CUST04235
2022-09-17 21:50:58,Smartphone,North,,8,22,CUST04236
2022-07-18 19:44:43,Smartwatch,South,498.994124032195,1,36,CUST04237
2022-10-04 06:56:32,Smartphone,West,754.8984035638297,4,38,CUST04238
2022-06-08 14:43:00,Tablet,Central,460.95383343187916,5,59,CUST04239
2022-01-06 07:59:56,Tablet,South,722.2914318788195,9,22,CUST04240
2023-04-23 22:50:48,Tablet,South,477.93530238432726,6,31,CUST04241
2022-06-17 20:42:36,Tablet,North,371.41130270631305,6,53,CUST04242
2022-03-11 09:06:16,Smartwatch,Central,188.41339338235946,3,23,CUST04243
2023-10-06 18:15:31,Headphones,South,586.1195076300537,2,22,CUST04244
2023-04-02 03:59:30,Tablet,East,615.2183178822152,2,41,CUST04245
2022-02-27 18:05:04,Smartphone,Souti,327.419754395104,7,46,CUST04246
2022-04-19 17:03:29,Tablet,East,721.5295007545504,5,46,CUST04247
2022-07-17 19:00:39,Smartwatch,Wesu,292.7934835651764,1,19,CUST04248
2022-05-15 04:36:47,Smartphone,East,,5,23,CUST04249
2023-04-06 22:20:48,Tablet,East,613.6223471675335,1,51,CUST04250
2023-04-19 02:10:15,Headphones,North,660.9747226396943,9,29,CUST04251
2022-04-01 12:57:16,Smartphone,South,204.38037270602143,8,39,CUST04252
2022-12-12 12:13:10,Smartphone,West,660.030903529851,4,21,CUST04253
2023-03-02 03:25:34,Headphones,South,478.27366314567035,1,62,CUST04254
2022-07-22 22:05:27,Smartphone,East,448.94582636247367,8,66,CUST04255
2022-08-10 00:58:51,Tablet,East,623.7514212148909,5,23,CUST04256
2022-08-09 01:07:01,Smartphone,South,644.1029346037469,1,20,CUST04257
2023-09-25 08:41:47,Tablet,West,201.70501556266893,2,30,CUST04258
2023-07-17 03:14:53,Headphones,West,306.53184700085046,5,40,CUST04259
2023-02-15 08:11:26,Laptop,North,679.8818812396345,9,52,CUST04260
2023-09-15 13:26:38,Headphones,East,571.2483615770581,8,43,CUST04261
2023-02-11 07:16:56,Tablet,Easu,527.2628461733187,8,69,CUST04262
2023-09-23 20:35:30,Smartwatch,North,352.1494667899655,9,26,CUST04263
2022-04-05 08:45:13,Headphones,South,565.8262476338044,2,40,CUST04264
2023-03-03 05:59:15,Smartwatch,East,682.8398197410074,7,21,CUST04265
2022-10-20 07:08:12,Smartwatch,South,847.6899394464849,5,51,CUST04266
2023-12-14 10:38:13,Tablet,West,446.8719657485267,3,54,CUST04267
2023-10-26 02:43:51,Tablet,Central,631.5629267975761,8,25,CUST04268
2023-06-12 08:13:08,Laptop,North,778.2322370199317,2,51,CUST04269
2022-11-10 13:12:18,Smartphone,East,282.6959200002574,4,74,CUST04270
2023-01-21 01:28:05,Headphones,North,769.8692762785785,5,54,CUST04271
2023-11-06 16:13:07,Tablet,West,530.0965380308024,5,23,CUST04272
2023-01-11 10:12:08,Headphones,West,511.2296448413172,4,24,CUST04273
2023-12-28 01:06:58,Smartwatch,West,418.74068208848746,3,62,CUST04274
2022-06-02 00:53:23,Smartphone,West,445.41580990870295,3,58,CUST04275
2022-08-15 05:59:18,Laptop,Central,388.2481696986206,5,56,CUST04276
2023-09-07 14:33:42,Headphones,South,357.0463934791309,6,53,CUST04277
2022-11-29 17:35:23,Smartphone,South,567.4433756642651,1,22,CUST04278
2023-06-05 16:55:55,Laptop,Central,666.9031156423262,4,77,CUST04279
2023-04-18 19:27:17,Headphones,South,342.8380572425935,6,20,CUST04280
2022-10-01 10:09:15,Smartphone,West,395.72485170252713,2,34,CUST04281
2022-06-13 15:35:08,Tablet,South,538.4517466477372,5,36,CUST04282
2022-04-11 05:25:22,Headphones,North,,9,62,CUST04283
2023-07-31 14:27:33,Smartphone,South,536.6195061250896,3,18,CUST04284
2023-09-23 02:37:31,Laptop,Norti,459.5466288041535,3,54,CUST04285
2023-10-10 18:38:57,Smartphone,Easu,254.30811416686277,9,72,CUST04286
2022-10-23 11:11:19,Tablet,North,570.7445618011777,-3,26,CUST04287
2022-12-10 01:17:21,Headphones,North,415.8470634581604,4,21,CUST04288
2022-07-26 03:43:22,Headphones,West,653.7572764250832,9,59,CUST04289
2023-04-04 06:35:34,Headphones,West,470.6756279117831,4,63,CUST04290
2022-11-08 11:41:52,Tablet,West,393.3034236792732,5,27,CUST04291
2022-06-15 17:32:55,Laptop,North,495.01328899177054,2,49,CUST04292
2023-03-29 13:32:06,Headphones,Central,,8,18,CUST04293
2023-02-05 21:16:21,Laptop,West,776.2733790912708,9,40,CUST04294
2023-02-24 04:01:09,Smartphone,West,588.9606669842146,4,68,CUST04295
2022-02-12 12:04:37,Laptop,North,411.64525244019603,3,34,CUST04296
2022-08-07 07:22:00,Laptop,East,504.8910474152137,4,69,CUST04297
2022-05-26 04:55:45,Headphones,East,485.23740444377466,7,47,CUST04298
2022-05-04 04:29:04,Smartwatch,South,477.4639716773668,1,44,CUST04299
2023-02-28 07:56:44,Smartwatch,East,461.84149540367,2,74,CUST04300
2022-07-06 01:59:39,Tablet,West,355.1858985695288,5,32,CUST04301
2023-05-29 02:14:29,Tablet,Central,646.3428263513857,9,71,CUST04302
2023-12-17 18:22:17,Smartwatch,South,629.116974566856,6,55,CUST04303
2022-02-26 04:20:42,Smartphone,Central,503.4743878460203,3,24,CUST04304
2022-08-11 18:49:54,Headphones,Central,688.8121486132526,3,50,CUST04305
2023-07-11 05:22:03,Headphones,West,588.6575868738832,7,22,CUST04306
2022-02-14 07:55:21,Smartphone,Norti,332.53479772583137,3,69,CUST04307
2022-05-19 07:52:32,Smartphone,North,446.8392524989365,3,69,CUST04308
2023-10-07 12:12:40,Smartwatch,North,722.0556124978509,7,56,CUST04309
2022-06-10 04:00:28,Tablet,East,445.90282137623205,9,51,CUST04310
2022-07-29 20:15:40,Smartphone,North,396.0004996529365,9,70,CUST04311
2023-10-23 16:50:56,Tablet,West,608.3613751943673,3,72,CUST04312
2023-10-16 10:13:54,Laptop,Easu,457.9673881528635,8,20,CUST04313
2023-03-04 09:28:07,Headphones,North,584.1177303691142,1,79,CUST04314
2022-02-19 09:36:13,Smartwatch,Central,494.5825886721623,8,49,CUST04315
2022-03-11 20:18:42,Headphones,Wesu,380.50165853030154,2,19,CUST04316
2023-05-11 12:27:27,Smartwatch,West,396.0332063812449,4,33,CUST04317
2022-10-03 07:35:47,Laptop,South,247.13762337558546,7,77,CUST04318
2022-07-12 06:12:07,Headphones,West,334.22261626105603,6,34,CUST04319
2023-09-26 10:19:28,Laptop,Central,594.2567570586824,9,70,CUST04320
2022-02-17 02:33:48,Smartwatch,West,680.8655576064712,8,29,CUST04321
2022-10-14 04:57:32,Smartphone,South,408.43606269973435,2,77,CUST04322
2022-10-01 16:40:05,Headphones,West,293.7525561371982,4,22,CUST04323
2023-06-01 06:58:56,Laptop,West,670.6755995396957,1,21,CUST04324
2023-01-16 23:33:01,Headphones,South,675.1142111061184,7,73,CUST04325
2022-05-11 07:59:44,Headphones,West,608.4438134387663,4,33,CUST04326
2022-01-16 20:21:17,Headphones,East,282.36023238797264,8,35,CUST04327
2022-09-16 02:23:03,Tablet,West,577.267929366371,2,62,CUST04328
2022-09-29 23:35:06,Laptop,North,582.7368300097784,8,77,CUST04329
2022-01-09 16:19:31,Laptop,North,635.086384334793,2,37,CUST04330
2023-12-11 15:38:35,Headphones,East,522.6483537812747,8,70,CUST04331
2022-07-01 20:11:12,Smartphone,West,387.4737449024854,1,26,CUST04332
2023-06-18 16:07:53,Headphones,Central,439.3187544576927,2,33,CUST04333
2023-04-29 12:42:14,Tablet,West,676.5579405360837,5,52,CUST04334
2022-10-11 21:06:28,Smartwatch,North,556.9313452028249,1,46,CUST04335
2022-02-21 14:57:56,Tablet,South,303.79145548985974,5,66,CUST04336
2023-04-20 15:58:40,Smartphone,East,,5,47,CUST04337
2023-09-22 17:11:25,Headphones,South,673.3320894302324,7,37,CUST04338
2022-11-03 19:18:01,Laptop,Central,749.3747994240458,2,59,CUST04339
2023-09-01 09:29:14,Headphones,West,670.1468575868441,2,39,CUST04340
2023-10-16 01:58:13,Smartphone,Central,360.74032826392676,6,40,CUST04341
2023-05-07 01:46:37,Laptop,South,549.5007427505224,3,69,CUST04342
2023-08-30 07:40:24,Tablet,West,590.5241301596149,8,53,CUST04343
2022-11-14 15:36:40,Smartwatch,Central,,3,39,CUST04344
2022-07-27 21:32:07,Smartwatch,North,324.1420451321964,4,18,CUST04345
2023-03-22 18:57:40,Headphones,North,611.5097350467314,7,38,CUST04346
2022-06-14 15:43:44,Tablet,East,623.4032444359444,1,65,CUST04347
2023-01-18 08:19:52,Smartphone,North,,1,60,CUST04348
2022-10-11 16:19:28,Smartwatch,North,460.9420101331217,9,36,CUST04349
2022-08-10 21:02:15,Tablet,South,247.55820004919673,6,25,CUST04350
2022-01-18 08:55:48,Headphones,North,477.33011328515164,5,22,CUST04351
2022-03-15 05:31:30,Laptop,Norti,626.518984446293,2,72,CUST04352
2022-08-30 17:24:10,Headphones,Souti,445.38519201725916,2,73,CUST04353
2023-01-04 10:47:02,Headphones,North,515.2618687583479,7,57,CUST04354
2023-09-03 10:04:38,Tablet,North,403.68533472680207,6,46,CUST04355
2023-11-30 02:12:54,Smartwatch,East,678.9642733724878,-8,35,CUST04356
2023-04-01 22:07:08,Tablet,North,,3,46,CUST04357
2022-06-26 05:35:59,Laptop,North,376.98881924871404,3,32,CUST04358
2023-11-08 05:41:01,Tablet,East,421.7111631720689,5,67,CUST04359
2023-02-24 15:30:26,Smartphone,South,398.07620932517466,4,62,CUST04360
2023-10-14 01:21:14,Headphones,North,221.0567669298232,8,48,CUST04361
2022-11-19 13:49:00,Smartwatch,Centram,,6,32,CUST04362
2023-01-11 09:31:42,Laptop,South,234.0705463357094,8,75,CUST04363
2023-03-29 16:30:37,Headphones,South,640.0369432752217,7,70,CUST04364
2023-03-22 02:27:56,Tablet,North,,2,62,CUST04365
2022-07-16 09:48:48,Smartphone,East,455.1816090241101,9,20,CUST04366
2023-07-07 07:06:58,Tablet,South,530.704378870516,6,61,CUST04367
2022-08-26 04:06:35,Headphones,East,660.6499491187429,6,61,CUST04368
2022-12-27 19:47:19,Laptop,Central,617.567306113763,2,59,CUST04369
2022-03-09 15:44:07,Smartwatch,East,800.7047914016573,9,50,CUST04370
2023-06-27 05:19:48,Headphones,West,538.9118691106635,1,41,CUST04371
2023-02-11 07:04:12,Laptop,East,717.8953000215052,6,55,CUST04372
2023-12-05 15:49:31,Headphones,South,514.2679953478389,8,68,CUST04373
2022-05-16 20:25:32,Smartphone,East,482.07523127690575,2,41,CUST04374
2023-09-14 06:21:35,Tablet,East,601.8026097226298,3,30,CUST04375
2023-07-16 05:57:00,Smartwatch,West,582.8229819759849,7,44,CUST04376
2022-04-07 05:08:54,Laptop,West,408.81174111222214,1,50,CUST04377
2022-02-15 03:26:19,Smartwatch,North,376.39533261118964,5,36,CUST04378
2023-03-09 09:27:21,Smartwatch,South,511.21633678752175,6,42,CUST04379
2022-05-12 09:45:40,Smartwatch,North,216.489388930201,7,23,CUST04380
2022-03-19 19:14:15,Laptop,West,453.87044319323144,7,50,CUST04381
2022-06-24 06:13:44,Laptop,East,352.6492218569409,3,42,CUST04382
2023-07-21 18:22:18,Smartwatch,West,,7,40,CUST04383
2022-04-15 13:59:09,Tablet,Central,383.1901026110444,1,66,CUST04384
2022-07-31 18:49:58,Headphones,East,615.186345105742,4,34,CUST04385
2023-12-20 04:05:49,Smartwatch,Norti,567.0019442076008,7,38,CUST04386
2023-01-14 03:45:48,Smartphone,East,507.9428787065065,7,60,CUST04387
2022-03-14 16:54:06,Smartwatch,Central,442.4935438558893,4,37,CUST04388
2023-09-21 19:41:10,Laptop,West,655.2047513717049,1,29,CUST04389
2023-04-08 17:45:20,Headphones,South,635.0972896270144,8,73,CUST04390
2023-05-15 08:41:18,Smartphone,South,483.32880122072726,4,30,CUST04391
2023-08-31 14:16:51,Headphones,South,703.212011847776,2,35,CUST04392
2022-11-29 18:31:45,Headphones,West,471.5685278562488,4,39,CUST04393
2022-09-12 03:36:33,Smartphone,South,530.7053786356878,8,41,CUST04394
2023-03-26 11:38:43,Smartwatch,Central,413.8672069689664,8,50,CUST04395
2023-03-16 09:11:57,Smartwatch,West,441.0184650826216,5,20,CUST04396
2022-06-22 23:39:12,Smartwatch,South,405.9475212925484,2,34,CUST04397
2022-06-04 16:10:38,Tablet,North,603.1387784973803,7,56,CUST04398
2022-11-15 20:48:35,Smartwatch,West,556.4329245683379,3,49,CUST04399
2023-04-27 02:20:01,Smartphone,West,342.08919279931297,6,34,CUST04400
2023-12-05 21:17:24,Tablet,East,58496.73575636528,9,65,CUST04401
2023-08-03 02:59:30,Smartwatch,South,768.942658432313,5,61,CUST04402
2022-05-08 19:56:30,Tablet,North,400.9885949834913,9,42,CUST04403
2023-09-24 05:03:23,Smartphone,Central,392.41121561299224,4,25,CUST04404
2022-05-15 15:32:55,Smartwatch,West,501.2100322789379,9,60,CUST04405
2022-02-28 13:27:47,Laptop,Central,706.7352140004547,1,52,CUST04406
2023-04-28 00:06:08,Smartphone,Central,434.25315853407903,4,77,CUST04407
2023-02-27 22:02:08,Headphones,Central,776.2776398922955,1,46,CUST04408
2023-11-08 19:00:27,Headphones,East,341.4412042506313,9,29,CUST04409
2022-04-13 03:43:53,Smartphone,Centram,528.2072849515131,8,53,CUST04410
2023-03-03 13:38:58,Headphones,South,244.8109895700711,8,26,CUST04411
2023-07-02 20:54:38,Smartphone,South,359.57795743054777,7,43,CUST04412
2022-07-30 01:28:06,Laptop,North,,9,39,CUST04413
2022-11-16 09:42:25,Smartphone,North,540.5291181918972,3,70,CUST04414
2023-09-05 13:29:34,Smartwatch,Central,686.1097965910513,7,78,CUST04415
2022-09-29 23:22:04,Smartwatch,Central,395.1006034447039,6,48,CUST04416
2022-12-04 18:41:44,Tablet,East,563.0965866867034,5,70,CUST04417
2022-10-17 13:36:09,Headphones,Central,299.13393763648736,9,66,CUST04418
2022-05-07 12:17:05,Headphones,Central,651.4780241118564,4,65,CUST04419
2023-10-11 04:12:34,Smartphone,Central,696.557345242916,3,61,CUST04420
2022-09-03 16:31:08,Headphones,West,655.6287263593185,3,47,CUST04421
2023-05-19 14:58:17,Smartwatch,West,655.4096645599274,2,32,CUST04422
2022-04-18 01:21:17,Laptop,East,486.2924664005151,-1,64,CUST04423
2023-07-06 14:06:09,Smartphone,East,541.5068187041687,3,50,CUST04424
2023-11-21 13:08:02,Headphones,South,485.45300001582945,8,20,CUST04425
2022-12-16 19:24:37,Smartwatch,East,493.17369899446095,6,51,CUST04426
2022-11-13 06:52:56,Tablet,South,388.45053524756054,2,75,CUST04427
2022-06-08 23:55:36,Headphones,Central,542.250285476416,8,79,CUST04428
2023-11-12 20:37:58,Laptop,Easu,562.6700506159433,5,34,CUST04429
2023-12-14 00:43:07,Laptop,East,647.7946503046601,4,61,CUST04430
2022-09-17 15:20:51,Headphones,East,558.8176873331281,1,22,CUST04431
2023-10-03 02:58:13,Headphones,South,632.1618989379486,1,47,CUST04432
2023-07-10 22:20:10,Smartwatch,South,388.3587935188898,4,79,CUST04433
2022-11-25 09:33:40,Headphones,North,713.5156885166351,9,60,CUST04434
2023-08-11 23:42:57,Tablet,South,463.81203219268866,6,68,CUST04435
2023-12-16 03:56:12,Smartwatch,South,192.68689573293327,1,32,CUST04436
2022-07-16 01:11:01,Smartphone,West,441.57648443740436,8,79,CUST04437
2022-02-14 09:04:02,Tablet,Easu,586.50205208664,9,56,CUST04438
2022-05-16 02:03:59,Smartwatch,South,512.3306504470557,2,25,CUST04439
2022-12-09 09:58:53,Smartwatch,East,208.69816302009136,6,59,CUST04440
2022-03-17 04:01:43,Laptop,East,532.273463133733,7,55,CUST04441
2023-01-09 10:54:57,Smartwatch,West,519.009722845685,1,45,CUST04442
2023-08-05 22:31:44,Tablet,East,354.28491081163503,-5,38,CUST04443
2023-01-02 23:30:48,Headphones,South,584.6771663741107,5,64,CUST04444
2022-01-08 22:00:29,Tablet,East,479.925597247926,3,27,CUST04445
2022-03-03 18:35:55,Smartphone,North,207.33776505595648,2,45,CUST04446
2023-11-17 12:57:06,Smartwatch,North,,1,38,CUST04447
2023-07-19 08:44:26,Smartwatch,West,526.2226024871833,-6,66,CUST04448
2022-03-22 19:17:20,Smartwatch,South,727.033881648844,7,45,CUST04449
2022-11-08 13:16:38,Smartwatch,West,370.2581038288104,2,39,CUST04450
2023-03-11 15:42:06,Laptop,North,465.04360054671,2,55,CUST04451
2023-09-13 20:02:33,Laptop,South,659.8990153948545,5,36,CUST04452
2022-07-13 02:33:08,Headphones,East,362.6568642320545,5,69,CUST04453
2023-11-09 11:11:16,Smartwatch,Souti,654.6124124528853,3,69,CUST04454
2023-07-09 03:38:37,Smartphone,Central,658.5244413798071,3,55,CUST04455
2023-08-08 23:03:12,Headphones,South,547.0670559741671,1,63,CUST04456
2023-10-05 13:45:34,Smartwatch,East,475.23067787486417,3,41,CUST04457
2024-11-01 05:35:20,Laptop,Central,402.9069781350243,9,45,CUST04458
2023-06-03 03:42:14,Smartphone,Wesu,391.83759249310987,2,62,CUST04459
2022-07-29 22:28:39,Headphones,South,546.6246086020845,1,30,CUST04460
2023-08-03 22:51:36,Smartphone,West,68.3806949869774,9,26,CUST04461
2022-08-31 19:29:41,Smartwatch,South,416.44153056630773,5,26,CUST04462
2022-04-03 04:20:43,Tablet,North,395.7553884917868,8,38,CUST04463
2023-09-09 00:55:48,Smartphone,North,351.79366066235616,4,41,CUST04464
2022-09-06 04:40:21,Smartphone,East,527.8566185623843,8,48,CUST04465
2023-02-07 05:13:14,Laptop,North,279.5315761047277,5,46,CUST04466
2023-02-05 11:16:33,Smartwatch,Central,680.4308541840076,6,57,CUST04467
2023-10-22 19:08:19,Smartphone,Central,637.0370864321545,6,27,CUST04468
2022-02-24 06:21:22,Smartwatch,South,703.9322249737183,6,69,CUST04469
2023-04-30 23:34:14,Laptop,West,420.91608340930577,2,21,CUST04470
2023-07-15 22:46:32,Smartwatch,Centram,531.1699674136514,9,20,CUST04471
2023-04-15 04:33:56,Laptop,South,623.4756515837825,7,30,CUST04472
2022-04-28 16:31:33,Laptop,West,480.37908368517145,3,38,CUST04473
2023-01-20 12:24:25,Headphones,North,415.00925690837244,2,25,CUST04474
2023-08-28 12:05:49,Smartwatch,South,517.951857479892,4,73,CUST04475
2023-03-20 09:24:11,Tablet,West,469.24647998429015,8,26,CUST04476
2023-01-10 06:34:19,Headphones,East,339.3977586209927,9,63,CUST04477
2022-03-16 19:56:17,Laptop,East,142.94296637797933,2,18,CUST04478
2023-04-05 07:17:51,Tablet,Central,361.4661018977753,6,31,CUST04479
2023-05-09 05:50:58,Smartphone,West,146.05825975012849,8,29,CUST04480
2023-09-20 12:14:58,Smartphone,East,369.50165287154067,3,53,CUST04481
2023-11-18 14:45:47,Headphones,Central,712.8593768588723,9,39,CUST04482
2022-02-26 17:40:59,Tablet,South,222.72256702194113,4,70,CUST04483
2023-06-01 06:03:58,Smartwatch,South,567.3349679221296,5,53,CUST04484
2023-04-10 20:12:24,Tablet,West,683.4033768144009,7,62,CUST04485
2023-03-29 20:55:26,Headphones,West,264.09967279875485,5,33,CUST04486
2022-09-12 16:43:02,Smartwatch,West,769.1493806087537,4,28,CUST04487
2022-11-13 11:54:15,Smartwatch,West,488.52940672288054,4,20,CUST04488
2023-12-30 08:33:14,Smartphone,East,703.7229036722503,5,51,CUST04489
2022-07-22 12:10:23,Tablet,East,540.6263167243848,3,42,CUST04490
2023-09-04 22:03:11,Smartwatch,Central,430.9020292958444,9,43,CUST04491
2023-08-10 10:52:41,Headphones,East,63.88446814690501,2,20,CUST04492
2023-06-15 18:33:30,Smartphone,South,332.779626987928,7,37,CUST04493
2022-12-31 02:04:40,Smartwatch,Central,601.9625288664354,4,48,CUST04494
2023-08-10 08:21:09,Tablet,East,730.5924946042926,8,66,CUST04495
2022-05-03 07:55:15,Smartphone,West,289.3020624079926,7,18,CUST04496
2022-04-27 18:44:11,Tablet,East,491.05002532745124,8,43,CUST04497
2022-02-14 23:43:28,Tablet,North,433.10104130848526,4,42,CUST04498
2023-05-22 10:16:55,Tablet,Central,562.6723472758928,2,28,CUST04499
2023-08-04 16:26:09,Smartphone,East,,7,33,CUST04500
2023-06-12 10:28:07,Smartwatch,East,444.24794919927814,9,37,CUST04501
2023-04-12 04:48:27,Laptop,South,595.8662488247227,6,59,CUST04502
2023-03-07 05:01:24,Smartwatch,West,396.2704386367523,7,69,CUST04503
2022-09-12 07:02:30,Smartphone,West,501.6860350791543,6,55,CUST04504
2022-04-08 21:16:51,Laptop,South,615.515986753003,-2,19,CUST04505
2023-11-04 12:03:48,Laptop,South,391.04467809193034,9,71,CUST04506
2023-08-15 21:23:12,Laptop,North,446.15674409761857,5,46,CUST04507
2022-04-16 18:09:04,Headphones,Central,416.2971236762342,3,24,CUST04508
2023-03-31 13:44:14,Smartphone,West,567.8254064837381,4,66,CUST04509
2023-11-19 17:29:55,Headphones,South,552.4336481276284,4,57,CUST04510
2023-08-02 19:37:54,Laptop,South,422.27832189284305,9,62,CUST04511
2023-05-04 07:00:44,Headphones,Central,551.1309120817684,5,71,CUST04512
2022-03-22 06:01:45,Headphones,South,,2,42,CUST04513
2022-09-16 08:43:39,Smartphone,North,625.2908611862971,6,78,CUST04514
2022-07-14 09:08:33,Tablet,Central,634.355194977685,7,21,CUST04515
2023-08-15 16:01:31,Headphones,North,424.04282301051796,8,60,CUST04516
2022-11-30 13:48:18,Headphones,East,394.2024701043401,5,51,CUST04517
2023-09-13 08:13:30,Laptop,West,491.3714734770429,8,42,CUST04518
2023-06-25 13:47:26,Laptop,South,363.48923654465597,8,25,CUST04519
2023-04-03 22:12:46,Laptop,Central,386.80175496665095,4,49,CUST04520
2023-06-05 11:30:34,Smartwatch,North,546.1779161635499,7,35,CUST04521
2022-06-17 23:10:53,Headphones,West,,9,57,CUST04522
2022-04-22 07:02:34,Laptop,West,547.6807351739672,4,28,CUST04523
2023-12-14 23:16:00,Smartphone,South,932.9493321826282,9,73,CUST04524
2023-01-09 07:40:32,Smartwatch,West,687.2881218824756,4,54,CUST04525
2022-09-18 18:17:09,Tablet,South,610.3063332431728,1,56,CUST04526
2022-06-18 11:49:19,Headphones,Easu,604.8782567979368,4,72,CUST04527
2023-08-21 23:27:00,Headphones,South,513.0138328743869,2,53,CUST04528
2022-09-17 10:10:41,Smartphone,North,575.6980160801168,6,71,CUST04529
2023-11-07 23:28:47,Tablet,West,529.6393073389999,8,27,CUST04530
2022-04-15 05:14:31,Tablet,West,657.6257818155063,6,23,CUST04531
2022-07-01 23:42:03,Smartwatch,Wesu,458.1290842831522,9,62,CUST04532
2023-09-29 23:01:57,Headphones,South,450.1131339671614,6,33,CUST04533
2022-02-13 13:50:56,Laptop,Central,676.7102360421899,7,71,CUST04534
2023-07-27 02:59:42,Smartphone,South,431.00138718625374,5,42,CUST04535
2022-02-08 11:41:55,Smartphone,North,358.2606954030797,8,51,CUST04536
2023-07-07 06:25:52,Smartphone,South,387.7805794778227,2,48,CUST04537
2022-06-12 19:32:01,Smartphone,Wesu,612.2925548074166,2,75,CUST04538
2022-03-02 09:11:32,Laptop,East,900.7828810239957,8,73,CUST04539
2023-04-30 00:23:57,Laptop,North,366.8463510726429,6,64,CUST04540
2023-08-16 03:13:59,Smartwatch,East,596.7722962095756,2,25,CUST04541
2023-03-09 14:01:59,Headphones,North,523.066427033104,6,34,CUST04542
2022-09-29 04:12:42,Laptop,Norti,669.2283491914717,8,76,CUST04543
2022-02-02 22:37:54,Smartwatch,West,595.4568992813458,6,78,CUST04544
2023-06-26 11:08:58,Tablet,South,678.5283683620152,9,31,CUST04545
2023-06-21 07:50:04,Headphones,West,543.8203545794905,6,47,CUST04546
2023-04-03 16:02:11,Laptop,West,374.78390203610047,3,35,CUST04547
2022-10-04 00:02:33,Tablet,West,397.99778476716756,9,78,CUST04548
2023-01-21 01:21:30,Smartwatch,East,531.7970894479013,5,63,CUST04549
2022-10-13 06:58:53,Laptop,North,570.0624112263788,6,53,CUST04550
2022-07-07 00:38:02,Laptop,Central,,4,38,CUST04551
2023-10-08 13:48:47,Tablet,South,802.2589363748737,3,70,CUST04552
2023-01-28 17:20:26,Laptop,West,641.1832897571975,5,48,CUST04553
2022-07-07 15:40:25,Smartphone,North,187.4140206186796,3,71,CUST04554
2022-08-28 01:41:06,Laptop,South,481.5646556066171,2,72,CUST04555
2023-01-20 02:47:13,Headphones,Central,345.542380179928,6,50,CUST04556
2022-02-05 02:35:49,Tablet,Central,785.9423924190713,8,40,CUST04557
2022-11-05 21:08:10,Headphones,West,167.09895125700166,3,55,CUST04558
2022-11-16 23:27:56,Smartwatch,Central,562.8112871682107,6,22,CUST04559
2022-09-26 08:04:30,Headphones,Central,518.4986596442882,9,32,CUST04560
2022-06-22 19:16:04,Smartphone,South,622.0860676159504,1,47,CUST04561
2023-02-02 10:08:29,Smartphone,South,548.4141585314687,3,33,CUST04562
2022-09-08 22:14:01,Headphones,West,810.398703170913,2,71,CUST04563
2023-04-16 04:02:44,Smartwatch,North,637.6895700279973,8,76,CUST04564
2023-01-01 15:08:41,Laptop,West,224.28604206210989,9,57,CUST04565
2023-12-03 05:43:24,Smartphone,East,710.6324242512707,6,46,CUST04566
2023-07-02 21:44:04,Headphones,Central,530.4729995908489,3,45,CUST04567
2022-05-19 21:10:01,Headphones,North,710.8870081294507,8,23,CUST04568
2022-03-14 21:51:32,Headphones,South,452.43809978613814,7,22,CUST04569
2022-09-19 07:09:22,Laptop,East,340.6505477637778,2,55,CUST04570
2023-10-29 07:12:22,Tablet,East,312.2934454812436,7,42,CUST04571
2022-11-26 11:09:57,Smartwatch,Central,659.2094064903147,1,45,CUST04572
2023-04-02 23:31:15,Tablet,South,619.5767522612504,8,18,CUST04573
2023-06-06 02:40:17,Smartwatch,North,411.2078656148493,5,31,CUST04574
2023-12-08 06:02:35,Smartwatch,South,99.48500314499577,9,36,CUST04575
2023-12-04 11:04:40,Headphones,Central,664.9512214091325,3,48,CUST04576
2023-05-16 21:58:52,Smartphone,East,194.3713860466395,7,68,CUST04577
2022-12-22 16:46:04,Headphones,Central,826.0866727528338,8,74,CUST04578
2023-10-15 13:31:38,Laptop,West,283.1878629535664,1,32,CUST04579
2023-02-03 04:53:02,Smartwatch,East,502.11152319971467,6,36,CUST04580
2023-06-29 18:57:01,Smartphone,Central,534.5025106632437,2,55,CUST04581
2023-12-21 21:34:43,Smartwatch,North,554.7276831393676,8,49,CUST04582
2023-06-07 13:11:08,Smartwatch,North,548.6425437233821,6,74,CUST04583
2022-04-10 00:44:15,Headphones,North,519.5659337983253,3,48,CUST04584
2023-09-02 13:15:27,Smartphone,West,434.8889181446559,4,75,CUST04585
2023-01-29 09:38:29,Smartphone,South,466.4829086090947,7,54,CUST04586
2023-05-20 22:29:23,Smartwatch,North,402.22719273255,9,43,CUST04587
2023-07-19 15:48:20,Smartphone,West,517.3815113829926,2,65,CUST04588
2023-11-04 02:02:12,Smartphone,Norti,236.9171889861817,9,76,CUST04589
2023-03-30 18:39:36,Headphones,West,547.3192298408621,6,58,CUST04590
2022-12-06 20:14:40,Tablet,North,485.1992099919377,2,42,CUST04591
2022-02-20 02:01:48,Laptop,South,626.2148625159086,8,64,CUST04592
2023-06-04 17:04:33,Tablet,Central,454.45035884450436,4,71,CUST04593
2023-08-24 20:17:48,Smartphone,North,590.3342652423316,8,57,CUST04594
2023-08-15 15:25:09,Smartwatch,Central,582.803785473649,7,74,CUST04595
2023-09-15 23:45:56,Laptop,North,479.14022772735734,7,74,CUST04596
2022-10-02 15:32:10,Laptop,South,552.9323472179179,7,25,CUST04597
2023-06-03 04:34:30,Smartwatch,Central,298.6000605122267,2,78,CUST04598
2022-05-27 05:10:10,Laptop,West,701.2348222971351,8,21,CUST04599
2023-09-11 04:18:10,Smartwatch,North,418.1680741109639,2,48,CUST04600
2022-09-29 07:56:25,Laptop,North,473.25264786486804,3,73,CUST04601
2023-12-13 14:25:37,Tablet,West,342.07476940183034,7,49,CUST04602
2023-04-10 00:58:07,Laptop,South,384.76824632860445,7,51,CUST04603
2022-10-20 17:31:24,Headphones,East,746.5307299113516,7,65,CUST04604
2022-12-21 03:04:18,Smartwatch,North,520.6835233367561,4,20,CUST04605
2022-09-21 06:17:29,Laptop,West,455.48233433882245,5,58,CUST04606
2023-06-20 12:11:28,Smartwatch,East,454.64671230310336,7,43,CUST04607
2023-01-06 03:51:48,Headphones,North,500.2968227011456,8,21,CUST04608
2023-12-13 23:58:37,Laptop,Central,608.3686606294349,3,19,CUST04609
2022-10-02 00:27:42,Laptop,West,529.075780573226,6,36,CUST04610
2022-08-18 19:05:15,Headphones,Central,532.2792335256343,9,40,CUST04611
2022-02-02 22:03:00,Headphones,South,361.524062710546,5,42,CUST04612
2023-10-23 18:25:47,Headphones,East,455.9301387035004,4,64,CUST04613
2022-05-08 10:23:06,Smartwatch,West,523.4780701952718,9,24,CUST04614
2023-06-23 13:15:18,Headphones,North,495.3213745540943,4,25,CUST04615
2023-11-06 22:46:27,Smartwatch,North,437.6188373904637,3,20,CUST04616
2022-06-25 07:55:30,Tablet,East,423.87431570534324,7,40,CUST04617
2023-03-23 23:55:44,Laptop,Central,565.3346713105507,5,64,CUST04618
2022-04-27 10:50:03,Laptop,Central,569.0295747522676,1,50,CUST04619
2022-08-30 13:31:42,Smartphone,West,648.4118985474155,8,65,CUST04620
2023-12-07 17:19:19,Tablet,West,,1,45,CUST04621
2022-11-22 06:59:46,Headphones,Central,188.5677975100485,9,39,CUST04622
2023-05-07 22:58:20,Headphones,West,853.7436411299208,1,52,CUST04623
2022-03-03 08:35:58,Tablet,Central,498.6797763642983,4,51,CUST04624
2022-07-31 14:42:41,Headphones,East,438.49660375034114,4,47,CUST04625
2022-08-13 19:56:58,Smartphone,West,491.27589552453736,9,64,CUST04626
2022-07-27 23:42:27,Smartwatch,Central,,1,53,CUST04627
2023-07-09 11:00:02,Laptop,West,377.1943844859027,9,76,CUST04628
2022-02-26 14:04:44,Tablet,North,592.1830058362574,4,31,CUST04629
2023-04-16 22:11:28,Laptop,Norti,477.7180576789344,7,26,CUST04630
2022-01-11 02:05:22,Smartwatch,South,486.5840764459173,9,39,CUST04631
2022-09-22 04:45:47,Tablet,Central,124.5788786097845,7,45,CUST04632
2022-06-29 16:07:45,Smartwatch,South,466.0267669956232,2,58,CUST04633
2023-11-29 11:35:03,Headphones,Central,338.5087469385456,6,31,CUST04634
2023-10-25 07:05:57,Headphones,West,421.6345322063523,6,32,CUST04635
2022-12-08 21:00:40,Headphones,Central,535.4420140929575,3,73,CUST04636
2023-07-15 07:17:43,Smartwatch,North,407.97327621319386,4,54,CUST04637
2023-07-16 00:06:17,Smartwatch,West,428.6687621901916,6,41,CUST04638
2023-02-18 14:45:38,Smartwatch,North,514.486577292626,-6,51,CUST04639
2023-11-18 14:28:52,Laptop,West,424.0229905855266,1,73,CUST04640
2023-08-23 21:43:02,Smartwatch,Central,341.70304553951775,8,66,CUST04641
2022-08-13 07:55:00,Headphones,Central,241.7741529590679,9,60,CUST04642
2023-01-01 19:48:23,Smartphone,North,550.4863676023687,2,62,CUST04643
2023-02-13 02:21:15,Smartwatch,East,422.5243108430701,4,61,CUST04644
2023-03-14 20:05:24,Smartphone,Centram,250.17184239196885,6,20,CUST04645
2022-12-04 19:59:12,Headphones,East,686.849381365856,2,40,CUST04646
2023-01-21 17:41:56,Smartwatch,West,550.7038245875742,7,37,CUST04647
2023-08-09 07:37:07,Laptop,Easu,321.8074207136419,6,62,CUST04648
2022-02-04 10:33:25,Laptop,North,394.3045706060551,8,32,CUST04649
2023-03-24 09:06:26,Smartphone,Souti,656.961795076953,7,60,CUST04650
2023-01-02 11:35:26,Laptop,Souti,473.68573272279536,1,33,CUST04651
2023-06-27 00:47:59,Laptop,North,437.2444585895444,5,24,CUST04652
2022-06-09 07:15:00,Laptop,South,612.6012731752924,6,50,CUST04653
2022-09-24 23:21:05,Headphones,North,474.82746734828527,7,72,CUST04654
2022-06-18 16:17:14,Laptop,Central,,4,79,CUST04655
2023-04-28 17:21:57,Tablet,East,438.0949637450063,9,36,CUST04656
2022-04-17 05:05:48,Smartwatch,South,414.44460277712915,1,35,CUST04657
2022-09-23 12:33:50,Laptop,Central,502.4887879046642,3,58,CUST04658
2023-06-11 15:19:39,Laptop,South,644.7016187546077,2,35,CUST04659
2022-12-01 15:04:21,Laptop,West,537.4269724068099,2,20,CUST04660
2022-10-08 23:30:28,Tablet,North,515.5317711240352,1,20,CUST04661
2023-07-25 22:11:01,Laptop,North,378.89202158957715,3,53,CUST04662
2023-04-06 07:21:46,Laptop,Central,356.8525638276526,5,33,CUST04663
2022-05-02 15:57:26,Smartwatch,West,644.8663605683081,6,60,CUST04664
2023-06-25 03:41:56,Tablet,East,660.6263529288399,8,40,CUST04665
2023-10-07 06:40:16,Tablet,West,655.7892673522362,4,40,CUST04666
2023-03-18 11:19:19,Laptop,West,618.6575833160546,-1,32,CUST04667
2023-05-20 04:33:23,Tablet,East,566.9775150066978,9,26,CUST04668
2023-11-10 21:31:20,Smartphone,East,564.6814335252458,3,75,CUST04669
2022-04-14 22:09:49,Tablet,West,52003.89865347886,8,57,CUST04670
2022-06-09 15:10:49,Tablet,South,584.3108250771836,4,71,CUST04671
2022-11-22 05:00:59,Tablet,South,493.7464051511083,3,55,CUST04672
2022-02-12 15:18:29,Headphones,West,583.8906504121234,3,70,CUST04673
2023-02-11 04:20:32,Headphones,South,637.6339715679534,4,35,CUST04674
2023-08-01 05:49:38,Headphones,East,311.3355562157407,4,55,CUST04675
2023-04-20 18:18:58,Tablet,East,664.4470868375996,7,23,CUST04676
2023-10-04 09:10:49,Smartphone,South,491.32825959251085,2,61,CUST04677
2023-09-01 07:45:51,Tablet,East,718.7299788219898,8,54,CUST04678
2023-12-30 14:59:55,Laptop,North,690.5699291129703,2,63,CUST04679
2022-08-18 17:19:47,Smartphone,East,345.38720487345944,1,23,CUST04680
2022-07-27 10:01:03,Headphones,West,500.0952279326023,8,38,CUST04681
2023-01-11 14:46:29,Smartwatch,Central,220.12496013090157,4,76,CUST04682
2023-06-12 06:04:46,Smartphone,South,442.0884528454692,6,47,CUST04683
2022-10-05 00:13:42,Headphones,South,553.3609411434321,1,45,CUST04684
2022-01-17 09:35:53,Smartphone,East,627.0431462503394,3,37,CUST04685
2022-12-17 02:50:11,Smartphone,East,,7,36,CUST04686
2022-08-14 08:44:21,Tablet,Central,566.4139370583213,7,31,CUST04687
2022-12-05 23:33:30,Laptop,Central,394.6343898436206,8,18,CUST04688
2022-01-05 21:01:20,Smartwatch,West,497.147103561669,2,44,CUST04689
2022-01-11 12:34:05,Headphones,North,411.4762391319608,7,69,CUST04690
2023-08-10 11:47:35,Smartphone,Wesu,542.3837660728759,4,49,CUST04691
2022-07-05 02:33:58,Smartwatch,South,708.4591823727804,6,46,CUST04692
2023-07-28 16:21:34,Smartphone,East,491.4594932977908,4,48,CUST04693
2023-08-20 18:53:14,Laptop,West,,9,42,CUST04694
2023-07-15 12:08:42,Smartwatch,East,529.4414386144683,1,72,CUST04695
2023-09-13 14:50:39,Headphones,East,605.8153620111287,1,24,CUST04696
2023-01-31 05:17:44,Smartphone,West,362.29603366106426,5,56,CUST04697
2022-05-24 19:35:14,Laptop,West,686.2761732737323,5,63,CUST04698
2022-12-13 07:18:40,Smartwatch,Central,410.54909783762724,8,69,CUST04699
2022-11-05 07:26:42,Smartphone,North,385.9647174795203,7,33,CUST04700
2022-07-10 06:27:00,Smartphone,Central,232.90695692803735,3,61,CUST04701
2023-08-19 23:50:37,Headphones,North,540.3199138812125,8,72,CUST04702
2022-05-22 21:17:14,Laptop,West,772.398727921907,4,28,CUST04703
2022-03-08 07:46:25,Tablet,North,555.0125062928395,3,35,CUST04704
2022-10-24 01:35:23,Smartphone,South,389.87252548147126,2,61,CUST04705
2023-02-20 22:11:58,Smartwatch,Central,576.9826021357442,9,73,CUST04706
2023-12-24 04:20:14,Headphones,Central,620.0529730355205,7,59,CUST04707
2023-10-23 05:45:18,Headphones,Central,674.0997848102625,5,73,CUST04708
2023-07-03 06:02:43,Smartphone,Easu,314.75342544468253,9,74,CUST04709
2023-04-28 21:39:18,Smartphone,East,732.9589655063173,3,22,CUST04710
2022-05-26 06:15:08,Smartphone,West,532.0169113983798,6,75,CUST04711
2023-01-20 10:17:06,Tablet,West,762.9791837767971,8,73,CUST04712
2023-10-07 23:11:43,Smartphone,East,523.3382320797311,9,19,CUST04713
2023-08-07 23:51:26,Laptop,Central,586.5144555208543,4,27,CUST04714
2023-09-19 04:17:11,Smartwatch,East,357.7058106824265,1,43,CUST04715
2023-05-23 15:21:23,Smartphone,North,647.7260997496602,8,41,CUST04716
2022-06-07 11:23:24,Tablet,Central,338.46305339057886,3,43,CUST04717
2022-03-24 00:18:24,Smartwatch,East,540.3167962975238,6,33,CUST04718
2022-06-10 00:14:40,Headphones,West,,4,42,CUST04719
2022-03-19 13:02:24,Smartphone,East,486.78426796622347,6,55,CUST04720
2022-05-03 13:06:39,Smartwatch,South,662.7837160351667,3,23,CUST04721
2022-10-26 15:05:43,Headphones,East,446.74662349057525,7,69,CUST04722
2023-02-25 18:51:17,Tablet,Central,665.8512481845913,2,78,CUST04723
2022-10-28 15:01:22,Laptop,East,438.95548288982957,5,73,CUST04724
2023-06-22 19:38:34,Smartphone,West,519.6358985233051,3,72,CUST04725
2023-06-03 14:26:20,Laptop,North,822.4725531203877,5,29,CUST04726
2022-05-19 08:17:50,Tablet,South,518.2582986410396,3,26,CUST04727
2022-03-21 03:56:29,Smartwatch,Central,488.62053605099493,9,66,CUST04728
2022-04-10 04:42:36,Smartwatch,Wesu,520.9921086985773,8,59,CUST04729
2022-08-13 01:47:10,Tablet,South,450.4625716505899,2,25,CUST04730
2022-06-23 13:02:07,Tablet,East,349.79666335922786,8,73,CUST04731
2023-09-19 04:05:05,Smartphone,South,808.8722289128762,8,48,CUST04732
2023-02-07 07:53:03,Headphones,North,439.05136580464836,3,58,CUST04733
2023-01-02 23:32:37,Laptop,South,271.6283521684334,5,49,CUST04734
2022-01-12 00:54:52,Laptop,South,476.6890386041234,2,24,CUST04735
2022-07-16 16:49:46,Smartwatch,East,553.5309969976837,6,49,CUST04736
2023-09-22 23:52:34,Smartwatch,East,468.8306593741712,2,74,CUST04737
2022-09-08 03:55:33,Smartphone,Central,492.68838528732005,4,59,CUST04738
2023-07-31 16:44:57,Tablet,East,475.4145634962244,3,73,CUST04739
2023-04-15 00:32:41,Laptop,South,563.8305189044042,1,74,CUST04740
2023-01-11 00:28:47,Smartphone,North,622.8466786901901,8,42,CUST04741
2022-05-06 07:10:53,Smartwatch,East,471.13039947918594,8,50,CUST04742
2022-07-11 03:35:48,Smartwatch,Central,888.4469522503318,1,68,CUST04743
2022-12-29 18:36:59,Laptop,Central,656.1337465867161,6,71,CUST04744
2023-01-11 22:03:45,Smartwatch,South,499.18150672802835,1,45,CUST04745
2022-09-20 14:03:20,Smartwatch,East,,9,28,CUST04746
2023-10-15 22:30:47,Headphones,East,517.1408989893025,1,48,CUST04747
2023-12-12 21:58:58,Tablet,Central,622.0828473069304,3,72,CUST04748
2023-01-12 19:15:03,Smartwatch,East,623.2325259770354,9,69,CUST04749
2023-10-06 21:39:41,Headphones,South,222.10095140414697,1,27,CUST04750
2022-08-03 21:33:44,Smartphone,North,517.3042364199841,2,19,CUST04751
2023-08-27 16:22:53,Smartwatch,South,427.91199561331536,4,63,CUST04752
2023-03-17 14:18:22,Smartphone,East,724.5794253147719,7,61,CUST04753
2022-11-03 18:19:14,Smartwatch,South,518.5518906792678,8,21,CUST04754
2023-10-31 09:32:02,Laptop,West,157.3686036070599,1,39,CUST04755
2023-10-16 17:46:25,Headphones,West,555.2490497981967,1,62,CUST04756
2022-09-03 21:09:27,Headphones,East,207.517813648615,5,69,CUST04757
2023-05-26 16:55:53,Laptop,East,567.5173761372797,8,45,CUST04758
2022-01-18 02:46:08,Tablet,North,888.0797364258151,1,27,CUST04759
2023-08-04 23:19:03,Headphones,South,704.0519232575897,3,19,CUST04760
2023-10-27 14:18:46,Smartphone,North,538.8241840058031,6,74,CUST04761
2022-04-26 04:57:01,Headphones,East,401.08094322131143,1,66,CUST04762
2023-12-13 14:47:34,Tablet,East,691.1247920889945,3,48,CUST04763
2023-10-04 20:32:02,Smartphone,Central,595.3835599599403,1,59,CUST04764
2022-06-23 17:07:12,Smartphone,North,459.9739187269045,4,40,CUST04765
2023-11-10 21:54:43,Laptop,East,419.18605617635586,9,33,CUST04766
2022-10-27 05:39:36,Smartwatch,West,363.9891555044546,5,26,CUST04767
2023-01-29 00:36:52,Laptop,Central,556.2025927143734,3,68,CUST04768
2022-10-31 06:56:00,Smartwatch,South,437.485508416751,7,60,CUST04769
2022-11-21 14:02:54,Laptop,Central,525.1771754116675,6,23,CUST04770
2022-04-21 14:52:20,Smartwatch,South,639.1651836557264,9,74,CUST04771
2022-10-09 15:34:36,Headphones,West,433.74374437833154,4,42,CUST04772
2022-06-20 09:39:51,Smartphone,South,596.7649664301248,4,21,CUST04773
2022-06-13 22:24:04,Smartwatch,Norti,683.3493808328602,9,65,CUST04774
2023-04-14 14:24:59,Headphones,South,559.2770929360033,2,29,CUST04775
2022-04-24 20:41:35,Tablet,South,604.9349922277315,2,41,CUST04776
2023-09-04 20:12:56,Laptop,Central,560.3959246727019,9,73,CUST04777
2022-01-25 09:42:22,Tablet,West,502.43930520336716,7,44,CUST04778
2023-04-14 11:35:28,Headphones,South,625.5707506577179,5,65,CUST04779
2022-04-18 22:37:23,Tablet,North,741.3821216951,5,72,CUST04780
2023-09-16 01:57:54,Tablet,Central,628.2487110834096,9,71,CUST04781
2022-07-30 05:31:45,Headphones,West,470.9570822458845,5,20,CUST04782
2023-06-14 14:52:46,Smartphone,West,,9,29,CUST04783
2023-06-05 22:47:03,Smartwatch,East,,8,64,CUST04784
2023-02-26 07:17:42,Laptop,North,642.1141358470768,6,69,CUST04785
2022-06-11 16:44:56,Smartwatch,Central,421.06404884494447,5,47,CUST04786
2022-08-07 16:47:29,Laptop,Central,346.34422044688444,5,29,CUST04787
2022-03-06 06:38:55,Smartwatch,North,570.3385093831779,5,58,CUST04788
2022-02-12 13:50:21,Tablet,West,503.24644420132614,1,59,CUST04789
2023-03-18 02:26:38,Smartphone,Souti,722.1974772588113,5,72,CUST04790
2022-06-24 11:24:21,Tablet,North,161.50354305215166,3,76,CUST04791
2023-04-06 10:24:10,Smartphone,Central,531.2127296383604,6,57,CUST04792
2022-09-10 01:22:42,Headphones,North,439.44090010070596,9,62,CUST04793
2022-04-23 02:43:19,Laptop,West,621.5418680451967,3,39,CUST04794
2022-03-22 16:25:38,Laptop,East,458.0010396788272,1,32,CUST04795
2022-12-19 10:29:33,Headphones,East,413.59243088590887,8,45,CUST04796
2023-07-19 17:15:39,Smartwatch,South,640.3820109316358,9,34,CUST04797
2023-12-24 19:41:00,Headphones,South,691.8479623490981,4,76,CUST04798
2023-05-22 10:47:08,Headphones,West,485.3478955308174,5,61,CUST04799
2023-05-25 20:13:19,Smartphone,South,,3,65,CUST04800
2023-05-03 23:30:41,Headphones,East,690.5870907882991,8,42,CUST04801
2022-10-30 16:09:16,Laptop,West,673.8263235498086,3,60,CUST04802
2022-04-09 22:25:00,Tablet,West,65471.38531466222,4,68,CUST04803
2022-12-24 11:26:10,Smartphone,West,439.59036816294184,7,78,CUST04804
2022-12-12 13:34:50,Smartphone,North,401.2297022096843,2,62,CUST04805
2023-04-21 16:33:41,Smartwatch,South,745.4965587211084,1,20,CUST04806
2022-05-14 18:06:07,Tablet,Central,591.4566133455066,4,74,CUST04807
2023-05-06 19:42:57,Smartphone,Easu,388.77827303809033,8,53,CUST04808
2024-12-14 22:37:27,Headphones,South,484.0463003855304,1,48,CUST04809
2022-06-26 19:14:24,Smartphone,East,512.745809239158,3,73,CUST04810
2022-02-01 00:46:46,Smartphone,South,484.1531178797482,4,32,CUST04811
2023-11-25 10:19:13,Smartphone,Central,456.1612961689813,4,63,CUST04812
2023-10-22 10:24:41,Smartwatch,East,684.5902668898126,3,45,CUST04813
2023-01-26 12:50:03,Smartphone,Central,579.2606201885473,3,60,CUST04814
2022-07-16 22:13:35,Smartphone,East,837.9967905293258,7,48,CUST04815
2023-04-18 17:44:05,Smartwatch,North,692.8075784786433,8,77,CUST04816
2022-06-16 13:55:07,Tablet,North,520.4467380743166,4,62,CUST04817
2022-08-16 06:01:37,Laptop,Easu,712.5660636342645,8,37,CUST04818
2023-06-02 01:52:01,Smartwatch,East,552.9239896691151,8,67,CUST04819
2022-12-14 05:30:01,Smartwatch,Central,862.7437730796458,6,62,CUST04820
2023-09-01 20:46:04,Smartphone,West,452.758473425965,1,38,CUST04821
2023-06-12 03:34:15,Smartphone,East,567.9567375681529,7,44,CUST04822
2023-11-29 22:57:50,Laptop,South,409.8943797048962,7,36,CUST04823
2023-02-02 01:25:50,Smartphone,South,442.84058702584736,5,53,CUST04824
2023-11-09 18:22:51,Headphones,South,448.7908438629395,6,29,CUST04825
2022-07-20 02:55:29,Smartphone,North,685.4355059163154,9,52,CUST04826
2023-06-15 22:57:06,Smartphone,Central,531.2047995322661,3,65,CUST04827
2022-11-25 11:20:39,Headphones,North,131.1566570411451,4,50,CUST04828
2023-07-14 23:46:30,Laptop,South,514.0488315822438,9,53,CUST04829
2023-01-01 12:32:13,Headphones,East,353.9173720823879,2,58,CUST04830
2023-08-05 20:07:19,Smartwatch,South,433.8996240090669,9,40,CUST04831
2023-12-21 16:34:05,Headphones,East,672.5936014569183,5,30,CUST04832
2022-01-27 23:50:14,Tablet,Central,298.48123280887285,3,71,CUST04833
2022-11-15 05:47:33,Smartwatch,West,,8,47,CUST04834
2023-03-24 04:17:32,Smartphone,East,250.92930052949387,9,27,CUST04835
2022-09-13 03:17:58,Smartwatch,North,441.8866099820604,1,58,CUST04836
2023-01-18 02:55:48,Laptop,South,246.55897694925892,5,37,CUST04837
2023-12-03 04:48:38,Laptop,South,259.1424232819073,9,23,CUST04838
2022-12-28 20:10:40,Headphones,South,465.5301238920813,2,48,CUST04839
2022-04-15 15:53:52,Smartwatch,East,547.0565869942118,1,36,CUST04840
2022-01-27 01:06:37,Smartphone,Central,363.3311715211434,8,20,CUST04841
2023-05-24 14:12:04,Laptop,East,554.1658037354648,6,27,CUST04842
2022-05-01 06:11:24,Smartphone,North,516.6007414446138,2,27,CUST04843
2023-04-30 07:58:12,Tablet,Souti,581.0228108526464,3,73,CUST04844
2023-07-26 19:42:10,Laptop,East,343.90078420036696,5,38,CUST04845
2023-12-01 03:06:28,Headphones,South,797.5930681422177,1,73,CUST04846
2023-05-06 17:04:18,Tablet,North,329.0978038747263,2,74,CUST04847
2022-12-24 12:55:20,Smartwatch,West,406.18858479010277,1,19,CUST04848
2023-04-23 18:53:12,Smartphone,West,577.246173834564,7,62,CUST04849
2023-11-05 08:37:41,Laptop,West,517.6712101081862,7,56,CUST04850
2022-01-18 01:02:22,Tablet,South,627.0378338281741,5,78,CUST04851
2023-11-10 23:54:56,Tablet,East,453.512897712962,6,62,CUST04852
2022-02-21 18:30:14,Laptop,South,315.9801521090476,3,47,CUST04853
2022-06-03 07:17:42,Smartwatch,Central,271.24092939742013,2,63,CUST04854
2023-01-11 17:36:31,Smartwatch,East,766.9417360602516,9,45,CUST04855
2023-08-13 01:17:49,Headphones,North,454.55114391907625,2,35,CUST04856
2022-02-10 20:30:01,Smartwatch,West,474.8907078607818,1,31,CUST04857
2023-01-20 17:55:21,Headphones,East,770.2087121412943,9,72,CUST04858
2023-03-21 00:16:35,Tablet,East,426.1860554551705,8,76,CUST04859
2023-01-22 20:42:29,Laptop,West,503.63626587733216,8,62,CUST04860
2023-04-07 02:28:03,Smartwatch,Norti,345.1176447043414,7,36,CUST04861
2023-08-25 00:55:47,Headphones,South,303.1535792015644,9,57,CUST04862
2023-06-18 23:58:23,Tablet,South,783.4665332019969,3,53,CUST04863
2023-06-14 14:04:33,Smartwatch,East,,8,58,CUST04864
2023-01-11 15:28:13,Smartphone,West,653.1568560189129,1,29,CUST04865
2023-05-15 11:23:29,Tablet,Central,648.1269575726693,1,37,CUST04866
2023-06-23 05:52:27,Smartwatch,North,613.1552633060627,6,51,CUST04867
2022-01-14 20:11:25,Tablet,South,389.10538454591824,8,78,CUST04868
2023-05-14 19:58:43,Laptop,North,543.6093123445607,8,53,CUST04869
2022-11-11 02:55:48,Laptop,North,424.43293265828146,1,38,CUST04870
2022-12-19 02:57:27,Laptop,North,111.53717080135925,1,73,CUST04871
2023-03-10 11:30:22,Smartphone,West,667.8904510977195,9,36,CUST04872
2022-10-07 16:02:29,Laptop,West,583.1975087734023,9,58,CUST04873
2022-02-09 05:14:05,Smartphone,West,,7,58,CUST04874
2022-08-14 22:16:30,Laptop,East,445.95686170799615,1,60,CUST04875
2023-06-10 20:52:19,Tablet,West,657.8285581640054,2,59,CUST04876
2022-04-22 21:29:48,Smartwatch,East,519.7910361387729,8,52,CUST04877
2023-06-09 00:43:38,Smartwatch,South,245.18310382286955,8,25,CUST04878
2023-04-29 05:47:02,Laptop,South,318.0218244817041,5,39,CUST04879
2022-04-05 16:55:35,Smartwatch,South,778.5926282191663,2,60,CUST04880
2022-10-15 13:02:09,Laptop,South,509.87903847437,3,55,CUST04881
2023-06-22 21:30:51,Laptop,South,658.7774885523185,5,35,CUST04882
2023-09-05 10:50:30,Headphones,Wesu,775.7507753943836,3,25,CUST04883
2022-04-29 00:28:14,Headphones,Central,431.17165877176336,1,72,CUST04884
2022-05-31 07:52:45,Headphones,West,552.8077266427741,6,19,CUST04885
2022-12-14 13:58:57,Smartphone,Central,205.00416009299676,5,37,CUST04886
2023-03-15 20:38:41,Headphones,Wesu,408.9410772747882,3,22,CUST04887
2023-07-15 15:17:11,Laptop,South,586.3623827475049,9,74,CUST04888
2022-08-15 13:32:17,Tablet,North,471.1872146235429,8,59,CUST04889
2022-05-28 17:12:30,Headphones,Centram,567.7820362272324,7,47,CUST04890
2023-01-06 16:35:22,Headphones,North,639.4815643770258,2,35,CUST04891
2022-10-22 09:16:24,Tablet,South,584.0389791999478,5,61,CUST04892
2023-12-11 09:03:07,Laptop,Central,549.6234087947958,5,77,CUST04893
2023-08-11 15:45:52,Smartphone,North,528.6290461478801,6,40,CUST04894
2022-09-10 20:47:10,Headphones,Wesu,414.7691638687762,6,70,CUST04895
2023-03-24 07:20:24,Tablet,South,361.44466167681855,3,19,CUST04896
2022-01-07 16:42:06,Laptop,West,703.3421566060946,4,59,CUST04897
2022-03-18 12:43:28,Smartwatch,West,618.8620302927416,1,61,CUST04898
2023-07-08 05:34:49,Smartphone,South,381.62872702926137,1,68,CUST04899
2022-03-29 19:41:16,Tablet,Central,509.61398042348225,5,54,CUST04900
2023-08-16 05:37:21,Tablet,East,291.2160904856954,4,59,CUST04901
2023-06-09 04:09:03,Tablet,East,428.3159248974804,7,49,CUST04902
2022-07-11 10:59:49,Headphones,Souti,580.3554731861378,7,18,CUST04903
2022-09-11 14:36:00,Smartwatch,East,539.0305684064622,4,56,CUST04904
2022-01-10 10:13:42,Smartphone,North,517.3661369083312,2,18,CUST04905
2022-09-13 14:04:07,Laptop,Central,367.4574638487989,4,71,CUST04906
2023-07-12 10:13:05,Laptop,West,337.03247387766646,8,77,CUST04907
2023-11-20 03:20:39,Smartwatch,West,642.4978126081376,2,71,CUST04908
2022-07-09 21:20:40,Tablet,South,754.041006055486,5,66,CUST04909
2023-09-01 17:44:37,Tablet,West,582.4940487632044,7,61,CUST04910
2023-09-11 20:04:20,Tablet,North,474.15489258409445,6,48,CUST04911
2022-05-27 13:42:03,Tablet,North,683.7550042668862,9,56,CUST04912
2022-11-21 13:28:24,Tablet,South,373.67634359344703,2,25,CUST04913
2022-08-17 04:38:23,Smartwatch,West,657.9593359633532,4,20,CUST04914
2022-07-07 09:57:48,Headphones,East,410.5071051805694,7,64,CUST04915
2023-03-25 00:11:07,Smartphone,East,417.87206188904304,8,29,CUST04916
2023-02-09 18:14:34,Tablet,Central,450.08126206642584,5,75,CUST04917
2023-12-08 14:45:12,Headphones,South,484.8209724098574,5,66,CUST04918
2022-02-12 16:43:44,Laptop,Central,637.2407337315356,4,51,CUST04919
2022-09-03 01:37:46,Smartwatch,East,304.3502376632047,9,66,CUST04920
2022-08-26 00:47:14,Headphones,East,409.3380636879452,4,42,CUST04921
2022-05-04 11:56:56,Tablet,East,531.4474075208378,3,53,CUST04922
2023-12-27 02:51:06,Tablet,Central,583.6737885874835,9,24,CUST04923
2022-12-23 13:41:53,Tablet,South,244.27346294961444,7,32,CUST04924
2022-02-12 03:36:11,Headphones,North,381.43992759077065,9,38,CUST04925
2023-04-08 18:15:31,Tablet,North,237.69109324136747,4,42,CUST04926
2023-01-17 21:32:19,Headphones,East,395.0810416191421,3,65,CUST04927
2022-02-17 05:10:41,Tablet,South,434.3995088922179,8,74,CUST04928
2022-03-03 23:53:50,Laptop,South,575.4126845996776,4,55,CUST04929
2022-09-30 14:26:58,Laptop,West,156.35278424383623,3,54,CUST04930
2023-08-17 15:51:40,Smartphone,West,597.9902905562923,4,75,CUST04931
2022-01-26 07:52:50,Tablet,Central,,2,33,CUST04932
2022-07-03 14:05:36,Tablet,West,448.8651609517504,4,18,CUST04933
2022-04-26 00:18:13,Headphones,Central,645.6943398188272,7,64,CUST04934
2022-04-26 05:32:31,Headphones,North,701.7332153058396,3,69,CUST04935
2023-12-20 02:55:51,Tablet,East,401.7326635318394,1,54,CUST04936
2023-06-29 11:55:55,Smartphone,South,,8,62,CUST04937
2022-06-12 07:22:26,Tablet,Norti,446.8666553329047,6,31,CUST04938
2023-07-09 23:47:48,Headphones,North,399.9830303193033,3,74,CUST04939
2022-11-27 10:59:28,Tablet,Central,284.73648082283233,8,51,CUST04940
2023-07-03 21:19:18,Headphones,East,495.2867150144086,6,19,CUST04941
2023-04-15 05:12:57,Tablet,Centram,401.00319024904803,1,48,CUST04942
2022-04-16 20:03:40,Smartwatch,North,514.6784230578722,9,36,CUST04943
2023-09-21 18:36:16,Headphones,Souti,756.3037307140916,9,36,CUST04944
2023-02-17 09:28:27,Smartphone,West,484.15255393025836,9,61,CUST04945
2023-01-19 08:37:46,Smartwatch,Central,386.64454946605696,6,40,CUST04946
2022-01-25 18:58:32,Tablet,North,459.1664923653573,6,47,CUST04947
2022-02-06 09:25:11,Headphones,West,519.3035603474242,4,34,CUST04948
2022-07-17 11:40:38,Smartwatch,West,475.1804485364028,8,19,CUST04949
2022-08-05 21:35:05,Smartphone,North,,9,28,CUST04950
2023-12-03 16:51:58,Headphones,East,251.48923187832452,7,66,CUST04951
2023-06-17 01:17:10,Smartwatch,Norti,595.0501911872836,7,31,CUST04952
2022-07-30 08:14:12,Smartwatch,South,366.0150824709962,2,58,CUST04953
2023-05-09 04:16:20,Smartwatch,West,719.3714324591263,2,75,CUST04954
2022-01-26 09:54:50,Laptop,South,444.66011135389545,2,74,CUST04955
2023-05-19 20:01:16,Tablet,Central,422.5221599186595,4,46,CUST04956
2023-06-28 10:39:32,Headphones,West,429.27630492819225,9,36,CUST04957
2023-10-05 09:08:48,Headphones,East,522.5286255732789,5,45,CUST04958
2023-09-30 00:11:03,Headphones,North,370.03676451764704,2,68,CUST04959
2023-07-03 16:35:55,Smartwatch,Central,398.7204996029538,4,18,CUST04960
2022-08-17 16:47:06,Tablet,South,593.3533697313309,7,22,CUST04961
2023-10-22 18:57:20,Smartphone,Central,347.342545925717,5,68,CUST04962
2022-07-30 10:26:11,Headphones,East,,8,51,CUST04963
2022-11-19 05:41:44,Tablet,North,624.1196127532003,1,78,CUST04964
2022-02-28 12:28:13,Tablet,Central,600.145981327001,5,31,CUST04965
2022-06-16 04:23:36,Laptop,South,535.0438060481238,4,36,CUST04966
2023-08-01 09:08:36,Headphones,Central,229.37410181079215,3,41,CUST04967
2022-11-27 21:38:27,Smartwatch,North,318.3926300633819,7,57,CUST04968
2022-01-29 12:38:42,Tablet,Central,296.6936173512282,1,34,CUST04969
2023-04-10 06:44:34,Tablet,South,443.2433637909123,6,19,CUST04970
2022-06-25 04:33:15,Smartphone,North,504.68616844669214,8,48,CUST04971
2022-03-07 04:06:01,Laptop,East,321.33772524727374,2,34,CUST04972
2023-07-04 16:47:12,Tablet,East,474.09839944560065,6,25,CUST04973
2022-02-03 13:51:32,Tablet,West,602.6306610695999,1,63,CUST04974
2023-12-07 16:14:45,Smartwatch,Central,350.19111068844813,6,34,CUST04975
2022-07-02 16:13:35,Smartwatch,South,377.23134900289375,6,55,CUST04976
2023-05-19 01:46:14,Smartphone,Central,677.1439248281297,5,43,CUST04977
2022-01-20 22:35:07,Smartphone,North,360.90496776122023,7,78,CUST04978
2022-11-17 09:23:11,Smartphone,West,551.3412712190865,5,60,CUST04979
2023-06-24 13:29:12,Smartwatch,South,685.888299419525,8,57,CUST04980
2022-12-25 19:05:06,Smartwatch,Central,322.7758616643173,2,62,CUST04981
2022-08-16 09:43:10,Laptop,Souti,333.99769627624124,6,57,CUST04982
2022-03-21 15:53:19,Headphones,North,465.2778395643358,5,24,CUST04983
2022-10-14 05:13:53,Headphones,West,510.1400444348674,2,73,CUST04984
2023-04-14 11:26:55,Laptop,South,,7,41,CUST04985
2023-04-09 21:42:37,Headphones,North,795.6923809271401,4,47,CUST04986
2022-09-14 06:53:22,Smartwatch,East,580.7939874744844,6,43,CUST04987
2023-06-03 21:19:39,Headphones,South,379.3531603326672,5,47,CUST04988
2022-05-24 05:28:08,Smartwatch,West,295.0988125744609,4,52,CUST04989
2022-09-30 09:55:07,Laptop,South,490.5496173565092,2,19,CUST04990
2022-04-07 13:38:48,Smartphone,South,565.8257452901702,7,61,CUST04991
2023-12-05 07:13:16,Laptop,North,776.0681781886849,5,21,CUST04992
2023-05-25 18:00:49,Headphones,Central,511.3722151485987,3,22,CUST04993
2022-09-16 05:06:44,Smartwatch,Central,463.5666555760914,6,65,CUST04994
2023-04-27 04:33:16,Headphones,South,353.5141281778513,8,19,CUST04995
2023-04-20 14:36:19,Headphones,West,,2,48,CUST04996
2022-11-24 23:43:26,Smartphone,West,652.5037794275736,4,44,CUST04997
2022-02-14 22:17:37,Headphones,North,231.89501374003282,3,41,CUST04998
2023-03-17 21:11:43,Smartphone,South,511.20369263484247,7,73,CUST04999
2023-08-09 21:58:32,Smartwatch,South,346.97759285648954,8,62,CUST05000
2022-02-24 20:30:00,Smartwatch,Central,296.3664580316878,8,77,CUST05001
2023-06-01 09:34:29,Smartphone,North,754.0976950666317,4,21,CUST05002
2022-06-25 13:36:10,Laptop,East,633.0944633806312,2,45,CUST05003
2023-08-07 21:57:09,Smartwatch,West,409.0666177121546,6,22,CUST05004
2022-09-14 08:13:43,Laptop,West,475.7790774472498,3,44,CUST05005
2022-12-19 08:31:17,Smartwatch,South,452.40726262116743,8,61,CUST05006
2023-09-20 03:05:04,Smartwatch,North,331.1559331914752,3,64,CUST05007
2022-10-23 04:32:44,Tablet,East,418.8798962441649,2,22,CUST05008
2022-07-19 23:40:06,Headphones,West,617.5955489356986,9,22,CUST05009
2023-11-28 01:11:08,Headphones,North,415.12888081468793,9,65,CUST05010
2022-08-22 01:48:28,Laptop,East,569.6042808771023,9,74,CUST05011
2023-11-30 12:03:45,Headphones,South,416.29109595241,3,26,CUST05012
2022-07-24 06:39:04,Laptop,Central,,2,64,CUST05013
2023-07-31 16:24:55,Smartwatch,West,679.1609485131386,4,79,CUST05014
2023-03-21 00:38:31,Tablet,West,180.4455843722382,2,44,CUST05015
2023-07-02 13:07:18,Tablet,East,767.7474135021231,8,21,CUST05016
2022-02-06 00:04:51,Smartwatch,Central,649.6916545158946,1,66,CUST05017
2022-07-29 21:35:13,Smartphone,North,527.4069732191025,2,41,CUST05018
2022-05-16 06:56:02,Smartphone,South,433.1180995659758,6,44,CUST05019
2022-06-05 11:03:55,Headphones,North,444.80928095895507,9,18,CUST05020
2022-10-18 09:32:53,Laptop,East,530.369422762888,5,49,CUST05021
2022-07-29 03:52:11,Tablet,West,527.7160352429383,5,33,CUST05022
2022-09-22 15:20:11,Headphones,West,356.1236855609999,3,40,CUST05023
2022-08-12 23:45:24,Smartwatch,North,510.16729357572905,8,45,CUST05024
2023-05-28 22:54:19,Tablet,South,538.8065240837191,6,78,CUST05025
2023-05-17 04:09:11,Laptop,East,454.90191030144166,2,37,CUST05026
2023-08-06 08:52:05,Laptop,South,835.8778347585045,5,34,CUST05027
2022-02-22 04:59:44,Smartphone,East,479.90392630230707,4,53,CUST05028
2022-12-25 17:25:40,Headphones,South,235.49726722829922,9,72,CUST05029
2022-11-03 04:41:31,Smartwatch,North,348.45543131222246,4,62,CUST05030
2023-08-08 10:35:22,Tablet,Central,605.5291770089755,8,25,CUST05031
2023-02-23 02:41:38,Laptop,East,391.63610034181767,1,35,CUST05032
2023-06-12 18:10:20,Tablet,North,350.9314082993682,5,30,CUST05033
2023-07-12 14:20:40,Smartwatch,West,709.3041607674943,9,26,CUST05034
2023-06-22 08:09:20,Tablet,West,525.4681657849542,3,54,CUST05035
2022-04-17 05:47:33,Headphones,South,409.8172133202589,6,47,CUST05036
2022-02-08 01:04:53,Smartphone,West,84.68650265413827,6,60,CUST05037
2022-01-12 18:38:01,Tablet,Central,593.0507865116151,6,45,CUST05038
2023-09-17 03:34:12,Smartphone,East,502.322377182472,4,63,CUST05039
2022-04-08 19:31:55,Smartwatch,South,695.1113006518616,7,73,CUST05040
2022-11-01 01:38:54,Smartphone,East,335.8092285593634,3,67,CUST05041
2023-01-01 15:07:32,Tablet,East,444.0134513620855,6,35,CUST05042
2022-01-28 01:32:57,Tablet,North,544.7929200617388,5,37,CUST05043
2023-01-09 12:24:44,Laptop,West,688.391894815748,3,65,CUST05044
2022-07-23 12:23:00,Tablet,East,538.7704344908955,2,53,CUST05045
2022-08-28 12:56:05,Smartphone,Central,393.88398796661784,1,36,CUST05046
2023-04-04 08:32:23,Laptop,Central,694.6649538836888,8,22,CUST05047
2023-05-20 01:55:13,Tablet,West,453.1575298805218,1,51,CUST05048
2022-07-04 01:24:37,Tablet,Wesu,527.0043929956576,5,34,CUST05049
2023-11-08 02:02:56,Smartwatch,South,612.600834565007,5,45,CUST05050
2023-07-19 00:15:09,Laptop,South,734.4797229885555,1,53,CUST05051
2023-01-03 11:48:25,Smartwatch,South,555.3328252325272,9,55,CUST05052
2022-01-09 12:59:14,Smartwatch,West,888.0923855634817,5,47,CUST05053
2023-02-27 00:28:08,Smartwatch,East,486.5677826734475,9,71,CUST05054
2022-04-01 17:48:50,Headphones,North,544.0349200841845,6,35,CUST05055
2023-11-11 06:40:46,Smartwatch,South,407.20285541090595,7,23,CUST05056
2022-04-16 06:36:21,Smartphone,North,548.3886401394664,7,69,CUST05057
2022-03-10 16:24:21,Tablet,Central,544.5724873838118,2,43,CUST05058
2022-02-22 04:56:19,Headphones,Wesu,656.855433794745,5,32,CUST05059
2023-05-09 07:34:47,Smartwatch,Central,566.677113898496,2,18,CUST05060
2022-10-31 13:20:28,Tablet,South,420.9142141525423,4,34,CUST05061
2023-06-30 07:54:18,Laptop,East,538.4604909731552,3,48,CUST05062
2022-05-12 14:00:56,Laptop,South,399.14467029658977,6,19,CUST05063
2023-05-31 16:57:07,Tablet,North,582.4240855658946,5,53,CUST05064
2023-06-02 07:49:13,Smartphone,South,416.1253477782059,1,73,CUST05065
2022-06-19 09:02:51,Tablet,East,290.2996557144019,2,52,CUST05066
2022-12-16 02:15:53,Tablet,East,330.48416689149764,7,44,CUST05067
2022-10-09 17:18:29,Headphones,Wesu,323.7503526059996,9,70,CUST05068
2023-09-04 21:14:40,Laptop,West,420.7903981598056,1,20,CUST05069
2022-03-31 04:11:34,Laptop,East,372.90566884043477,4,73,CUST05070
2023-02-20 21:28:59,Smartwatch,East,496.68420603389205,3,63,CUST05071
2022-03-22 21:50:07,Tablet,North,441.20503704839655,5,37,CUST05072
2022-12-29 17:02:38,Tablet,South,577.4273543455619,5,76,CUST05073
2022-02-22 11:04:48,Smartphone,West,557.4090776233525,2,25,CUST05074
2022-10-09 21:49:27,Laptop,North,451.41530817096356,5,46,CUST05075
2022-11-21 00:35:39,Smartphone,South,686.3478301407152,4,25,CUST05076
2022-12-28 02:04:41,Headphones,Wesu,361.03416508163264,1,58,CUST05077
2023-10-28 02:26:19,Smartwatch,North,650.9665984854927,1,67,CUST05078
2022-01-28 08:26:02,Smartphone,Central,523.4235246345862,1,44,CUST05079
2023-10-02 01:05:57,Laptop,Central,440.8410346748628,8,43,CUST05080
2022-03-07 18:00:20,Headphones,West,669.4132834142874,3,56,CUST05081
2023-11-22 05:22:49,Tablet,North,583.5729116811175,9,27,CUST05082
2022-08-14 08:20:10,Headphones,Souti,338.6587628590995,2,79,CUST05083
2023-01-12 19:40:30,Smartphone,South,554.597090577447,9,47,CUST05084
2023-05-27 01:09:49,Laptop,North,554.4476599607165,9,50,CUST05085
2023-02-20 12:15:36,Smartphone,Central,651.1076191936681,4,78,CUST05086
2023-06-23 11:21:05,Tablet,North,587.8038860100107,4,53,CUST05087
2023-05-06 08:26:12,Tablet,Central,598.5356634026499,4,37,CUST05088
2023-11-09 16:21:26,Laptop,Central,433.79292372149075,1,21,CUST05089
2022-04-06 19:26:23,Smartwatch,South,468.544141757178,5,40,CUST05090
2022-07-17 13:36:31,Headphones,West,462.17915763331143,6,46,CUST05091
2023-08-23 10:29:08,Headphones,East,260.19513115272343,4,63,CUST05092
2023-11-11 23:19:52,Tablet,North,692.9982710821771,8,49,CUST05093
2023-01-09 15:58:24,Smartphone,Central,332.12572485403285,3,54,CUST05094
2022-08-20 05:31:34,Smartphone,North,540.3082091557895,9,54,CUST05095
2022-04-27 02:23:53,Smartwatch,West,450.33615333141233,7,68,CUST05096
2022-08-13 08:40:38,Smartphone,West,464.23418956524625,8,43,CUST05097
2022-08-05 00:29:39,Headphones,East,601.6313609837459,7,70,CUST05098
2022-03-03 09:22:00,Smartphone,East,382.95241088413013,9,22,CUST05099
2023-09-07 15:10:53,Smartwatch,Central,568.486973170443,2,41,CUST05100
2023-02-10 02:52:59,Headphones,East,569.9182428874796,4,60,CUST05101
2022-03-09 06:56:15,Smartphone,Central,383.6607856265783,2,19,CUST05102
2022-10-06 00:07:43,Headphones,South,636.6744316819469,8,32,CUST05103
2022-05-26 10:17:14,Tablet,Central,705.1144361391694,2,63,CUST05104
2022-12-02 21:49:40,Tablet,East,803.7086631224013,8,63,CUST05105
2022-10-17 23:55:15,Tablet,Norti,460.6951179520527,6,57,CUST05106
2022-03-16 21:57:32,Smartphone,East,528.6684289627406,7,69,CUST05107
2022-09-28 15:28:06,Smartwatch,West,537.828298743865,6,74,CUST05108
2022-07-31 12:32:35,Headphones,East,599.8656591256214,9,25,CUST05109
2022-06-14 13:58:06,Laptop,South,762.2809617668966,4,54,CUST05110
2022-07-04 04:21:06,Tablet,Central,573.0241442166653,1,54,CUST05111
2023-02-01 04:32:08,Tablet,West,577.108952130938,9,74,CUST05112
2022-01-05 09:17:19,Laptop,Central,335.7994585918769,8,78,CUST05113
2023-01-30 11:32:26,Laptop,Central,807.2965728750423,1,31,CUST05114
2022-03-23 10:20:55,Smartphone,East,428.6986186191679,6,22,CUST05115
2022-04-07 20:32:32,Headphones,North,101.05638680858051,4,78,CUST05116
2023-09-09 05:40:38,Tablet,West,158.64547536082176,2,26,CUST05117
2023-05-07 20:17:59,Smartwatch,Souti,548.7615114777903,3,39,CUST05118
2022-08-31 03:02:31,Smartphone,South,309.032950703235,9,76,CUST05119
2022-07-17 08:17:48,Smartphone,North,508.0677688824906,5,60,CUST05120
2023-01-02 21:02:13,Smartwatch,North,27578.79316070609,7,66,CUST05121
2023-08-05 17:58:18,Smartwatch,East,545.7561871675549,2,76,CUST05122
2022-10-28 06:51:47,Smartwatch,South,584.6412815973549,8,61,CUST05123
2023-03-15 22:51:19,Laptop,West,526.375477481671,3,61,CUST05124
2022-06-08 19:36:34,Tablet,North,395.5499082956043,1,73,CUST05125
2022-12-15 11:46:36,Laptop,North,631.7843146509971,8,65,CUST05126
2023-04-17 12:28:24,Tablet,North,440.0954763024116,9,47,CUST05127
2023-08-31 21:19:29,Laptop,West,471.7465660286149,8,50,CUST05128
2023-04-20 07:48:49,Headphones,South,423.54552966561715,1,67,CUST05129
2022-08-20 04:42:52,Tablet,West,,7,55,CUST05130
2023-10-12 16:24:46,Smartphone,West,780.6873377495879,7,54,CUST05131
2023-10-01 08:29:47,Tablet,East,499.2573089807126,4,67,CUST05132
2022-09-09 12:36:38,Tablet,North,309.5559857056617,8,62,CUST05133
2023-06-30 07:03:53,Tablet,South,356.1124704348087,5,55,CUST05134
2022-07-23 00:06:27,Headphones,East,458.57243198582603,4,24,CUST05135
2022-08-20 21:19:21,Laptop,East,,5,20,CUST05136
2022-10-18 00:05:59,Smartphone,Central,642.4489037918659,2,60,CUST05137
2022-09-17 16:51:20,Laptop,North,287.45877871108985,4,57,CUST05138
2022-08-26 19:16:06,Laptop,South,482.1399824142324,8,49,CUST05139
2022-07-15 20:03:16,Smartwatch,South,,7,53,CUST05140
2022-12-12 15:08:15,Headphones,South,405.48591896758654,8,59,CUST05141
2023-05-29 14:57:23,Smartwatch,North,565.858799130556,7,58,CUST05142
2023-10-20 18:47:13,Headphones,South,493.9502684603261,7,72,CUST05143
2022-07-17 03:49:30,Laptop,West,495.26675000740056,7,62,CUST05144
2023-04-25 08:57:50,Laptop,West,576.7839867292641,2,36,CUST05145
2023-12-18 17:59:59,Headphones,North,221.17072939916497,3,48,CUST05146
2023-10-14 10:55:23,Laptop,South,680.5042975337286,1,47,CUST05147
2023-07-16 21:01:09,Laptop,Central,215.45190342514707,2,64,CUST05148
2022-11-10 11:03:04,Smartphone,Central,670.3873893898982,6,54,CUST05149
2022-04-03 06:32:48,Smartwatch,Central,565.1018324433118,2,42,CUST05150
2022-11-26 15:24:42,Smartwatch,West,570.9711358123892,1,30,CUST05151
2022-12-08 20:49:29,Smartwatch,Central,742.184714113539,8,29,CUST05152
2023-02-19 05:45:15,Tablet,South,677.5178040833465,9,26,CUST05153
2023-05-30 23:27:02,Smartphone,South,622.1262655027347,7,73,CUST05154
2022-01-09 20:17:45,Smartwatch,Central,455.82060448767,3,57,CUST05155
2022-09-28 22:14:16,Smartwatch,East,445.89294207057304,1,26,CUST05156
2023-10-11 03:42:17,Smartphone,Central,626.2214779200067,4,70,CUST05157
2022-06-21 05:22:32,Laptop,Easu,567.9270870634729,3,62,CUST05158
2022-01-04 13:43:37,Smartwatch,North,545.175941433123,3,44,CUST05159
2022-05-12 14:02:34,Laptop,North,491.45812780424114,2,78,CUST05160
2022-01-09 14:52:28,Smartwatch,South,438.82895411791947,3,58,CUST05161
2023-06-12 13:00:02,Headphones,West,291.50012756296127,5,48,CUST05162
2022-11-12 01:10:34,Tablet,South,596.5336140534732,4,23,CUST05163
2023-10-04 10:15:40,Smartwatch,Souti,472.74757084877,1,46,CUST05164
2023-12-10 07:26:44,Headphones,Wesu,462.99757015324553,1,47,CUST05165
2023-08-02 15:16:23,Smartphone,South,228.11612857725942,1,55,CUST05166
2023-06-29 13:28:07,Headphones,West,,9,28,CUST05167
2022-01-09 11:57:55,Smartphone,South,295.4937991905606,9,59,CUST05168
2023-10-17 11:18:06,Smartwatch,North,434.8055325676586,9,63,CUST05169
2023-01-15 08:10:06,Smartphone,East,61890.54424481352,4,77,CUST05170
2022-04-23 02:40:27,Headphones,Souti,509.49155298651965,4,23,CUST05171
2022-04-20 01:26:34,Tablet,East,484.19303832842655,7,56,CUST05172
2023-05-08 09:05:46,Laptop,Central,391.0074950097355,3,58,CUST05173
2023-10-08 11:55:44,Laptop,South,417.8687905332342,3,48,CUST05174
2022-03-13 16:37:04,Tablet,North,737.804505826807,4,52,CUST05175
2023-05-07 21:29:18,Laptop,West,616.9603816557934,-6,29,CUST05176
2023-07-13 12:53:07,Smartwatch,North,430.6853496516949,1,65,CUST05177
2023-04-04 02:05:25,Smartwatch,Easu,484.17059619021137,3,62,CUST05178
2023-04-06 01:03:19,Headphones,Wesu,537.100041925025,5,23,CUST05179
2022-11-06 18:04:37,Headphones,North,,4,62,CUST05180
2022-03-03 13:18:51,Smartphone,North,496.3525917838974,8,43,CUST05181
2023-01-11 23:01:12,Headphones,North,234.4432215079212,9,54,CUST05182
2023-11-15 17:04:30,Smartwatch,Wesu,495.27810774360006,8,49,CUST05183
2022-08-17 11:39:20,Headphones,North,486.12649227304064,9,21,CUST05184
2022-05-05 06:18:21,Laptop,North,808.5948840929518,8,57,CUST05185
2022-05-10 01:49:13,Smartphone,East,903.7629943806472,1,20,CUST05186
2022-11-28 23:12:48,Smartphone,North,596.3247027482345,7,19,CUST05187
2023-03-11 01:27:13,Smartwatch,North,398.43081337731894,9,37,CUST05188
2023-01-25 19:22:44,Headphones,Central,601.8524114065739,1,36,CUST05189
2023-10-06 02:58:27,Laptop,West,245.22611274676814,1,56,CUST05190
2022-10-22 08:58:27,Headphones,Central,420.09780396284447,2,29,CUST05191
2023-07-26 17:07:52,Tablet,East,256.0422688243215,5,78,CUST05192
2023-05-21 17:22:18,Headphones,Central,582.5829421873044,8,53,CUST05193
2023-10-24 20:00:55,Smartwatch,South,318.3993408673848,8,59,CUST05194
2023-04-07 01:19:49,Headphones,West,456.9515123809878,4,45,CUST05195
2023-04-12 21:18:24,Smartphone,North,493.37963357477634,7,26,CUST05196
2022-08-28 01:30:25,Laptop,Central,495.6606439452858,7,78,CUST05197
2022-09-08 14:58:45,Smartwatch,Central,429.0694006994979,9,61,CUST05198
2023-11-29 16:04:42,Tablet,North,550.5074046452095,9,28,CUST05199
2023-07-06 04:51:45,Laptop,North,311.8643697983906,3,70,CUST05200
2023-01-09 17:40:30,Laptop,East,760.8919164158867,8,47,CUST05201
2023-06-07 20:11:11,Smartphone,Central,344.89025057882594,5,68,CUST05202
2022-01-31 00:05:16,Smartphone,Central,505.9546467772378,5,19,CUST05203
2023-07-30 04:58:33,Smartphone,South,593.7444609190377,8,55,CUST05204
2023-01-21 00:32:20,Smartwatch,South,602.4074121393713,6,79,CUST05205
2023-04-02 14:22:37,Headphones,Central,616.3040753330878,1,55,CUST05206
2023-11-14 23:31:16,Laptop,Souti,261.0850259033753,4,50,CUST05207
2023-07-28 08:06:29,Headphones,Centram,362.39120221050797,9,24,CUST05208
2023-03-28 07:26:29,Headphones,West,520.3786774329332,5,61,CUST05209
2022-12-04 07:09:49,Smartphone,Easu,572.1749612447929,4,38,CUST05210
2023-05-17 14:25:25,Headphones,South,688.5692462391462,1,72,CUST05211
2023-06-24 13:44:29,Laptop,Central,422.8971628713317,9,29,CUST05212
2022-11-22 02:22:09,Laptop,South,364.2509009758801,8,69,CUST05213
2023-02-24 04:53:01,Tablet,East,417.9755440833712,3,38,CUST05214
2023-06-28 21:07:24,Smartwatch,West,838.9148202647925,9,40,CUST05215
2022-09-30 01:29:02,Headphones,North,725.0642044601964,1,23,CUST05216
2023-09-21 19:58:21,Smartwatch,North,474.5762043789194,4,31,CUST05217
2023-11-27 22:00:34,Smartwatch,South,692.7205549806871,5,49,CUST05218
2024-04-17 05:40:45,Smartwatch,Central,414.12727901822586,4,66,CUST05219
2022-08-17 00:00:05,Smartwatch,East,643.1777917889685,4,66,CUST05220
2023-02-04 18:03:08,Laptop,West,293.162193518905,9,67,CUST05221
2023-09-18 12:33:11,Headphones,West,553.4735437675273,5,62,CUST05222
2022-10-29 06:24:43,Tablet,West,652.9204887544231,1,30,CUST05223
2022-12-17 10:35:24,Smartwatch,North,,7,44,CUST05224
2022-06-04 07:14:50,Tablet,East,592.0123553372559,6,28,CUST05225
2022-05-03 23:34:03,Laptop,North,415.76637278394736,9,49,CUST05226
2023-08-20 11:26:08,Laptop,South,545.5315470504397,4,20,CUST05227
2023-09-11 12:30:39,Smartphone,Wesu,427.7683613208426,6,66,CUST05228
2023-06-12 05:53:14,Smartwatch,East,622.8706721105027,7,75,CUST05229
2023-08-15 04:45:00,Smartphone,West,310.34485157673714,4,19,CUST05230
2023-08-01 00:28:33,Tablet,North,347.71738413306855,9,47,CUST05231
2023-05-14 20:07:38,Headphones,North,695.8563354822988,1,77,CUST05232
2022-03-03 07:23:10,Smartphone,North,,1,19,CUST05233
2023-01-13 21:41:47,Laptop,West,403.848718469226,3,56,CUST05234
2022-05-23 08:35:55,Smartwatch,East,478.6879621566318,9,76,CUST05235
2023-01-08 22:12:21,Tablet,East,552.9511718949401,5,46,CUST05236
2023-04-14 13:18:07,Laptop,South,428.329028869968,1,77,CUST05237
2023-07-28 14:08:03,Headphones,West,331.13588901199034,5,39,CUST05238
2023-11-24 10:54:26,Smartwatch,South,683.9420620126558,6,42,CUST05239
2023-11-21 00:48:59,Headphones,South,657.9886691995389,4,59,CUST05240
2023-06-04 04:31:43,Headphones,South,443.1065279620798,7,63,CUST05241
2022-01-22 01:56:07,Smartwatch,South,231.3993481834219,3,70,CUST05242
2023-03-04 09:34:55,Smartwatch,North,545.9252148146687,5,36,CUST05243
2023-09-09 02:18:01,Headphones,South,527.2625811137895,6,66,CUST05244
2022-12-10 17:34:53,Tablet,East,399.9411913991457,7,33,CUST05245
2022-12-16 22:47:20,Smartwatch,South,206.74054359177396,2,34,CUST05246
2022-01-19 06:25:15,Laptop,North,459.2668680844219,5,67,CUST05247
2023-04-20 07:47:22,Smartphone,Central,614.9833693937215,7,78,CUST05248
2022-10-18 05:34:28,Tablet,Central,637.5751003607547,7,44,CUST05249
2023-10-16 01:32:01,Smartwatch,Central,493.37231042349697,3,60,CUST05250
2022-07-29 19:13:26,Smartwatch,West,406.4789874364286,8,36,CUST05251
2023-06-11 00:17:58,Tablet,East,610.169519798763,1,60,CUST05252
2023-06-23 11:07:17,Smartphone,North,329.4484444050232,4,59,CUST05253
2023-10-07 15:44:53,Headphones,Central,296.7817223994176,3,47,CUST05254
2023-10-10 16:52:33,Laptop,North,486.73093312214587,4,31,CUST05255
2023-09-10 18:59:37,Smartwatch,North,731.967052357239,9,63,CUST05256
2023-12-07 09:23:17,Smartphone,West,737.592825000721,8,59,CUST05257
2022-05-10 15:02:27,Laptop,Central,302.33332431055794,4,49,CUST05258
2022-03-04 23:08:27,Tablet,South,434.41131751704205,8,70,CUST05259
2023-07-18 23:14:58,Smartwatch,North,865.0843670080313,1,40,CUST05260
2023-10-27 18:08:28,Headphones,Central,396.7372517100183,8,53,CUST05261
2022-03-23 23:05:30,Tablet,North,742.960862357647,2,27,CUST05262
2023-07-16 06:45:16,Smartwatch,West,646.4015846590635,6,76,CUST05263
2022-11-05 06:46:57,Smartphone,West,678.6287164506911,6,55,CUST05264
2023-06-22 10:12:32,Laptop,South,433.12163017502684,3,71,CUST05265
2022-12-15 11:58:34,Laptop,West,437.56096046755243,5,46,CUST05266
2022-08-16 17:15:22,Smartwatch,Central,363.407570344315,2,28,CUST05267
2022-10-18 00:59:32,Tablet,West,619.8247151410226,8,67,CUST05268
2023-03-02 09:58:25,Headphones,South,25452.369880922255,8,55,CUST05269
2023-11-24 08:21:53,Smartphone,East,475.4899323878155,5,70,CUST05270
2022-12-30 09:25:10,Smartwatch,North,745.1707847460996,7,32,CUST05271
2022-04-18 19:27:03,Smartphone,North,589.1810011128423,-8,49,CUST05272
2022-09-27 12:01:16,Laptop,Central,650.3957798444312,4,44,CUST05273
2023-06-05 13:28:09,Headphones,South,253.39315457677253,2,55,CUST05274
2023-02-10 03:27:03,Smartphone,South,350.8875508252143,5,69,CUST05275
2023-01-07 00:57:01,Smartwatch,South,677.6234718983491,7,18,CUST05276
2023-10-15 10:39:31,Headphones,North,518.8673702059468,4,58,CUST05277
2023-10-07 12:13:34,Tablet,West,344.05373919497475,4,31,CUST05278
2023-10-23 15:23:09,Smartwatch,North,593.9579049650439,4,20,CUST05279
2022-09-12 00:02:50,Smartphone,North,419.9661578373364,9,47,CUST05280
2023-05-30 12:35:50,Headphones,North,880.6338665984053,9,48,CUST05281
2022-01-05 21:55:28,Smartwatch,West,589.8546920382643,8,18,CUST05282
2022-11-17 14:50:34,Headphones,East,361.6082246799775,8,63,CUST05283
2022-12-17 02:22:11,Headphones,Central,632.1530276083478,7,31,CUST05284
2022-05-09 12:23:51,Headphones,East,742.2152475265619,1,53,CUST05285
2023-11-07 00:27:29,Smartphone,East,499.10684336377324,8,63,CUST05286
2022-10-26 08:33:25,Smartwatch,North,384.81002801044286,4,72,CUST05287
2023-07-24 12:43:08,Laptop,East,506.648227800018,1,53,CUST05288
2023-12-23 19:49:41,Laptop,North,408.0804445308257,1,60,CUST05289
2023-04-09 00:24:11,Smartphone,North,461.2527595139625,3,69,CUST05290
2023-08-25 15:34:32,Smartphone,Central,291.67349476557985,3,58,CUST05291
2022-12-29 00:45:24,Headphones,South,631.2822462745079,1,60,CUST05292
2023-03-26 07:18:33,Smartwatch,North,327.6081408945764,8,32,CUST05293
2022-06-07 14:58:43,Smartwatch,Easu,591.2242894148358,4,55,CUST05294
2023-10-23 02:52:20,Tablet,Central,454.3849829271277,4,42,CUST05295
2022-04-09 16:50:35,Tablet,East,533.4352180633107,6,61,CUST05296
2022-08-03 16:51:11,Laptop,South,428.7943236492777,9,77,CUST05297
2022-09-12 06:47:55,Tablet,West,529.4325667004271,9,62,CUST05298
2023-05-09 11:06:17,Tablet,South,,8,67,CUST05299
2023-01-27 14:58:06,Laptop,Central,447.3704040851816,1,72,CUST05300
2023-04-11 11:19:06,Laptop,South,240.56843039498557,2,72,CUST05301
2022-06-15 07:55:03,Tablet,South,550.552306790206,3,31,CUST05302
2023-07-11 23:13:45,Smartwatch,Central,558.6243827299058,5,41,CUST05303
2023-04-01 20:13:47,Tablet,Central,285.08899888536996,5,75,CUST05304
2022-10-26 21:55:51,Headphones,East,,8,60,CUST05305
2022-08-02 08:39:29,Headphones,North,447.8303959468429,2,74,CUST05306
2023-05-18 15:24:55,Headphones,West,155.770595670415,2,73,CUST05307
2023-07-21 17:15:27,Smartphone,West,606.1859176490217,8,19,CUST05308
2022-03-23 23:40:10,Headphones,West,426.67919950893713,1,68,CUST05309
2022-07-09 22:43:33,Smartwatch,South,543.2855712832989,9,77,CUST05310
2022-12-06 08:57:08,Smartphone,Central,340.6593095982479,2,51,CUST05311
2023-07-23 07:26:18,Smartphone,Central,,5,66,CUST05312
2023-11-05 07:32:08,Headphones,Central,286.9115838515345,3,78,CUST05313
2023-08-27 10:52:12,Tablet,North,425.2289664523776,5,40,CUST05314
2023-08-27 11:45:06,Laptop,Central,679.8625609557826,8,25,CUST05315
2022-07-19 17:24:59,Tablet,Central,327.58767894579535,8,22,CUST05316
2022-11-04 09:49:00,Tablet,South,513.6527695207444,6,75,CUST05317
2022-01-23 00:15:40,Smartphone,East,594.0264591773085,9,46,CUST05318
2023-03-30 17:40:25,Smartphone,West,274.0294760551635,7,60,CUST05319
2023-06-19 18:54:27,Smartphone,South,,2,79,CUST05320
2023-01-15 12:50:16,Smartwatch,South,528.5244791713263,1,74,CUST05321
2023-10-18 06:46:13,Smartwatch,South,567.9980749627298,8,69,CUST05322
2022-12-25 11:48:07,Laptop,West,376.6552831640968,1,50,CUST05323
2022-10-11 21:56:06,Smartphone,South,776.0851062707164,8,37,CUST05324
2023-10-23 04:52:42,Headphones,East,572.1415457413303,9,33,CUST05325
2022-03-27 14:24:33,Smartphone,Central,616.4978364788661,1,54,CUST05326
2023-03-18 10:16:18,Smartwatch,East,607.6983711962442,7,76,CUST05327
2023-05-28 00:36:16,Smartphone,Central,265.50388937338903,5,77,CUST05328
2023-11-11 02:34:07,Smartwatch,Central,482.7844899283231,8,65,CUST05329
2023-09-25 07:50:48,Smartphone,South,497.56440470559346,4,73,CUST05330
2023-07-02 04:58:04,Headphones,South,461.8461118741531,2,54,CUST05331
2023-09-29 06:12:22,Laptop,West,531.1187020397616,7,77,CUST05332
2023-09-06 21:00:32,Headphones,North,183.9052557894411,7,59,CUST05333
2023-06-04 03:45:06,Smartwatch,East,519.2128832314947,8,58,CUST05334
2022-04-02 03:04:51,Tablet,West,454.50267885123026,9,71,CUST05335
2023-09-19 04:26:59,Headphones,West,,-6,79,CUST05336
2022-08-01 00:19:00,Smartphone,East,563.3634233266455,3,41,CUST05337
2022-03-10 00:01:33,Laptop,East,322.82055882404325,5,68,CUST05338
2023-08-29 07:02:58,Smartphone,Central,442.92181316187674,3,46,CUST05339
2023-06-23 06:12:50,Smartphone,North,461.84006457332526,9,52,CUST05340
2023-10-30 12:56:16,Headphones,South,223.07159383143915,5,26,CUST05341
2022-12-08 06:40:38,Laptop,North,239.84759990167709,-7,39,CUST05342
2023-12-28 21:25:46,Tablet,North,581.806338016802,7,37,CUST05343
2023-05-09 06:31:53,Smartphone,South,409.42727626688236,7,57,CUST05344
2023-10-27 16:24:45,Laptop,North,441.0640073440765,4,21,CUST05345
2023-09-22 13:24:32,Tablet,West,510.92624069535,4,60,CUST05346
2022-11-10 03:05:53,Smartphone,West,236.26759951931868,3,53,CUST05347
2023-02-06 00:39:08,Laptop,South,438.84418456546655,4,29,CUST05348
2022-02-19 18:41:55,Headphones,South,483.4071382176777,9,40,CUST05349
2023-07-17 21:04:28,Smartphone,East,764.6802686117243,5,56,CUST05350
2022-03-20 05:53:23,Smartphone,East,361.9562524003797,6,77,CUST05351
2023-07-18 18:38:44,Laptop,North,618.3319371686317,4,25,CUST05352
2023-04-10 23:37:53,Smartphone,North,499.7308103474624,1,27,CUST05353
2022-01-19 22:37:55,Tablet,South,329.6614880417564,7,40,CUST05354
2022-06-25 01:30:40,Smartphone,North,405.05882048766637,7,46,CUST05355
2022-10-27 10:48:17,Smartwatch,Central,629.9396542441584,6,73,CUST05356
2023-08-01 04:56:32,Tablet,West,616.5493229896631,4,62,CUST05357
2022-07-23 11:04:25,Laptop,North,421.95805096146864,8,49,CUST05358
2022-04-28 02:21:13,Tablet,North,551.5587070831618,8,73,CUST05359
2023-08-19 23:31:56,Smartwatch,East,344.44779548249596,1,31,CUST05360
2022-10-07 11:35:47,Smartwatch,Central,473.5162920175602,9,33,CUST05361
2023-02-05 08:25:23,Smartphone,North,435.56103128625426,8,56,CUST05362
2023-08-15 06:19:02,Smartphone,West,639.7665898287692,2,65,CUST05363
2022-10-24 04:03:21,Headphones,North,569.4263868604655,9,34,CUST05364
2023-08-05 04:06:18,Tablet,South,398.58991499455686,-4,37,CUST05365
2022-04-15 12:42:50,Headphones,Central,413.52599946072644,6,68,CUST05366
2022-03-30 02:17:12,Smartwatch,North,495.6425071228005,2,29,CUST05367
2023-01-17 18:33:12,Smartphone,Central,475.8069749488698,4,26,CUST05368
2023-05-10 08:08:36,Smartphone,North,458.07147549440765,2,77,CUST05369
2022-08-26 01:25:13,Smartphone,West,447.206790611641,9,75,CUST05370
2022-06-08 19:53:36,Laptop,West,706.8780469077186,9,25,CUST05371
2022-06-16 08:51:28,Smartwatch,Central,432.211957535224,5,58,CUST05372
2023-01-11 10:59:33,Smartphone,East,544.9971804143865,3,54,CUST05373
2023-01-03 14:59:45,Smartwatch,East,863.4003313308531,3,38,CUST05374
2023-01-17 12:32:55,Smartphone,South,373.02666049626833,1,59,CUST05375
2022-03-03 01:57:00,Tablet,East,528.90760152346,8,49,CUST05376
2022-11-02 05:33:28,Smartwatch,Central,536.6697115026866,3,54,CUST05377
2023-10-07 04:53:48,Headphones,East,498.33544218407246,4,63,CUST05378
2023-04-18 12:40:35,Laptop,South,506.1659726120178,2,35,CUST05379
2022-06-23 20:25:40,Headphones,North,368.1523203909073,8,46,CUST05380
2022-01-21 09:01:51,Smartwatch,East,553.8266573890701,3,24,CUST05381
2022-02-10 23:50:15,Smartphone,Central,224.41471778154332,2,57,CUST05382
2022-04-08 14:56:50,Smartwatch,Central,769.6755901731502,1,54,CUST05383
2022-10-07 17:04:20,Laptop,South,756.9558924625584,2,73,CUST05384
2022-02-23 08:35:46,Smartwatch,South,450.6152250264543,2,23,CUST05385
2023-11-19 21:53:15,Smartphone,West,657.7627549939065,4,37,CUST05386
2023-03-13 06:28:41,Headphones,West,455.9946327054512,1,72,CUST05387
2023-07-28 09:22:58,Tablet,West,501.4715042407185,1,73,CUST05388
2022-03-03 22:37:06,Headphones,North,397.8596916575883,6,26,CUST05389
2022-06-08 13:02:36,Smartphone,Central,622.9658052127309,5,70,CUST05390
2023-04-08 07:48:11,Smartphone,West,,1,26,CUST05391
2023-02-14 00:13:58,Laptop,Central,617.7732286924598,6,25,CUST05392
2022-06-22 11:02:06,Smartwatch,South,493.69343480535343,8,34,CUST05393
2023-10-15 19:45:58,Smartwatch,North,497.41305675335065,5,41,CUST05394
2023-03-22 05:31:50,Headphones,South,276.30165732074,3,57,CUST05395
2022-04-15 08:51:37,Tablet,Central,508.9778045891494,3,78,CUST05396
2022-04-07 02:25:43,Tablet,West,328.1238290483277,2,40,CUST05397
2023-05-28 20:22:28,Laptop,South,509.2391662375533,9,50,CUST05398
2023-10-19 01:49:08,Smartphone,East,790.9652394855035,9,39,CUST05399
2023-10-14 14:53:01,Laptop,Norti,291.56696313244095,7,67,CUST05400
2023-06-14 22:52:06,Smartwatch,Central,477.96418624419874,1,64,CUST05401
2023-01-13 02:07:37,Smartphone,West,404.6753388799786,1,39,CUST05402
2023-11-22 08:20:35,Laptop,South,343.9522553382012,4,44,CUST05403
2023-10-17 10:16:46,Headphones,North,381.31377839039357,2,65,CUST05404
2023-10-21 22:45:05,Smartwatch,West,720.6234309046911,3,19,CUST05405
2022-03-19 07:19:15,Tablet,South,760.4729005762947,2,48,CUST05406
2022-03-08 09:46:20,Laptop,Central,343.0482597865676,1,30,CUST05407
2023-10-09 11:56:12,Smartwatch,East,560.1363821932866,3,19,CUST05408
2022-09-21 21:58:31,Smartwatch,Easu,362.1510029665628,7,63,CUST05409
2023-12-10 21:54:48,Tablet,Central,398.2514420913905,9,24,CUST05410
2023-12-20 01:10:07,Tablet,North,192.61524206982082,9,28,CUST05411
2022-06-20 23:43:14,Tablet,Central,819.7742701698544,8,64,CUST05412
2022-01-03 14:36:31,Laptop,South,664.747785043054,6,43,CUST05413
2023-07-15 17:48:22,Tablet,North,402.2472614262755,1,66,CUST05414
2022-03-19 12:42:21,Headphones,East,542.7258951779735,8,38,CUST05415
2022-07-16 09:30:03,Smartwatch,South,440.00275099875836,8,66,CUST05416
2023-07-03 22:10:53,Tablet,West,641.8928211553821,9,32,CUST05417
2023-03-07 09:44:24,Smartwatch,West,448.8115969518061,6,33,CUST05418
2022-09-05 12:28:10,Smartphone,West,,3,26,CUST05419
2022-11-20 11:51:31,Smartphone,East,400.6920166713909,6,38,CUST05420
2023-11-27 12:52:09,Tablet,Central,590.5839518542416,8,70,CUST05421
2022-06-13 06:34:54,Smartwatch,North,831.3992531696098,7,69,CUST05422
2022-08-12 12:36:50,Smartphone,East,457.3611418144298,8,68,CUST05423
2022-12-11 00:24:04,Tablet,Souti,45564.05193693795,3,73,CUST05424
2022-12-08 21:02:56,Smartwatch,South,496.22891036812035,8,72,CUST05425
2022-06-07 04:29:54,Tablet,West,539.0313490938191,5,58,CUST05426
2022-03-06 18:35:26,Smartwatch,North,455.1534342386038,7,23,CUST05427
2023-11-28 02:55:19,Smartphone,West,441.16079644635505,4,18,CUST05428
2023-12-10 05:03:22,Tablet,South,512.3786211993687,3,48,CUST05429
2023-01-18 19:33:59,Smartphone,South,237.33971216565848,6,22,CUST05430
2022-02-08 02:11:10,Tablet,Central,417.8898585856577,9,54,CUST05431
2022-07-22 02:58:04,Laptop,Central,199.85102522518582,4,72,CUST05432
2023-02-02 15:26:27,Smartphone,Central,426.0992242041987,9,43,CUST05433
2022-11-01 03:07:13,Smartphone,West,357.7609762087931,3,18,CUST05434
2023-02-16 15:53:00,Headphones,North,594.047249719525,6,18,CUST05435
2022-10-01 07:09:11,Smartphone,Central,389.7178432396199,5,46,CUST05436
2023-03-17 01:34:15,Smartwatch,East,445.1731045578843,9,39,CUST05437
2023-11-29 05:17:29,Tablet,Central,177.82247655114,6,55,CUST05438
2023-09-03 19:58:59,Laptop,West,653.3593255212769,2,58,CUST05439
2023-06-30 07:48:18,Smartwatch,North,337.04001700975715,4,36,CUST05440
2022-01-02 17:02:25,Smartwatch,Central,427.59936920870314,5,45,CUST05441
2022-02-13 21:33:44,Smartwatch,North,616.7145447722285,9,22,CUST05442
2023-05-21 11:40:32,Smartwatch,East,617.2764969865358,1,38,CUST05443
2023-01-25 22:55:18,Laptop,South,333.3787064366684,9,66,CUST05444
2023-12-05 13:31:32,Headphones,North,579.0419328551479,1,39,CUST05445
2022-03-02 18:24:55,Smartphone,Central,327.69070576860497,1,37,CUST05446
2023-03-13 09:59:15,Smartwatch,West,534.846506729348,4,29,CUST05447
2022-06-16 16:30:14,Smartphone,West,382.3614221044093,6,23,CUST05448
2023-03-31 02:26:52,Smartphone,West,347.73311955780434,2,46,CUST05449
2022-11-11 05:21:08,Smartwatch,West,505.2873136097678,1,62,CUST05450
2022-03-01 14:25:34,Headphones,North,391.47279534773065,4,73,CUST05451
2022-05-23 12:13:49,Smartphone,West,802.7870486917282,8,57,CUST05452
2022-02-08 08:39:04,Tablet,South,407.33350758293585,6,78,CUST05453
2022-01-01 13:52:56,Smartphone,East,321.2065270032388,5,52,CUST05454
2023-09-04 17:44:28,Smartwatch,North,365.17127418385667,1,74,CUST05455
2023-05-28 19:16:08,Laptop,North,497.3928900617539,3,28,CUST05456
2023-12-20 14:37:47,Smartphone,West,516.7976484782183,7,78,CUST05457
2022-12-09 06:20:37,Headphones,Wesu,546.4282624348093,3,69,CUST05458
2022-05-20 06:01:41,Tablet,North,636.7263480327795,5,50,CUST05459
2023-01-21 17:20:36,Tablet,West,249.36433487234277,6,42,CUST05460
2022-08-06 15:28:56,Laptop,West,643.5743660333602,9,31,CUST05461
2022-08-04 03:42:01,Laptop,West,362.91448040059555,3,46,CUST05462
2023-10-12 05:29:11,Smartphone,Wesu,560.2479385579455,6,70,CUST05463
2023-01-02 15:06:46,Smartwatch,West,758.1656144904802,2,78,CUST05464
2022-01-23 12:53:58,Headphones,Central,,9,73,CUST05465
2022-12-31 01:32:21,Tablet,Central,374.04841307357196,9,30,CUST05466
2023-05-17 14:33:56,Laptop,Central,346.3576075856147,7,32,CUST05467
2022-12-18 07:52:28,Headphones,North,449.30181120711774,9,72,CUST05468
2023-08-03 22:51:46,Smartwatch,East,689.8067961479007,4,70,CUST05469
2023-01-20 11:29:03,Tablet,North,332.8544623052701,1,25,CUST05470
2022-03-15 06:20:34,Tablet,Central,425.9369912207652,1,64,CUST05471
2022-09-07 20:11:01,Smartwatch,North,646.360841716316,2,62,CUST05472
2023-06-11 16:05:02,Tablet,Easu,,3,50,CUST05473
2022-06-29 21:16:51,Smartwatch,West,425.04264925014405,2,28,CUST05474
2023-11-14 01:11:55,Tablet,South,468.3620884553782,4,69,CUST05475
2023-10-19 15:35:39,Smartphone,Central,637.3779587471125,8,32,CUST05476
2022-10-03 13:37:41,Smartwatch,Central,737.264555444222,3,38,CUST05477
2023-10-07 23:27:46,Headphones,East,755.1518615805087,4,53,CUST05478
2022-12-04 21:22:06,Smartphone,West,706.9702329781869,2,23,CUST05479
2022-01-01 12:37:55,Headphones,Wesu,399.491047120199,1,42,CUST05480
2023-01-09 21:17:34,Tablet,South,772.7941658053352,8,61,CUST05481
2023-04-27 21:16:24,Headphones,West,389.16852554665815,7,18,CUST05482
2022-08-21 09:56:20,Smartphone,East,252.33042895533677,2,59,CUST05483
2023-03-27 19:39:56,Smartwatch,West,516.8542303615782,8,76,CUST05484
2022-02-07 11:47:34,Laptop,East,721.4324777044601,3,67,CUST05485
2022-01-13 17:26:17,Headphones,Central,599.5437077481846,7,50,CUST05486
2022-10-29 00:58:25,Laptop,Central,488.9434228804812,1,56,CUST05487
2022-09-27 05:18:21,Headphones,Central,543.7044673975657,3,79,CUST05488
2023-09-29 01:11:25,Headphones,North,579.8198011753992,9,49,CUST05489
2022-10-02 17:39:48,Smartwatch,Central,522.1350941832342,4,19,CUST05490
2023-04-18 01:34:16,Tablet,East,455.6963970967708,1,42,CUST05491
2022-05-20 20:45:35,Smartphone,South,388.88830716664324,6,57,CUST05492
2022-08-01 17:36:26,Smartphone,West,516.8482802954167,1,75,CUST05493
2022-10-16 23:52:18,Smartphone,Central,481.6174353621556,1,50,CUST05494
2023-04-30 03:02:37,Tablet,North,500.5411030561445,2,68,CUST05495
2022-01-18 17:17:44,Laptop,North,656.8991685438524,3,55,CUST05496
2023-07-29 22:47:25,Smartphone,East,462.8543367763521,2,28,CUST05497
2023-03-16 10:11:59,Laptop,South,468.7803376183244,8,36,CUST05498
2023-07-17 11:33:14,Tablet,Central,528.4866349158721,6,42,CUST05499
2023-05-04 01:57:09,Tablet,Central,893.8787592976996,1,45,CUST05500
2022-01-25 00:43:18,Smartwatch,North,336.2155426936716,6,27,CUST05501
2022-03-28 10:01:51,Smartphone,East,663.7814009371248,1,48,CUST05502
2022-07-31 04:22:15,Smartwatch,North,455.1509977740863,9,33,CUST05503
2023-09-13 12:39:49,Smartphone,North,490.851772036796,3,65,CUST05504
2022-05-08 18:22:12,Tablet,South,303.1753805216906,1,59,CUST05505
2023-07-12 19:10:45,Tablet,East,782.0694275222271,1,35,CUST05506
2023-09-15 00:23:48,Headphones,South,533.3803761709233,2,39,CUST05507
2023-03-23 05:19:03,Headphones,East,598.8240867189803,6,67,CUST05508
2022-08-25 19:58:40,Tablet,Central,275.1762629156957,1,52,CUST05509
2022-10-10 20:03:27,Tablet,West,403.6597263033706,7,29,CUST05510
2022-01-17 10:40:58,Laptop,West,561.8714508722232,4,59,CUST05511
2023-02-13 14:30:14,Laptop,East,475.85334397028424,7,45,CUST05512
2023-10-21 12:14:22,Smartwatch,West,567.001840470484,4,65,CUST05513
2022-07-10 09:00:25,Headphones,North,815.4275031711032,4,74,CUST05514
2022-11-04 23:54:49,Headphones,Central,575.6919803479494,4,26,CUST05515
2022-09-08 20:33:35,Tablet,Central,432.6882354695108,8,47,CUST05516
2023-07-05 08:35:06,Tablet,West,402.29587524605626,2,35,CUST05517
2022-06-18 17:57:53,Smartwatch,East,385.1981048019808,8,62,CUST05518
2022-04-08 23:51:25,Headphones,North,435.8539695224621,1,41,CUST05519
2022-10-08 18:03:52,Laptop,East,442.1778710254738,7,63,CUST05520
2022-06-10 03:41:04,Smartphone,West,517.8372599561842,7,36,CUST05521
2022-06-20 16:59:11,Smartwatch,Central,579.2485184781596,6,31,CUST05522
2023-07-10 09:04:09,Smartphone,Central,565.3180936704174,4,19,CUST05523
2023-10-15 01:45:57,Laptop,Easu,51981.67599662188,5,28,CUST05524
2022-04-27 02:04:00,Laptop,South,530.1748382467274,1,43,CUST05525
2023-01-23 22:22:59,Smartphone,East,880.3510461917704,2,25,CUST05526
2023-08-06 00:56:15,Smartwatch,South,391.6353050085982,7,20,CUST05527
2022-12-22 21:36:46,Smartphone,East,,2,32,CUST05528
2023-07-16 16:26:00,Smartwatch,South,232.208634532604,8,62,CUST05529
2022-09-03 15:17:14,Smartwatch,South,442.5629621646556,7,57,CUST05530
2023-03-24 15:43:16,Tablet,South,365.1798693915105,8,30,CUST05531
2023-10-20 00:08:04,Headphones,South,390.5216027092443,4,33,CUST05532
2023-03-12 18:11:49,Headphones,North,322.13534772658556,1,39,CUST05533
2023-11-20 17:00:48,Laptop,South,297.1818019135467,7,50,CUST05534
2022-09-24 16:20:14,Tablet,South,518.3463786481889,1,79,CUST05535
2023-03-18 22:51:04,Headphones,Central,606.5499630013217,7,19,CUST05536
2022-01-11 15:35:14,Smartwatch,North,384.2703948268011,9,62,CUST05537
2023-05-08 10:02:11,Smartwatch,South,195.834811525252,5,46,CUST05538
2022-07-02 10:28:32,Smartphone,West,516.6629626545423,2,63,CUST05539
2023-07-04 06:59:52,Smartphone,North,570.4188243297564,1,51,CUST05540
2023-07-17 09:42:22,Smartwatch,Central,601.0595732413278,8,33,CUST05541
2022-05-18 22:42:09,Smartwatch,East,346.80978986243076,4,31,CUST05542
2023-04-28 15:44:39,Smartphone,Central,,8,56,CUST05543
2023-02-18 15:02:38,Headphones,Central,333.51905322667716,2,71,CUST05544
2023-07-11 20:04:47,Laptop,North,389.10936940647844,3,63,CUST05545
2022-08-11 22:48:06,Smartphone,North,381.5345820177025,3,67,CUST05546
2023-03-04 01:38:02,Headphones,Wesu,423.53247249934435,4,66,CUST05547
2022-11-27 05:31:49,Headphones,West,462.2844871289759,9,22,CUST05548
2023-09-22 02:35:26,Headphones,North,517.2021738884765,9,60,CUST05549
2022-12-19 17:10:46,Tablet,North,373.1714912621933,5,35,CUST05550
2022-01-07 05:26:17,Tablet,North,,7,65,CUST05551
2023-05-24 14:07:34,Headphones,East,363.97620048471174,9,43,CUST05552
2022-12-01 03:11:56,Smartwatch,Central,236.7170038398569,1,27,CUST05553
2022-04-26 02:59:09,Tablet,West,581.0916805942929,2,23,CUST05554
2022-02-12 10:58:00,Smartphone,West,400.57940425410743,6,31,CUST05555
2023-02-24 21:10:40,Tablet,South,240.03625772662178,3,19,CUST05556
2023-05-22 20:11:38,Smartwatch,East,584.0759345212354,7,78,CUST05557
2022-09-07 13:27:04,Laptop,North,462.37733485899383,5,44,CUST05558
2023-01-20 18:54:20,Tablet,North,567.9217089957606,8,26,CUST05559
2022-03-18 19:47:20,Headphones,East,562.754673976603,1,77,CUST05560
2022-03-21 03:16:28,Headphones,West,335.8472745298425,9,30,CUST05561
2023-05-26 10:36:53,Headphones,North,639.5723676385288,6,38,CUST05562
2023-01-08 02:29:25,Laptop,South,225.09406805651378,5,72,CUST05563
2023-03-19 05:34:11,Smartwatch,West,440.4250739215637,8,69,CUST05564
2023-05-01 22:35:31,Smartphone,Central,430.4925937928407,4,61,CUST05565
2022-02-23 12:03:00,Smartwatch,East,383.5081879037887,9,19,CUST05566
2023-09-28 15:45:06,Laptop,West,683.9093050467427,5,20,CUST05567
2023-04-18 05:12:48,Headphones,Central,545.187183952783,1,30,CUST05568
2023-11-11 12:46:54,Smartwatch,South,288.78075232241713,8,38,CUST05569
2023-02-17 22:20:59,Smartphone,East,310.4827212878242,9,50,CUST05570
2023-10-31 13:32:28,Headphones,North,823.1341112158028,5,77,CUST05571
2023-04-22 18:06:46,Smartphone,North,428.46997959147956,5,37,CUST05572
2022-05-02 00:47:59,Tablet,Central,380.5926724948648,6,78,CUST05573
2023-08-14 17:52:00,Smartphone,West,673.4684731650901,9,53,CUST05574
2022-10-02 06:52:50,Headphones,Souti,233.4337967918665,5,35,CUST05575
2023-11-15 12:53:45,Tablet,Central,708.0515592516192,2,42,CUST05576
2022-12-04 07:13:18,Headphones,South,380.32091467074065,3,62,CUST05577
2022-11-28 16:46:27,Headphones,South,,3,55,CUST05578
2022-09-04 08:19:43,Tablet,South,428.16556554826394,9,42,CUST05579
2023-09-01 07:38:07,Smartphone,East,263.8454964014643,8,55,CUST05580
2022-01-04 10:14:23,Laptop,Central,526.7701351185593,6,32,CUST05581
2022-01-17 00:24:35,Laptop,East,642.1694418249355,5,67,CUST05582
2023-04-11 01:00:01,Laptop,West,147.73915567911203,2,34,CUST05583
2022-01-22 17:12:16,Laptop,West,326.6388089598513,9,63,CUST05584
2023-04-21 15:33:38,Smartwatch,Norti,685.6841301863539,8,53,CUST05585
2022-02-15 19:06:18,Laptop,North,559.6436140058556,5,46,CUST05586
2023-06-25 11:11:47,Tablet,North,569.5998693574778,6,50,CUST05587
2023-07-22 14:10:47,Laptop,Wesu,639.6327307527725,9,49,CUST05588
2022-02-03 10:09:17,Headphones,South,570.1776753980023,1,25,CUST05589
2022-01-29 13:44:25,Laptop,South,,4,60,CUST05590
2022-11-21 22:50:08,Smartphone,Central,667.4211519396403,5,30,CUST05591
2022-03-16 22:02:53,Tablet,West,441.4838774285478,9,34,CUST05592
2022-01-09 00:28:44,Tablet,North,497.51341617560826,5,38,CUST05593
2022-07-07 03:01:10,Smartwatch,West,623.8783369430193,5,31,CUST05594
2022-01-30 17:55:15,Headphones,Souti,385.26953975154504,3,42,CUST05595
2023-08-25 18:35:03,Tablet,South,713.7340514958248,8,66,CUST05596
2022-03-28 19:04:26,Smartphone,East,543.7016691671234,7,69,CUST05597
2022-02-24 01:53:32,Laptop,East,327.6660397909716,8,41,CUST05598
2022-08-19 01:35:14,Tablet,Central,470.96223849447495,4,73,CUST05599
2022-06-02 12:28:53,Smartphone,West,292.1320015392214,8,50,CUST05600
2022-06-01 03:30:40,Laptop,East,512.8843918474226,4,25,CUST05601
2023-11-23 11:36:16,Smartwatch,East,443.1793288873921,1,76,CUST05602
2023-04-17 11:31:51,Tablet,West,370.29426071600477,4,45,CUST05603
2022-08-27 07:08:02,Tablet,South,232.97948781562303,5,36,CUST05604
2023-01-19 19:26:44,Smartphone,Central,381.23333352229906,8,79,CUST05605
2022-08-27 09:22:08,Headphones,Central,472.91004578583073,6,28,CUST05606
2023-08-18 12:08:36,Smartwatch,Central,444.19985892273513,5,72,CUST05607
2023-11-03 19:15:27,Headphones,East,286.9769296859641,3,27,CUST05608
2022-06-12 07:51:33,Tablet,South,503.21210967423184,4,76,CUST05609
2023-03-30 05:25:59,Headphones,Central,352.1699237601212,6,18,CUST05610
2023-01-02 21:24:28,Laptop,West,638.283508222345,6,22,CUST05611
2023-02-21 23:40:31,Smartwatch,Central,660.3694154111449,6,33,CUST05612
2022-06-05 12:25:35,Headphones,North,461.4382303799268,2,37,CUST05613
2023-07-16 00:26:37,Laptop,South,736.4188936115983,8,37,CUST05614
2022-10-17 21:55:46,Smartphone,North,478.85546970312487,8,45,CUST05615
2022-10-22 17:11:39,Headphones,South,304.9264394149672,6,22,CUST05616
2023-02-01 13:23:27,Smartwatch,West,677.784154112886,4,65,CUST05617
2022-11-30 19:20:26,Laptop,East,742.1171774141419,2,20,CUST05618
2022-08-04 19:02:02,Headphones,East,649.1933628912493,6,47,CUST05619
2022-10-22 07:44:09,Smartphone,South,385.4227005899061,6,40,CUST05620
2023-08-16 07:08:08,Headphones,Central,314.6955086940063,3,51,CUST05621
2022-02-20 20:44:03,Laptop,North,447.4555831933998,2,66,CUST05622
2022-09-20 08:12:14,Headphones,West,871.4609347077895,4,71,CUST05623
2023-10-04 21:38:11,Smartwatch,Central,323.46780193526666,8,45,CUST05624
2022-01-02 10:49:15,Tablet,East,623.113266629549,5,18,CUST05625
2023-03-14 05:28:54,Laptop,Central,486.1197959207209,3,65,CUST05626
2022-07-21 07:25:53,Laptop,North,641.6228287134622,5,44,CUST05627
2023-08-22 11:07:35,Laptop,East,311.00175736955356,9,72,CUST05628
2022-07-14 09:44:53,Laptop,South,462.57479001806337,8,73,CUST05629
2022-02-11 03:50:10,Headphones,West,365.2925487342119,7,79,CUST05630
2022-03-17 08:00:56,Smartwatch,West,373.8273681328572,4,51,CUST05631
2023-02-22 03:32:23,Smartphone,East,610.4964559948946,-2,48,CUST05632
2022-01-24 06:13:26,Smartwatch,South,332.14304326267364,9,49,CUST05633
2022-01-19 01:15:57,Laptop,North,543.4803940313845,3,69,CUST05634
2023-10-30 05:11:18,Headphones,West,508.36632726651294,6,24,CUST05635
2023-04-05 14:52:50,Headphones,East,356.92921301620197,7,60,CUST05636
2022-12-11 12:07:13,Laptop,West,389.3418413462885,3,55,CUST05637
2022-08-22 21:43:43,Headphones,South,550.089873054573,3,51,CUST05638
2023-10-16 23:21:26,Laptop,North,496.229532962689,3,63,CUST05639
2022-05-29 19:14:58,Smartwatch,South,,3,21,CUST05640
2023-08-28 07:35:45,Tablet,Central,465.1096952413902,3,36,CUST05641
2023-10-15 22:45:07,Headphones,South,455.4015182368128,7,74,CUST05642
2022-04-17 14:59:27,Laptop,South,496.76568231669495,5,39,CUST05643
2022-11-23 08:24:39,Laptop,West,715.8803396479144,4,46,CUST05644
2022-09-04 14:28:11,Headphones,South,579.362447259464,6,77,CUST05645
2022-04-09 14:36:32,Smartphone,East,480.3665740545329,8,51,CUST05646
2022-07-27 07:47:23,Laptop,West,337.723755743982,2,51,CUST05647
2022-11-14 06:53:49,Headphones,West,437.1454648767962,3,62,CUST05648
2022-01-03 20:08:20,Laptop,Central,361.9633953647558,2,62,CUST05649
2023-05-08 05:04:10,Smartphone,East,380.512056862112,7,20,CUST05650
2022-07-15 05:54:12,Tablet,South,,2,38,CUST05651
2023-04-03 18:10:34,Smartphone,Central,498.30616658510166,5,77,CUST05652
2022-09-26 16:57:47,Smartwatch,East,81015.90708951493,9,55,CUST05653
2023-08-16 10:04:00,Headphones,Central,529.425349769932,8,38,CUST05654
2023-10-15 04:05:25,Smartphone,North,609.1110702491288,8,77,CUST05655
2022-10-22 12:45:20,Tablet,South,643.9697693110123,3,34,CUST05656
2023-03-07 17:59:32,Laptop,Central,456.9952330211032,1,46,CUST05657
2023-11-25 09:51:52,Headphones,North,,2,50,CUST05658
2022-05-29 08:38:51,Smartphone,South,290.4999896469461,7,56,CUST05659
2023-11-23 02:11:25,Tablet,Central,529.5372203610567,4,79,CUST05660
2023-08-08 07:59:00,Smartphone,Central,508.38339193099984,5,43,CUST05661
2022-10-18 23:08:37,Smartwatch,Central,371.5723318932581,1,79,CUST05662
2023-09-27 03:09:43,Headphones,Central,672.2814522534804,2,24,CUST05663
2022-05-05 18:21:46,Laptop,West,383.504726008701,9,62,CUST05664
2023-08-25 17:32:16,Tablet,Central,927.106077926751,6,75,CUST05665
2022-08-13 02:38:53,Smartphone,West,560.5169435018447,7,71,CUST05666
2022-10-16 01:09:05,Headphones,West,496.71902936829775,5,26,CUST05667
2023-06-26 10:31:11,Smartphone,North,790.841319595357,9,35,CUST05668
2022-09-23 07:59:36,Headphones,South,157.5446566557161,5,18,CUST05669
2023-11-06 12:18:26,Smartwatch,West,457.066722821041,6,28,CUST05670
2022-10-09 15:44:21,Smartphone,East,434.96792418869103,9,71,CUST05671
2022-08-04 07:16:20,Smartwatch,West,472.82948555109766,5,39,CUST05672
2023-04-23 18:29:14,Tablet,East,533.9184557822407,4,74,CUST05673
2023-04-28 17:15:45,Smartwatch,North,468.41330576945734,5,49,CUST05674
2022-04-24 03:51:57,Headphones,East,710.1503084673734,5,60,CUST05675
2023-12-25 02:06:38,Tablet,North,565.3060200901967,5,27,CUST05676
2022-11-17 04:27:18,Smartphone,North,572.598419695996,1,66,CUST05677
2022-12-12 09:58:27,Smartphone,North,569.351872380916,5,44,CUST05678
2023-10-24 02:57:36,Headphones,East,306.73997996862096,5,66,CUST05679
2022-02-25 03:33:32,Laptop,East,530.2949213926009,1,29,CUST05680
2022-06-29 13:04:19,Laptop,North,535.4700013896565,4,47,CUST05681
2022-12-28 23:57:02,Smartphone,North,331.35388905179695,8,77,CUST05682
2022-12-05 19:45:26,Headphones,Souti,632.8999962162253,4,27,CUST05683
2023-07-26 06:39:09,Laptop,North,194.38795199695147,7,29,CUST05684
2023-08-24 16:36:34,Smartwatch,Central,877.9562116064461,6,55,CUST05685
2022-07-19 18:37:51,Smartphone,South,494.37065523115353,5,38,CUST05686
2022-02-16 17:13:25,Smartwatch,South,371.68224323466495,9,44,CUST05687
2023-01-01 12:06:52,Headphones,South,592.6592363151494,8,23,CUST05688
2023-01-14 22:28:07,Smartwatch,Central,593.9230570734775,5,55,CUST05689
2022-10-25 14:30:43,Laptop,South,806.9171296502648,7,78,CUST05690
2023-08-31 20:18:36,Laptop,South,767.3264323502365,9,69,CUST05691
2023-09-27 00:00:23,Tablet,East,300.5250754315388,7,75,CUST05692
2024-06-15 14:33:53,Smartphone,East,459.4931083165944,3,25,CUST05693
2022-07-07 12:42:38,Headphones,North,363.5518477969028,5,54,CUST05694
2023-05-20 06:10:17,Smartphone,North,611.3232761417258,9,23,CUST05695
2023-02-26 14:21:28,Smartwatch,West,712.2508629236067,9,51,CUST05696
2023-08-01 13:42:16,Headphones,Central,302.51219211454617,8,66,CUST05697
2023-07-25 16:57:43,Headphones,East,490.51931983216434,6,57,CUST05698
2022-09-06 16:16:25,Laptop,North,405.2203092777992,7,39,CUST05699
2023-09-20 04:06:21,Smartwatch,Central,626.6659922379331,7,46,CUST05700
2022-06-02 21:48:12,Laptop,South,561.4228186825397,1,26,CUST05701
2023-02-20 06:59:21,Laptop,Central,676.3721335123452,8,38,CUST05702
2023-01-08 07:32:32,Tablet,East,436.84058756284855,6,49,CUST05703
2023-04-11 20:27:45,Laptop,West,482.5026129666415,7,25,CUST05704
2022-04-06 18:27:17,Smartphone,East,,2,72,CUST05705
2022-02-15 05:18:49,Headphones,North,459.3424745696184,7,60,CUST05706
2022-07-15 06:52:52,Laptop,North,544.8502304324522,8,27,CUST05707
2023-05-23 10:02:03,Smartphone,Central,690.5222632949669,-5,66,CUST05708
2023-10-08 00:58:37,Smartwatch,East,820.0395919311217,1,40,CUST05709
2023-03-05 12:33:44,Headphones,North,426.7503830983928,6,37,CUST05710
2022-06-24 11:34:28,Smartwatch,South,822.1299699169979,3,30,CUST05711
2022-04-26 02:15:45,Smartphone,South,424.65609948843843,5,39,CUST05712
2022-03-13 01:22:33,Smartwatch,West,630.3389843426759,9,58,CUST05713
2022-07-21 17:39:31,Smartwatch,Central,425.8405897875852,7,32,CUST05714
2022-02-12 10:25:44,Smartwatch,North,345.56107096153124,8,48,CUST05715
2022-03-07 09:32:32,Laptop,West,683.4089015127896,6,62,CUST05716
2022-05-18 21:42:50,Laptop,South,492.6275318692167,9,49,CUST05717
2022-07-22 18:45:04,Laptop,West,692.5997500122689,3,62,CUST05718
2022-12-14 08:16:11,Headphones,West,612.8021069092616,1,30,CUST05719
2023-07-28 18:24:06,Smartphone,North,561.6671211970968,4,74,CUST05720
2023-12-11 16:14:50,Laptop,North,582.6733962887337,8,42,CUST05721
2023-08-07 05:37:06,Smartwatch,North,,6,38,CUST05722
2022-04-20 18:10:17,Smartwatch,Central,638.9672220237478,7,21,CUST05723
2022-02-27 21:49:21,Smartwatch,West,439.32053546782856,9,71,CUST05724
2023-12-12 08:16:24,Smartwatch,West,563.4401647767804,2,59,CUST05725
2022-10-15 15:24:18,Tablet,Central,725.0923080702528,7,32,CUST05726
2022-05-25 14:16:47,Headphones,South,506.79356709423,4,38,CUST05727
2022-10-11 08:55:29,Smartphone,Easu,425.88610005859533,7,77,CUST05728
2022-11-05 18:48:27,Smartphone,South,406.79248298783966,8,59,CUST05729
2022-05-16 18:31:51,Laptop,Central,,2,70,CUST05730
2022-01-26 03:45:13,Tablet,West,463.93622980244686,7,25,CUST05731
2022-04-24 06:45:57,Smartphone,West,554.3352559332477,8,48,CUST05732
2022-06-14 21:14:01,Headphones,Norti,456.79041651947483,1,27,CUST05733
2023-05-07 11:53:14,Smartwatch,North,676.091848655209,5,38,CUST05734
2022-03-22 00:24:22,Laptop,West,522.5324621380248,9,34,CUST05735
2023-12-21 18:40:38,Headphones,West,714.2253899349928,2,22,CUST05736
2022-01-12 17:05:30,Smartphone,North,708.7316125022127,6,30,CUST05737
2023-10-13 09:21:32,Tablet,North,486.7782621553373,2,38,CUST05738
2022-07-01 07:17:02,Laptop,South,700.001589123017,3,70,CUST05739
2023-11-24 03:03:01,Smartphone,West,449.33463273634555,-6,77,CUST05740
2022-10-18 00:21:39,Laptop,West,539.92204646783,5,68,CUST05741
2022-01-21 16:03:38,Smartphone,Central,383.04388361537866,4,61,CUST05742
2023-02-27 12:35:52,Smartwatch,South,589.0332708260177,7,29,CUST05743
2023-11-25 01:26:13,Tablet,East,545.1944523973607,3,42,CUST05744
2023-02-17 11:16:35,Smartwatch,East,577.1298347546274,7,70,CUST05745
2022-09-21 04:41:15,Smartphone,East,295.980857238757,9,45,CUST05746
2022-09-01 10:36:02,Headphones,North,201.59661994115774,2,19,CUST05747
2023-12-11 13:17:07,Smartwatch,East,330.10536330351226,5,38,CUST05748
2023-11-26 11:09:22,Headphones,Centram,574.8677972190854,1,58,CUST05749
2023-01-27 16:59:26,Smartphone,North,601.0179662473921,7,79,CUST05750
2022-11-20 07:35:29,Tablet,North,669.4005188244648,2,73,CUST05751
2022-03-30 08:04:45,Headphones,East,439.323324902133,5,39,CUST05752
2022-02-20 01:17:40,Smartphone,North,,1,74,CUST05753
2022-02-03 04:07:49,Headphones,South,394.846064937952,1,72,CUST05754
2023-08-15 01:45:38,Smartwatch,South,705.1095220714797,4,19,CUST05755
2023-11-22 05:13:41,Smartphone,East,393.59761312597385,7,47,CUST05756
2022-02-14 09:26:38,Smartwatch,Centram,,7,18,CUST05757
2022-02-27 15:54:02,Laptop,North,462.3031744639262,8,63,CUST05758
2022-07-26 08:40:41,Smartphone,West,736.2868410153644,9,30,CUST05759
2023-10-18 12:04:24,Headphones,East,527.4436495089084,4,20,CUST05760
2022-06-24 05:28:00,Laptop,North,524.1631053390772,2,76,CUST05761
2023-01-09 23:59:27,Smartwatch,East,,3,37,CUST05762
2022-02-01 10:30:07,Smartwatch,East,825.0525608726879,9,74,CUST05763
2022-09-28 00:35:17,Headphones,Central,648.6223666236058,8,22,CUST05764
2022-01-21 06:02:16,Laptop,West,576.793431432667,6,19,CUST05765
2023-05-19 15:01:14,Tablet,North,535.933193209454,3,43,CUST05766
2022-09-29 23:27:31,Headphones,East,400.89002714122006,8,70,CUST05767
2022-07-14 18:42:03,Smartwatch,East,600.9906567440223,2,46,CUST05768
2022-04-11 08:10:41,Smartphone,Norti,489.99460618014143,4,35,CUST05769
2022-12-01 02:02:04,Laptop,East,508.62806344499546,4,26,CUST05770
2022-04-20 16:39:31,Tablet,East,633.645578676041,9,39,CUST05771
2023-04-05 00:16:00,Smartphone,East,542.6678986442496,8,45,CUST05772
2023-01-18 07:46:26,Laptop,South,502.72261492411695,7,77,CUST05773
2023-08-28 06:26:33,Headphones,South,715.3472428128001,4,29,CUST05774
2023-07-30 21:08:40,Headphones,West,377.16945206578987,-7,54,CUST05775
2023-12-08 01:34:01,Laptop,Central,251.76848167189286,1,35,CUST05776
2022-05-24 07:43:48,Tablet,North,380.60034250709685,8,72,CUST05777
2022-12-26 17:11:42,Laptop,Central,522.8062716147912,8,72,CUST05778
2023-05-11 02:45:14,Smartphone,Central,604.1825156005467,9,51,CUST05779
2022-04-18 09:15:01,Smartphone,South,388.3829052340783,9,59,CUST05780
2022-03-19 09:41:06,Headphones,Wesu,1053.120020224745,1,71,CUST05781
2023-02-02 09:00:31,Laptop,Central,527.324143166693,7,59,CUST05782
2022-11-29 04:05:40,Headphones,Central,522.7672352610041,1,75,CUST05783
2022-11-28 20:47:51,Tablet,East,306.55482382470836,6,20,CUST05784
2023-04-16 07:15:33,Smartphone,North,283.58019482764075,5,73,CUST05785
2022-01-11 04:17:39,Smartwatch,West,232.5356803041965,2,63,CUST05786
2023-11-10 00:40:01,Smartwatch,North,705.7128502856298,3,22,CUST05787
2023-12-06 21:09:49,Laptop,South,681.8676426415227,8,73,CUST05788
2023-02-14 10:59:36,Laptop,Central,499.78211018332155,2,40,CUST05789
2022-06-29 15:36:12,Smartwatch,Central,317.7632532824378,4,79,CUST05790
2022-04-05 12:48:27,Laptop,North,458.37124832901355,3,30,CUST05791
2022-05-04 14:35:44,Smartphone,South,713.2157262278758,7,76,CUST05792
2023-06-12 14:24:44,Tablet,East,,8,41,CUST05793
2022-08-27 15:52:35,Tablet,East,36469.35828050733,4,45,CUST05794
2023-12-17 10:29:26,Headphones,Central,44284.996578979175,6,34,CUST05795
2022-06-04 04:16:48,Smartphone,Central,456.0708575588742,3,23,CUST05796
2023-06-18 21:24:24,Laptop,West,610.7130193856567,-7,78,CUST05797
2023-09-27 00:24:03,Laptop,North,168.9153192235964,8,78,CUST05798
2022-04-17 22:50:58,Headphones,Central,525.3993665995813,7,44,CUST05799
2022-08-10 12:13:52,Headphones,South,395.47786393644986,4,62,CUST05800
2022-03-28 04:22:33,Laptop,North,419.66870250993543,9,46,CUST05801
2023-02-23 01:53:39,Laptop,West,613.1689584995455,8,29,CUST05802
2022-12-13 18:34:48,Smartphone,East,304.72883979044803,6,52,CUST05803
2023-08-04 10:43:56,Headphones,West,526.9895467717008,2,79,CUST05804
2023-01-27 10:04:29,Smartphone,North,572.1911681974578,7,65,CUST05805
2022-02-21 17:29:13,Laptop,East,586.9411025206897,9,22,CUST05806
2022-09-08 04:52:47,Smartwatch,South,606.0300175612324,9,19,CUST05807
2022-01-30 02:31:59,Smartwatch,East,585.7857517697371,9,28,CUST05808
2023-07-28 19:09:57,Laptop,Easu,607.8898781196876,9,21,CUST05809
2023-02-15 10:55:43,Headphones,South,,6,39,CUST05810
2023-03-11 16:36:53,Smartwatch,Central,704.8510526715704,1,18,CUST05811
2023-02-09 19:05:52,Headphones,Central,322.3154469351409,6,62,CUST05812
2023-11-11 07:27:05,Smartwatch,East,555.5516734173976,5,67,CUST05813
2023-02-18 14:04:33,Headphones,East,397.8662640170174,7,33,CUST05814
2023-02-25 01:12:58,Smartwatch,West,242.32794018730172,8,19,CUST05815
2023-08-05 23:56:37,Headphones,Central,414.4835223499255,1,58,CUST05816
2023-12-25 00:26:25,Smartphone,South,482.2324915301826,4,44,CUST05817
2023-12-22 19:44:34,Headphones,East,708.0363251089515,4,29,CUST05818
2023-11-28 09:48:42,Smartphone,East,772.9508856958315,1,22,CUST05819
2022-11-04 00:37:40,Smartphone,West,480.5538936131593,4,22,CUST05820
2023-02-17 12:41:34,Laptop,West,291.6456769095229,7,39,CUST05821
2023-05-28 17:27:52,Smartphone,West,304.08188617028696,6,30,CUST05822
2023-08-27 18:42:35,Tablet,North,615.7803969113514,4,33,CUST05823
2022-04-07 16:01:50,Smartphone,South,606.223588371174,2,43,CUST05824
2023-03-10 01:23:26,Headphones,North,408.8948572814937,7,68,CUST05825
2022-08-25 05:43:31,Smartphone,East,323.86581053264564,8,26,CUST05826
2023-09-15 18:52:12,Headphones,West,648.8412094159808,9,65,CUST05827
2023-09-25 15:10:50,Headphones,West,315.80162250791125,9,49,CUST05828
2022-08-22 12:42:48,Tablet,West,433.35317137446265,4,36,CUST05829
2022-02-13 23:49:46,Smartphone,Central,571.0238653130041,3,53,CUST05830
2023-03-27 02:02:01,Smartphone,South,199.86418273177063,5,45,CUST05831
2023-08-14 22:05:06,Smartwatch,North,643.0022382854092,6,32,CUST05832
2023-07-18 04:00:55,Smartwatch,South,857.0422055343003,8,26,CUST05833
2023-06-03 01:52:27,Laptop,West,517.0833232797244,3,33,CUST05834
2022-07-14 16:47:12,Headphones,East,494.80210844545053,6,75,CUST05835
2022-01-01 01:08:58,Tablet,Central,506.64881515482074,5,73,CUST05836
2023-09-23 17:40:08,Smartwatch,South,533.7274083057949,7,23,CUST05837
2023-12-19 02:19:20,Smartphone,East,390.50399073849286,9,25,CUST05838
2023-01-16 03:19:05,Laptop,West,331.3501012160775,7,50,CUST05839
2023-10-27 12:12:33,Tablet,West,447.0336271349837,6,49,CUST05840
2023-06-28 05:17:07,Smartphone,West,523.0402879797986,9,63,CUST05841
2022-02-14 17:20:44,Smartphone,West,350.23843399450254,4,53,CUST05842
2023-10-22 11:31:51,Headphones,Centram,298.0087059665891,1,59,CUST05843
2023-10-27 13:56:54,Headphones,Central,433.9369808638484,8,76,CUST05844
2023-08-09 02:33:20,Smartwatch,South,299.98829207947426,6,65,CUST05845
2022-10-19 18:39:48,Smartwatch,West,600.7695417779372,6,53,CUST05846
2022-05-03 18:53:10,Smartphone,Central,-16.236887077777375,5,51,CUST05847
2022-06-06 06:25:50,Smartphone,East,324.77991137114697,3,19,CUST05848
2022-08-05 03:32:47,Smartwatch,Central,712.029470764377,6,30,CUST05849
2022-09-20 00:54:11,Smartwatch,Central,466.7422259282326,1,60,CUST05850
2023-11-15 07:05:18,Smartphone,South,527.5893989407394,7,27,CUST05851
2023-11-21 22:21:51,Tablet,Central,480.66204379907145,6,74,CUST05852
2023-11-28 00:09:34,Smartphone,East,405.9022519320434,5,55,CUST05853
2023-08-31 12:15:28,Tablet,West,664.2789649378293,3,24,CUST05854
2023-07-15 19:20:24,Tablet,North,414.2207576610193,8,76,CUST05855
2022-01-10 08:31:41,Smartphone,South,375.7277660319482,4,76,CUST05856
2022-09-15 13:33:56,Laptop,East,598.5142967558768,9,64,CUST05857
2023-12-30 00:22:02,Smartwatch,South,210.40216478982197,9,69,CUST05858
2023-10-18 10:02:23,Headphones,West,457.18647185671756,5,68,CUST05859
2022-09-02 11:44:33,Smartphone,Central,422.15643760347837,7,20,CUST05860
2022-01-02 07:22:15,Tablet,Central,454.37680263181977,-6,70,CUST05861
2023-07-07 07:44:10,Smartphone,East,426.7424345666886,6,44,CUST05862
2022-10-17 02:11:08,Smartwatch,West,556.263135760077,4,31,CUST05863
2022-05-24 23:41:37,Tablet,North,664.9529330059943,8,71,CUST05864
2023-11-27 02:56:02,Headphones,North,568.9005387178471,3,47,CUST05865
2023-08-31 10:17:33,Headphones,Central,449.46295731984736,5,51,CUST05866
2023-10-08 07:48:09,Headphones,West,594.715013781079,1,40,CUST05867
2022-06-16 07:39:12,Laptop,West,612.2886947375848,1,65,CUST05868
2022-02-19 13:04:10,Tablet,East,554.1393084485218,9,72,CUST05869
2022-02-22 08:32:15,Tablet,North,657.2974841710309,4,34,CUST05870
2022-05-31 07:59:13,Laptop,East,147.89065303799222,9,32,CUST05871
2023-09-30 13:17:17,Tablet,South,,7,79,CUST05872
2023-11-27 11:34:07,Laptop,West,546.1780165440055,8,78,CUST05873
2022-09-02 01:42:14,Smartphone,North,277.81464325385537,9,62,CUST05874
2023-05-31 08:06:33,Smartwatch,East,533.1156827632548,1,78,CUST05875
2024-05-10 07:52:49,Headphones,Central,637.2425987808874,7,78,CUST05876
2023-02-13 09:15:17,Laptop,South,466.41878732279497,8,61,CUST05877
2023-02-16 19:29:02,Laptop,East,598.480907320404,2,24,CUST05878
2023-06-06 03:40:02,Laptop,Centram,653.4129993005971,9,78,CUST05879
2023-03-30 15:43:31,Smartphone,North,701.3695658243972,1,69,CUST05880
2023-06-23 15:16:10,Laptop,North,674.323082128329,3,69,CUST05881
2022-04-13 03:25:50,Smartwatch,South,704.8410149376028,9,20,CUST05882
2023-10-09 10:19:56,Smartwatch,Central,425.06786966761877,1,26,CUST05883
2022-10-02 09:01:43,Headphones,West,441.4801471832478,4,20,CUST05884
2023-09-28 09:32:29,Smartphone,North,128.98311594977244,6,65,CUST05885
2022-12-06 04:20:18,Smartwatch,West,,6,69,CUST05886
2023-01-04 06:48:41,Tablet,Wesu,682.7673590178708,4,52,CUST05887
2023-11-08 14:36:21,Tablet,East,,1,57,CUST05888
2023-02-27 20:38:24,Tablet,East,55963.82559276798,5,25,CUST05889
2022-06-16 21:15:34,Laptop,North,536.1089914185171,5,43,CUST05890
2022-06-26 02:14:15,Laptop,West,686.1029247715014,3,73,CUST05891
2022-06-13 06:40:26,Tablet,East,196.94265945526288,3,32,CUST05892
2022-10-17 12:19:57,Headphones,Central,552.8945142264112,4,22,CUST05893
2023-05-25 07:38:47,Headphones,Central,550.4551089150287,3,30,CUST05894
2022-10-24 05:01:38,Laptop,Central,371.33037910414964,3,32,CUST05895
2022-09-12 09:27:09,Tablet,Central,644.037017369812,3,56,CUST05896
2023-08-07 11:54:17,Headphones,West,,7,29,CUST05897
2022-10-07 09:41:36,Laptop,Centram,659.6803770845588,9,52,CUST05898
2023-12-23 14:59:20,Tablet,West,176.6471360576928,1,25,CUST05899
2022-06-03 17:23:08,Smartphone,North,364.2619614772276,8,27,CUST05900
2022-11-11 08:42:45,Tablet,North,479.0168085983015,1,51,CUST05901
2022-05-22 08:44:26,Tablet,Central,532.6489691696886,9,25,CUST05902
2022-12-19 01:05:28,Smartwatch,Central,219.78743774466227,8,39,CUST05903
2022-09-30 12:01:42,Smartwatch,Central,656.4364093377337,6,67,CUST05904
2022-06-10 11:45:52,Smartphone,North,613.0340037592599,6,29,CUST05905
2022-10-17 05:33:47,Smartphone,East,785.496962213637,7,39,CUST05906
2023-03-28 01:36:27,Tablet,North,605.3167399233703,8,44,CUST05907
2023-03-24 17:58:56,Headphones,Central,389.5384984312855,7,75,CUST05908
2022-08-23 16:28:37,Smartphone,East,339.305169459968,1,35,CUST05909
2022-01-23 07:28:36,Tablet,East,436.91126983399397,4,36,CUST05910
2023-05-23 16:38:32,Laptop,South,827.1222574556277,4,76,CUST05911
2022-07-06 19:21:53,Smartwatch,West,507.14107466692366,9,22,CUST05912
2022-11-02 01:45:27,Headphones,Central,513.5380838516984,9,33,CUST05913
2022-11-01 09:26:18,Tablet,West,706.919137445252,3,66,CUST05914
2022-03-02 16:01:24,Laptop,South,325.3206760882215,9,58,CUST05915
2022-09-10 23:57:53,Smartwatch,West,580.8440421556352,5,27,CUST05916
2022-09-18 20:10:36,Laptop,Central,577.4514500816084,6,36,CUST05917
2023-12-15 05:44:25,Tablet,Souti,643.6036182667666,7,78,CUST05918
2023-11-28 08:55:06,Smartphone,West,627.8440175451009,3,61,CUST05919
2023-10-06 23:02:18,Smartwatch,North,491.1963270606028,4,18,CUST05920
2022-04-27 02:45:15,Laptop,East,292.53307232671534,5,39,CUST05921
2022-10-02 07:23:17,Smartphone,South,415.267992991287,1,34,CUST05922
2022-10-12 15:47:05,Headphones,North,626.3143951847653,8,52,CUST05923
2022-09-08 19:31:47,Tablet,Central,778.1563440345221,7,56,CUST05924
2022-07-07 16:21:05,Tablet,East,316.56008680311584,2,69,CUST05925
2023-03-09 08:19:07,Smartwatch,South,306.68419772173075,7,26,CUST05926
2022-07-07 00:59:22,Laptop,East,263.91448637025934,9,72,CUST05927
2023-12-18 02:34:12,Headphones,South,384.9425129459593,5,22,CUST05928
2022-05-17 01:47:58,Smartwatch,South,642.1341778457124,6,26,CUST05929
2022-03-16 21:08:43,Smartwatch,West,697.4286755474641,5,68,CUST05930
2023-10-16 04:09:53,Laptop,East,188.20146254626246,1,28,CUST05931
2023-09-01 14:44:49,Headphones,East,319.2238219274416,6,31,CUST05932
2022-01-04 23:35:26,Laptop,North,291.16579805724984,7,63,CUST05933
2023-07-08 10:19:01,Tablet,Central,369.848556813225,5,57,CUST05934
2022-07-11 06:30:23,Smartphone,North,466.6478467445723,3,41,CUST05935
2022-11-16 02:42:18,Tablet,West,440.38745599423174,6,37,CUST05936
2022-09-11 07:03:21,Tablet,South,,7,50,CUST05937
2022-11-09 14:16:24,Smartwatch,West,211.0031494137503,9,21,CUST05938
2023-11-07 23:54:52,Tablet,West,421.92183801115584,7,33,CUST05939
2022-07-27 08:17:07,Headphones,North,704.9601454264155,3,42,CUST05940
2023-08-25 21:00:05,Tablet,South,710.6767712635094,1,75,CUST05941
2022-05-11 19:11:59,Headphones,Central,749.7118599084057,7,18,CUST05942
2022-03-10 17:48:54,Laptop,West,558.9880595996705,8,68,CUST05943
2023-04-08 08:37:16,Smartwatch,Central,401.73737085866753,1,41,CUST05944
2022-02-08 13:15:22,Headphones,Souti,526.2293513742324,5,20,CUST05945
2022-12-01 02:08:53,Tablet,South,879.1577718572794,8,49,CUST05946
2023-09-23 15:18:47,Smartwatch,North,420.4153143295018,7,51,CUST05947
2022-09-18 06:20:51,Smartwatch,East,774.9255038043625,2,66,CUST05948
2022-12-10 05:12:59,Headphones,Norti,134.48145624021257,4,42,CUST05949
2023-08-02 18:54:06,Headphones,Central,585.7978042807241,6,60,CUST05950
2023-12-19 20:27:34,Smartphone,North,597.089773155754,7,75,CUST05951
2023-05-04 21:37:06,Smartphone,South,556.0379074919707,7,20,CUST05952
2022-06-20 01:28:45,Smartwatch,West,565.8596488779101,3,24,CUST05953
2023-07-26 07:03:01,Smartphone,East,578.4823237899182,8,59,CUST05954
2023-12-25 05:17:37,Tablet,South,585.4983357697818,7,52,CUST05955
2022-05-06 15:08:40,Laptop,West,450.3890620269353,4,46,CUST05956
2023-05-24 20:43:44,Smartwatch,Central,459.34536059476915,4,57,CUST05957
2022-04-17 23:16:53,Laptop,Central,295.8776260494457,4,42,CUST05958
2022-06-11 04:10:13,Smartphone,Central,609.8733562109168,5,45,CUST05959
2022-05-05 13:19:16,Headphones,Norti,695.3413786617151,2,41,CUST05960
2022-07-29 09:50:39,Smartwatch,Central,761.6576927263986,9,22,CUST05961
2022-02-09 17:42:52,Smartphone,Central,376.83799854285775,6,44,CUST05962
2023-02-02 06:45:24,Tablet,North,241.38804520625717,8,27,CUST05963
2022-09-20 02:12:00,Smartwatch,West,556.4466244600031,1,29,CUST05964
2023-11-16 14:16:41,Smartwatch,South,326.65608162267563,6,35,CUST05965
2022-09-08 02:35:07,Headphones,Easu,,6,55,CUST05966
2023-02-01 03:50:44,Smartwatch,Central,169.1982744979009,8,25,CUST05967
2023-09-09 11:43:45,Headphones,Central,663.0814192657095,1,67,CUST05968
2022-11-29 14:12:22,Smartphone,Central,522.992052081591,5,55,CUST05969
2022-04-01 06:01:38,Tablet,Norti,211.79922775546697,3,72,CUST05970
2022-03-22 19:30:52,Tablet,North,545.6123969049055,6,47,CUST05971
2023-11-27 08:26:22,Smartwatch,North,514.2442233729683,9,26,CUST05972
2023-10-22 02:58:27,Smartwatch,East,578.4339814143585,3,65,CUST05973
2023-03-09 12:57:54,Smartphone,South,620.3020404094957,9,60,CUST05974
2022-02-22 12:52:50,Headphones,Central,137.55318354896806,9,42,CUST05975
2023-03-22 21:04:03,Tablet,West,429.3188662657711,1,47,CUST05976
2023-01-30 13:44:36,Headphones,Central,486.64549624504946,2,19,CUST05977
2023-01-31 21:54:08,Smartphone,Central,455.6941286693258,4,34,CUST05978
2023-10-05 20:19:15,Tablet,Central,447.34572437280656,7,62,CUST05979
2022-05-14 12:35:23,Tablet,Central,658.1675340728739,2,24,CUST05980
2022-10-16 15:26:18,Laptop,South,240.31023980490352,7,39,CUST05981
2022-11-20 08:59:21,Smartphone,West,456.2774430857418,5,27,CUST05982
2022-08-02 22:39:18,Smartphone,North,468.1615367489584,7,43,CUST05983
2022-08-31 16:45:12,Laptop,West,483.5863904304101,9,30,CUST05984
2023-10-15 23:49:40,Headphones,Central,353.4029017285593,9,59,CUST05985
2023-02-10 10:17:32,Laptop,West,821.2619581925801,3,45,CUST05986
2023-05-15 01:11:26,Smartphone,Central,646.7882920087711,3,53,CUST05987
2023-12-04 16:40:25,Headphones,West,831.7303114915384,7,76,CUST05988
2022-01-22 09:43:15,Tablet,East,596.0406850197514,5,28,CUST05989
2023-10-22 04:45:11,Laptop,West,,5,26,CUST05990
2023-02-04 19:29:28,Headphones,North,499.34270849701807,5,33,CUST05991
2023-06-27 21:03:50,Headphones,North,734.4624687012039,-9,34,CUST05992
2023-10-06 00:11:25,Headphones,West,584.8291987721811,4,72,CUST05993
2023-01-10 17:42:55,Laptop,West,471.4026730528705,6,22,CUST05994
2023-09-11 20:42:30,Tablet,South,776.9857475441595,6,22,CUST05995
2022-09-11 21:45:40,Headphones,West,304.5773578620217,7,55,CUST05996
2023-12-10 00:00:35,Laptop,North,390.18244916622854,2,48,CUST05997
2022-12-25 17:44:13,Smartphone,Easu,921.5926886369356,6,19,CUST05998
2023-06-15 15:42:33,Laptop,Norti,600.6055188257908,9,44,CUST05999
2023-12-05 03:51:12,Laptop,South,105.02854339669463,3,63,CUST06000
2022-10-08 01:48:25,Laptop,West,652.8398026675399,2,60,CUST06001
2022-10-19 23:39:37,Headphones,East,346.5344590377325,8,36,CUST06002
2022-06-29 23:47:50,Laptop,North,,1,60,CUST06003
2023-10-10 21:40:31,Smartphone,East,882.6410052790898,8,42,CUST06004
2022-03-07 14:08:32,Headphones,Central,748.3274337000004,5,69,CUST06005
2022-10-31 16:16:48,Smartphone,North,799.7167303753041,9,55,CUST06006
2023-03-15 08:14:12,Smartwatch,Central,408.905168783719,9,30,CUST06007
2023-10-05 22:12:12,Laptop,East,456.33401336076867,4,46,CUST06008
2022-04-15 16:15:04,Headphones,Wesu,532.7998433887835,1,36,CUST06009
2022-11-19 22:15:14,Headphones,West,630.25958445313,5,52,CUST06010
2022-02-07 02:20:28,Laptop,West,448.7024022173935,7,42,CUST06011
2022-06-05 17:10:58,Tablet,Central,781.7559805203665,9,65,CUST06012
2022-09-13 12:20:54,Tablet,West,573.6778590177283,9,26,CUST06013
2022-11-13 07:26:13,Smartphone,South,723.6396673988077,9,78,CUST06014
2023-10-24 23:43:36,Laptop,North,383.00155144817586,6,52,CUST06015
2023-10-20 22:43:16,Laptop,North,437.1682141559257,2,68,CUST06016
2022-09-09 19:42:33,Smartwatch,East,536.851126528246,5,32,CUST06017
2023-04-12 02:39:18,Tablet,Central,431.1325923786771,3,39,CUST06018
2023-05-02 08:01:20,Tablet,North,657.1586598530312,6,30,CUST06019
2022-02-21 06:31:39,Laptop,Central,660.1471567574977,5,66,CUST06020
2023-03-10 09:33:03,Smartphone,East,464.14053806188434,1,47,CUST06021
2023-11-26 23:48:18,Laptop,West,598.6956771199863,2,38,CUST06022
2023-02-15 21:48:13,Smartphone,East,806.2781130294649,5,42,CUST06023
2022-03-27 00:50:00,Tablet,South,656.6896171067704,6,42,CUST06024
2023-10-21 17:06:06,Smartwatch,West,597.8002183779123,1,57,CUST06025
2022-02-28 05:57:41,Headphones,West,694.2975142407404,7,39,CUST06026
2022-07-24 13:52:28,Tablet,West,752.1230250941258,3,63,CUST06027
2022-10-29 10:54:38,Smartphone,East,727.6871429334518,1,58,CUST06028
2022-03-30 00:11:16,Laptop,South,489.2032094423917,7,20,CUST06029
2022-08-29 18:39:18,Tablet,Central,635.342749980789,7,78,CUST06030
2023-01-02 18:35:56,Smartwatch,East,455.29093089287,3,26,CUST06031
2022-06-08 00:58:07,Smartphone,North,491.8333863577963,6,41,CUST06032
2022-11-17 14:39:41,Laptop,Norti,571.8862429781886,4,61,CUST06033
2023-05-03 08:10:27,Headphones,East,,4,64,CUST06034
2023-06-24 06:21:34,Smartphone,Centram,555.296471067462,9,49,CUST06035
2022-09-06 14:57:51,Laptop,North,396.28379369128163,7,34,CUST06036
2023-02-11 10:42:30,Headphones,Central,322.0834583407794,6,58,CUST06037
2023-01-20 10:32:12,Laptop,West,619.2371092563868,9,41,CUST06038
2023-03-26 02:33:52,Headphones,East,460.88207189414095,3,25,CUST06039
2022-11-07 17:55:02,Headphones,West,,4,23,CUST06040
2022-04-10 00:42:15,Headphones,North,464.54377641857377,-9,26,CUST06041
2022-06-28 19:51:48,Laptop,Central,407.503384432099,4,32,CUST06042
2022-02-01 18:26:44,Headphones,West,517.6355657721424,7,41,CUST06043
2023-11-10 14:19:49,Smartphone,North,295.6627629206401,9,67,CUST06044
2023-02-11 17:44:11,Smartwatch,South,485.5641443916884,4,71,CUST06045
2022-09-12 03:48:37,Smartwatch,West,797.1099797427714,9,77,CUST06046
2023-05-19 01:10:13,Headphones,South,320.07851621151656,7,28,CUST06047
2022-09-27 21:26:56,Smartwatch,South,713.9237451074292,4,48,CUST06048
2022-03-15 13:39:41,Smartwatch,North,813.0196706652871,3,73,CUST06049
2022-06-24 04:23:44,Headphones,East,382.17377198125786,6,63,CUST06050
2023-01-31 05:49:49,Headphones,Central,549.1413437512853,3,62,CUST06051
2023-04-18 03:45:46,Smartphone,North,305.0405944826809,7,62,CUST06052
2023-11-11 05:37:35,Tablet,West,282.5944350716137,1,71,CUST06053
2022-01-12 11:02:01,Laptop,Central,525.0755019402459,7,30,CUST06054
2022-11-28 04:39:14,Headphones,East,561.3770245713232,3,47,CUST06055
2022-12-23 00:24:45,Headphones,North,414.96273957167574,9,76,CUST06056
2023-08-26 12:11:37,Smartwatch,East,330.3509240511101,6,42,CUST06057
2023-06-08 00:25:45,Smartphone,West,382.41089136756995,7,65,CUST06058
2023-04-25 04:05:02,Smartwatch,Norti,633.6639933997066,9,29,CUST06059
2023-07-31 09:57:15,Headphones,West,634.6886378999267,6,38,CUST06060
2022-07-19 18:37:38,Headphones,Central,596.3763591833836,2,41,CUST06061
2022-06-29 12:27:15,Smartwatch,Central,442.15937063126273,6,43,CUST06062
2023-03-26 09:10:57,Headphones,East,338.66574541081974,6,67,CUST06063
2022-06-28 22:27:20,Tablet,East,696.9140988509063,2,29,CUST06064
2023-03-12 22:12:57,Laptop,Central,746.1751864208659,7,54,CUST06065
2023-11-28 01:51:23,Laptop,South,421.2638453890467,9,66,CUST06066
2023-12-04 06:45:30,Laptop,Central,476.16490729971855,4,38,CUST06067
2023-06-30 16:26:53,Tablet,North,279.9423665359091,5,40,CUST06068
2023-06-15 23:00:54,Headphones,West,580.090609708859,-6,18,CUST06069
2023-06-24 17:05:58,Smartwatch,Centram,811.3679331862993,1,62,CUST06070
2023-04-11 00:19:58,Smartphone,Central,641.5446226725347,8,27,CUST06071
2022-01-21 06:36:37,Headphones,West,831.7997299301204,9,52,CUST06072
2022-04-09 05:13:34,Tablet,West,441.44238508845626,1,55,CUST06073
2023-01-11 06:06:45,Tablet,North,303.8577739717966,4,65,CUST06074
2022-02-09 23:06:54,Laptop,West,725.6462004053565,6,45,CUST06075
2022-12-01 22:30:51,Headphones,Easu,525.7706736074006,1,18,CUST06076
2023-04-13 21:11:51,Laptop,Central,366.0414042975639,3,68,CUST06077
2022-12-11 06:25:11,Smartphone,West,780.848126107958,7,25,CUST06078
2022-04-04 00:59:22,Laptop,North,409.0896231355405,8,58,CUST06079
2023-05-13 06:34:36,Smartphone,West,332.0315186996829,8,40,CUST06080
2023-02-26 19:59:04,Tablet,Central,590.2415723881339,5,37,CUST06081
2023-04-19 11:53:18,Laptop,Souti,304.7377817132886,1,49,CUST06082
2022-07-12 03:12:32,Laptop,West,653.352603349465,1,40,CUST06083
2022-12-18 10:02:37,Smartwatch,East,327.1531532117296,8,24,CUST06084
2023-08-25 04:00:32,Tablet,Central,537.7235051994176,5,28,CUST06085
2023-04-25 22:52:02,Smartwatch,North,547.5019489684975,9,72,CUST06086
2022-12-20 02:47:30,Smartphone,Central,,1,25,CUST06087
2023-03-20 21:40:25,Smartphone,South,306.8459279201884,2,60,CUST06088
2022-10-07 02:38:31,Tablet,North,470.8202878707177,4,31,CUST06089
2023-12-30 01:28:14,Smartphone,South,706.0382164006135,7,31,CUST06090
2022-06-28 16:33:45,Tablet,South,469.69749220374507,4,53,CUST06091
2022-01-27 22:47:56,Smartphone,East,327.36794850858047,8,69,CUST06092
2022-01-06 14:31:13,Headphones,West,433.23933512968097,7,58,CUST06093
2022-10-11 18:01:22,Laptop,East,311.25552074841954,5,57,CUST06094
2023-07-09 08:48:53,Headphones,East,172.7401654548287,7,64,CUST06095
2023-10-04 17:29:36,Tablet,East,473.53386239705367,8,44,CUST06096
2022-11-16 02:04:17,Tablet,North,515.0015749012707,3,37,CUST06097
2022-11-20 22:27:40,Headphones,West,604.8327402176927,3,55,CUST06098
2022-03-04 08:09:19,Laptop,Wesu,,2,42,CUST06099
2023-01-14 12:05:02,Laptop,North,592.1971123564548,4,65,CUST06100
2022-10-27 05:42:36,Smartwatch,East,493.8394205024488,4,65,CUST06101
2023-03-30 17:15:27,Smartphone,East,819.1248915653853,4,46,CUST06102
2023-08-14 22:48:16,Smartwatch,Souti,373.77486926910336,2,31,CUST06103
2023-07-18 03:43:48,Laptop,South,452.4333078873424,7,45,CUST06104
2023-01-25 04:14:55,Headphones,Central,748.7954116424872,3,47,CUST06105
2023-07-14 08:26:36,Smartphone,South,441.51332103800195,1,32,CUST06106
2023-03-28 10:44:44,Headphones,West,483.46740841165933,2,71,CUST06107
2022-03-21 07:35:02,Smartwatch,North,560.627696287717,5,76,CUST06108
2022-04-21 04:56:31,Tablet,East,675.1191784567055,9,38,CUST06109
2023-08-04 21:25:43,Headphones,Central,521.300465785474,4,29,CUST06110
2022-08-16 08:34:33,Smartwatch,South,367.4383987309502,6,72,CUST06111
2023-09-03 16:17:20,Smartwatch,Central,438.4884742076134,3,67,CUST06112
2022-06-05 10:47:34,Smartwatch,North,581.0009157353201,9,73,CUST06113
2022-09-02 02:46:36,Tablet,North,455.7334983389818,2,28,CUST06114
2022-03-03 08:39:32,Tablet,Central,429.90485346770976,8,56,CUST06115
2022-09-09 00:37:04,Tablet,Central,360.2000333704878,3,23,CUST06116
2022-12-16 02:26:10,Smartphone,Central,679.0223472894445,8,20,CUST06117
2022-03-01 05:22:14,Tablet,Easu,481.76337233715174,3,58,CUST06118
2023-01-01 22:52:41,Tablet,West,482.71443670990527,4,32,CUST06119
2023-01-23 23:48:00,Tablet,South,601.983451205912,8,51,CUST06120
2023-11-25 01:29:10,Headphones,South,295.6459949171775,4,21,CUST06121
2023-10-10 07:26:44,Tablet,South,506.29806878016274,9,51,CUST06122
2023-06-25 01:37:04,Smartphone,Central,725.7982589029227,9,55,CUST06123
2022-05-05 05:28:16,Smartwatch,Central,490.42497669105575,6,61,CUST06124
2022-04-08 12:17:01,Headphones,Central,532.9273424244028,1,56,CUST06125
2024-07-26 01:42:40,Laptop,East,529.5756265976698,9,58,CUST06126
2023-11-06 00:24:10,Tablet,East,659.2016557629247,9,23,CUST06127
2022-11-22 09:34:16,Smartwatch,East,530.1837396531441,7,39,CUST06128
2022-03-10 04:11:38,Smartwatch,East,870.2877340494003,9,54,CUST06129
2022-10-01 15:45:00,Headphones,North,534.6914503642314,8,75,CUST06130
2022-04-03 21:52:02,Laptop,East,434.6370831158756,9,49,CUST06131
2023-11-18 03:58:06,Smartphone,East,726.792024630423,9,76,CUST06132
2023-06-12 21:52:28,Smartwatch,Easu,468.3970793444426,7,45,CUST06133
2022-06-20 07:55:32,Smartwatch,South,410.0597826669984,6,43,CUST06134
2022-06-06 14:38:34,Smartwatch,South,321.73591865617817,2,21,CUST06135
2022-02-26 06:05:19,Smartwatch,South,571.8138658887216,7,27,CUST06136
2023-07-27 11:27:21,Headphones,West,431.3809521151686,1,44,CUST06137
2022-06-12 16:06:19,Laptop,North,383.39684380385535,6,37,CUST06138
2022-11-23 06:30:39,Smartwatch,Centram,415.1280317573808,6,53,CUST06139
2023-05-12 01:08:40,Smartphone,East,445.5019311041576,7,22,CUST06140
2023-09-17 16:26:29,Smartphone,South,624.907208289549,2,34,CUST06141
2022-08-22 07:45:31,Tablet,North,572.5303810903501,4,67,CUST06142
2023-05-01 22:31:36,Smartwatch,East,478.31896693274115,2,49,CUST06143
2022-08-08 01:16:39,Smartwatch,West,584.1258797132299,4,52,CUST06144
2022-05-12 03:36:23,Smartwatch,Central,,3,40,CUST06145
2023-02-02 07:39:44,Smartwatch,East,530.984991875742,2,30,CUST06146
2023-08-17 01:20:28,Smartwatch,Central,399.9589648694763,2,78,CUST06147
2023-03-18 20:13:44,Smartphone,East,401.34440210481034,3,18,CUST06148
2022-01-16 11:36:08,Laptop,West,522.7021351269608,4,48,CUST06149
2022-02-05 18:35:30,Laptop,North,523.0385384517134,7,36,CUST06150
2022-04-29 15:06:19,Tablet,Central,651.6771240181861,4,40,CUST06151
2022-10-01 13:48:34,Smartphone,Central,,7,71,CUST06152
2022-07-31 16:55:17,Smartwatch,North,426.20799823702976,4,51,CUST06153
2023-05-28 10:09:44,Laptop,Central,307.9890638979712,3,21,CUST06154
2022-01-17 06:35:50,Headphones,South,632.3886239118838,8,65,CUST06155
2023-11-17 17:01:01,Headphones,North,549.7506651287894,3,65,CUST06156
2023-06-10 00:43:08,Headphones,West,645.3834198789239,8,66,CUST06157
2023-07-30 00:12:02,Smartwatch,East,568.8144193961261,2,77,CUST06158
2023-02-07 14:11:30,Smartwatch,East,770.7443784622033,3,70,CUST06159
2023-07-12 22:46:25,Tablet,North,467.5430242732649,4,61,CUST06160
2023-11-25 03:25:28,Tablet,South,506.2112401209965,3,51,CUST06161
2023-01-11 19:17:00,Tablet,West,618.5706097752386,6,47,CUST06162
2023-10-18 10:01:38,Headphones,East,629.4523704856804,9,73,CUST06163
2023-10-27 12:16:10,Smartwatch,East,549.0643933088899,8,27,CUST06164
2023-10-19 03:53:24,Headphones,South,261.33585498217707,4,23,CUST06165
2022-06-23 10:49:17,Tablet,Central,234.80515912819735,2,29,CUST06166
2023-09-30 14:07:25,Smartwatch,North,442.10759601550825,1,29,CUST06167
2022-12-22 09:22:00,Smartphone,South,503.2722575834005,4,66,CUST06168
2022-11-28 04:51:51,Laptop,South,219.80224674192627,5,79,CUST06169
2023-07-09 05:18:42,Laptop,South,495.52861816003576,2,35,CUST06170
2022-01-18 06:52:31,Tablet,South,597.6780678354086,3,53,CUST06171
2022-08-29 04:02:09,Headphones,Central,,4,52,CUST06172
2022-08-11 09:14:07,Smartphone,West,544.2689829297937,3,42,CUST06173
2023-06-18 15:51:35,Smartwatch,South,588.1726346686563,-8,66,CUST06174
2022-04-27 20:12:05,Headphones,South,259.80978102716523,2,72,CUST06175
2023-06-07 11:01:25,Tablet,North,597.8872731333896,9,58,CUST06176
2023-12-18 01:45:47,Headphones,East,389.96993830296964,6,74,CUST06177
2023-05-05 13:28:14,Tablet,Central,,1,39,CUST06178
2023-06-07 12:04:08,Laptop,South,400.8362225756222,8,47,CUST06179
2023-03-09 19:17:59,Laptop,West,661.0829624222105,6,61,CUST06180
2022-07-27 16:24:46,Headphones,West,324.1370655992137,4,46,CUST06181
2022-07-22 01:24:43,Smartphone,West,,6,24,CUST06182
2023-12-14 14:32:19,Smartwatch,North,858.7741579463022,2,65,CUST06183
2023-01-18 10:06:48,Tablet,West,267.3319889186605,1,57,CUST06184
2023-10-07 02:42:56,Smartwatch,North,412.09199532560046,6,20,CUST06185
2023-07-31 21:48:28,Laptop,Central,591.86715878249,8,38,CUST06186
2023-10-08 04:02:25,Smartphone,West,350.9825236950938,5,62,CUST06187
2022-01-24 07:26:57,Smartphone,East,459.2187752135819,8,37,CUST06188
2023-10-27 12:53:32,Smartwatch,South,526.3815892878702,3,26,CUST06189
2022-12-11 23:11:40,Laptop,Central,393.0768477733649,6,58,CUST06190
2022-08-29 17:37:57,Smartwatch,East,512.2974708105785,1,53,CUST06191
2023-07-31 12:02:22,Headphones,Central,642.3104411641598,3,77,CUST06192
2023-09-29 05:07:31,Smartphone,West,488.25273345557486,4,31,CUST06193
2023-09-29 15:46:07,Smartphone,Central,344.20183797078823,5,35,CUST06194
2022-09-08 20:02:36,Headphones,Central,674.7329942808565,3,50,CUST06195
2023-08-29 16:25:30,Laptop,Central,708.3552013322299,-8,68,CUST06196
2023-07-31 00:29:29,Smartphone,North,555.2869548180348,5,19,CUST06197
2023-03-07 14:21:16,Tablet,East,352.7311474590695,7,54,CUST06198
2023-03-18 18:28:18,Tablet,Wesu,368.34091044698016,5,48,CUST06199
2022-03-09 16:07:46,Laptop,South,144.73483464319528,8,39,CUST06200
2023-01-09 00:02:10,Headphones,West,411.1808787137971,1,63,CUST06201
2022-12-03 13:33:41,Smartwatch,West,659.8369166728351,3,26,CUST06202
2023-06-06 04:47:09,Laptop,North,397.40475238309193,3,37,CUST06203
2023-10-17 02:26:07,Smartwatch,North,356.61010686423344,3,37,CUST06204
2023-12-30 16:47:35,Laptop,Central,653.432662485348,6,64,CUST06205
2022-11-05 21:12:26,Tablet,West,672.6919532941255,9,69,CUST06206
2022-06-24 10:43:02,Headphones,East,419.5803253990517,6,18,CUST06207
2023-05-23 00:07:25,Tablet,North,576.4173451116051,5,47,CUST06208
2023-07-07 10:56:58,Headphones,North,369.83719029688564,1,36,CUST06209
2023-05-18 10:02:35,Smartwatch,East,448.60517854847154,2,53,CUST06210
2022-07-18 05:34:43,Laptop,North,226.9834538281013,1,31,CUST06211
2023-12-01 09:18:02,Smartphone,East,554.0153219109159,6,18,CUST06212
2022-01-24 20:03:05,Smartphone,South,48456.29705355122,3,22,CUST06213
2022-11-04 22:51:10,Headphones,East,399.21090131126704,5,27,CUST06214
2022-10-08 09:33:30,Headphones,South,486.19549496159857,6,26,CUST06215
2023-01-04 12:32:31,Tablet,Central,467.7423563881034,5,66,CUST06216
2023-02-20 18:15:54,Smartphone,Central,375.9130911811904,3,31,CUST06217
2022-07-30 02:27:41,Tablet,North,559.7826155700427,2,77,CUST06218
2023-12-24 21:45:14,Smartwatch,East,455.3076225700306,2,56,CUST06219
2022-06-11 04:41:37,Smartphone,North,479.85795996336105,2,35,CUST06220
2022-09-28 03:21:33,Smartwatch,East,280.9007951660068,4,59,CUST06221
2023-12-07 21:51:59,Laptop,North,481.15736308608615,4,77,CUST06222
2023-11-21 06:58:16,Tablet,Central,473.10050496759953,3,76,CUST06223
2022-09-22 03:13:31,Headphones,Central,376.15788795478915,8,42,CUST06224
2022-12-14 09:49:18,Smartphone,North,579.731561675644,4,53,CUST06225
2023-01-14 18:35:39,Tablet,East,183.82872175513103,8,48,CUST06226
2022-03-22 14:38:25,Headphones,Wesu,427.67024342912293,3,63,CUST06227
2022-12-24 03:32:12,Laptop,East,546.4931641020164,2,52,CUST06228
2023-05-09 13:15:35,Smartphone,North,814.7763679369783,8,77,CUST06229
2022-03-18 18:15:42,Smartwatch,East,295.1490597502182,6,78,CUST06230
2022-03-30 14:48:15,Laptop,South,513.2941194152601,2,44,CUST06231
2022-07-17 00:26:00,Headphones,East,582.185418950022,7,72,CUST06232
2022-05-24 16:00:35,Smartphone,Central,509.5021891467668,7,39,CUST06233
2022-02-14 05:52:07,Smartphone,Central,315.14846115038426,4,28,CUST06234
2022-07-28 13:59:36,Laptop,South,427.4491100219577,8,27,CUST06235
2022-10-05 19:26:49,Smartphone,East,133.752711876416,3,25,CUST06236
2022-02-27 12:46:49,Headphones,West,500.57989022481496,9,58,CUST06237
2022-02-05 07:01:56,Laptop,East,287.616089440034,5,45,CUST06238
2022-09-28 19:56:31,Smartwatch,Central,568.3491411441171,3,40,CUST06239
2022-03-28 20:14:36,Laptop,Central,401.98664318776474,9,23,CUST06240
2022-11-17 18:43:09,Laptop,North,387.87277647498627,2,31,CUST06241
2022-11-01 13:52:38,Smartwatch,Central,524.9825386405112,2,77,CUST06242
2022-10-06 07:10:23,Headphones,North,539.0384845435477,3,41,CUST06243
2022-04-29 11:06:33,Tablet,Central,630.6926452828337,9,26,CUST06244
2023-02-27 15:08:35,Tablet,Central,460.7957124810328,3,63,CUST06245
2023-12-29 04:11:14,Smartwatch,West,484.1327802682781,5,57,CUST06246
2022-07-24 16:07:46,Headphones,North,292.0513878832388,9,55,CUST06247
2023-07-06 17:22:07,Smartphone,North,717.2599134877794,6,73,CUST06248
2023-05-18 14:43:55,Smartwatch,Centram,,6,42,CUST06249
2023-01-27 15:02:52,Tablet,North,608.7252048004319,1,55,CUST06250
2023-08-01 15:24:42,Headphones,Central,609.8280938695734,2,47,CUST06251
2023-11-09 14:25:10,Laptop,Central,559.9853982091964,9,39,CUST06252
2022-11-06 21:23:39,Headphones,East,464.391443911027,8,19,CUST06253
2023-01-07 14:15:36,Headphones,North,445.5896347716607,2,42,CUST06254
2022-06-09 16:51:10,Tablet,South,490.38855239899766,5,41,CUST06255
2022-01-07 11:16:21,Tablet,North,214.4167202222023,5,54,CUST06256
2022-05-01 17:45:29,Smartphone,North,496.08514455480116,6,75,CUST06257
2022-04-09 08:25:52,Smartphone,West,722.862640949456,4,20,CUST06258
2023-02-14 03:59:11,Smartwatch,South,466.1222766691646,9,74,CUST06259
2023-03-10 05:47:02,Laptop,South,495.0889749845675,5,60,CUST06260
2023-08-03 17:01:18,Smartphone,West,346.3823690344064,4,43,CUST06261
2022-06-19 06:41:06,Tablet,West,527.8530963263411,9,47,CUST06262
2023-07-16 03:14:28,Headphones,North,383.3046254570505,2,46,CUST06263
2023-11-03 11:21:35,Smartwatch,East,627.4784752606736,2,24,CUST06264
2023-03-08 08:52:41,Smartphone,West,671.1992394345336,3,78,CUST06265
2023-12-04 07:15:47,Headphones,South,703.9394938225481,4,26,CUST06266
2023-03-16 04:30:33,Headphones,South,283.46857437536687,9,62,CUST06267
2022-02-03 21:21:40,Smartphone,North,608.4065748478087,5,47,CUST06268
2023-06-01 19:24:36,Laptop,East,597.0484917330949,2,33,CUST06269
2023-01-03 10:11:33,Laptop,Central,437.7394087568385,3,72,CUST06270
2023-02-15 23:16:13,Smartwatch,West,,8,61,CUST06271
2022-01-12 06:28:57,Laptop,West,562.1668175498279,6,57,CUST06272
2023-05-14 13:40:27,Smartwatch,North,705.967376279973,5,31,CUST06273
2022-09-15 01:30:17,Tablet,East,309.85697154461866,4,43,CUST06274
2023-03-10 12:49:00,Smartphone,South,392.891701503908,4,63,CUST06275
2023-10-22 18:14:36,Headphones,South,514.0585319490107,8,54,CUST06276
2023-04-25 20:05:30,Smartwatch,Central,675.8885799645972,6,75,CUST06277
2022-09-22 08:15:49,Laptop,South,568.2199183510705,5,27,CUST06278
2023-07-12 08:25:51,Smartwatch,West,357.74930277387483,5,47,CUST06279
2023-05-31 23:44:39,Smartwatch,Central,766.4513467813623,6,39,CUST06280
2022-03-07 22:56:58,Laptop,East,455.7939232829523,3,77,CUST06281
2023-11-02 23:28:56,Laptop,Central,362.5498240611448,7,73,CUST06282
2022-12-21 05:12:07,Smartphone,East,383.7353909306926,1,47,CUST06283
2022-10-27 07:42:36,Headphones,South,300.1639181832767,5,49,CUST06284
2023-08-09 23:11:54,Smartphone,North,,6,31,CUST06285
2022-04-17 07:34:25,Smartphone,Central,482.51098668414085,2,40,CUST06286
2022-05-28 22:19:09,Laptop,Central,266.80947684567195,2,34,CUST06287
2023-04-06 13:08:45,Laptop,West,547.0501546397124,9,75,CUST06288
2022-03-20 23:10:03,Headphones,West,647.6423975364813,2,53,CUST06289
2022-10-06 02:23:05,Smartwatch,East,556.4930070269544,3,46,CUST06290
2022-12-17 22:28:59,Smartphone,North,506.59815374509213,1,41,CUST06291
2023-07-20 14:56:10,Headphones,West,268.8716316576245,9,64,CUST06292
2022-01-21 21:31:58,Smartphone,West,626.9074022700773,1,28,CUST06293
2023-07-04 10:05:03,Smartwatch,South,791.9845880764492,4,58,CUST06294
2023-12-21 09:22:24,Smartphone,South,711.2403612162009,7,32,CUST06295
2022-11-22 06:12:41,Tablet,West,300.419706102325,2,39,CUST06296
2023-03-07 07:10:57,Headphones,East,488.3048912049803,8,44,CUST06297
2023-03-07 00:32:49,Laptop,North,457.5904977809147,8,69,CUST06298
2023-01-23 16:17:15,Smartphone,West,440.2945091396688,3,51,CUST06299
2022-11-13 02:48:18,Headphones,East,504.0617057373857,4,77,CUST06300
2023-04-09 20:15:21,Headphones,East,824.7623326151908,7,74,CUST06301
2023-10-22 23:13:26,Smartphone,West,,5,50,CUST06302
2022-06-12 02:14:41,Laptop,East,433.34852880195666,5,38,CUST06303
2022-09-25 02:02:37,Laptop,Central,544.6855049485903,2,41,CUST06304
2023-04-03 22:10:56,Smartphone,East,303.00393820719916,6,37,CUST06305
2022-11-11 05:17:51,Headphones,West,392.58861470116744,4,66,CUST06306
2022-05-03 16:01:01,Laptop,East,647.9348110289499,5,21,CUST06307
2022-08-30 12:55:01,Smartphone,Wesu,528.2516489548813,5,54,CUST06308
2022-04-10 11:46:00,Smartphone,South,815.2595131488027,2,54,CUST06309
2023-12-01 00:35:58,Smartphone,West,540.1520668758969,8,77,CUST06310
2023-08-08 16:16:02,Headphones,East,313.12631553141375,1,63,CUST06311
2022-03-19 23:15:49,Laptop,West,262.2410847598941,2,50,CUST06312
2023-11-20 21:01:54,Headphones,North,650.2468129490536,7,48,CUST06313
2023-07-20 10:03:09,Tablet,West,343.7709998780085,7,51,CUST06314
2022-11-09 18:30:20,Laptop,West,330.33147698592535,2,39,CUST06315
2023-08-21 02:37:52,Headphones,North,422.7523213452442,1,59,CUST06316
2023-10-14 04:13:17,Laptop,North,649.4387107671101,1,47,CUST06317
2022-07-13 05:12:12,Tablet,North,444.84140891431025,1,22,CUST06318
2023-10-29 23:57:19,Smartwatch,Central,373.75826331680526,6,58,CUST06319
2022-06-20 08:04:43,Smartphone,West,681.8910579937233,7,62,CUST06320
2023-05-12 14:11:32,Headphones,North,656.2924840761793,2,40,CUST06321
2022-12-21 23:30:01,Tablet,North,750.0599222536208,6,78,CUST06322
2023-09-30 21:49:33,Tablet,South,702.6995820661481,4,70,CUST06323
2023-12-02 02:57:30,Laptop,Central,658.8374053842925,9,30,CUST06324
2022-03-19 05:06:43,Laptop,West,387.3137418848442,8,77,CUST06325
2023-07-15 02:31:34,Smartphone,East,598.854293973887,8,77,CUST06326
2023-12-29 12:16:21,Laptop,Central,682.195291109548,2,26,CUST06327
2022-02-01 19:53:45,Headphones,Central,778.369736386198,5,31,CUST06328
2022-10-12 06:57:42,Headphones,South,525.6686937594691,2,34,CUST06329
2023-07-10 00:56:20,Headphones,West,,3,52,CUST06330
2022-05-02 06:42:22,Smartwatch,West,367.3802506893734,8,35,CUST06331
2023-03-31 17:54:22,Headphones,North,646.9145528524733,5,29,CUST06332
2023-09-09 10:03:47,Laptop,North,399.9903881709709,4,72,CUST06333
2023-02-22 11:07:11,Laptop,Central,516.0865022594068,5,58,CUST06334
2023-06-24 10:08:22,Headphones,South,367.96015407844516,8,33,CUST06335
2023-12-25 13:34:46,Tablet,West,476.1617512065971,7,47,CUST06336
2022-01-12 01:20:05,Tablet,South,565.8478654945425,6,30,CUST06337
2022-09-29 08:03:35,Tablet,East,540.3875859960949,2,77,CUST06338
2023-05-26 00:35:31,Smartphone,West,610.692336162767,5,35,CUST06339
2023-02-04 13:11:21,Smartwatch,North,293.886125436262,9,29,CUST06340
2023-07-24 02:58:44,Headphones,Central,482.5184891060479,9,71,CUST06341
2023-11-01 06:40:19,Smartphone,Souti,429.46993288876143,9,51,CUST06342
2023-03-23 00:16:11,Tablet,North,352.64720317258667,3,68,CUST06343
2023-05-12 06:18:08,Headphones,Centram,387.5729342359852,9,50,CUST06344
2023-06-05 12:39:55,Smartphone,North,365.8877225126283,9,23,CUST06345
2023-12-03 04:58:47,Laptop,West,,5,35,CUST06346
2023-06-25 02:36:20,Tablet,South,560.0208349569814,6,20,CUST06347
2023-04-22 01:09:18,Smartphone,East,631.3436329680743,7,71,CUST06348
2023-11-28 03:50:45,Laptop,North,549.209430610397,6,23,CUST06349
2022-05-01 14:48:37,Tablet,Souti,523.8205896955326,5,53,CUST06350
2023-03-23 22:38:52,Smartwatch,West,511.83367066447136,1,66,CUST06351
2022-07-28 01:49:08,Tablet,North,601.3486806629935,4,72,CUST06352
2023-11-01 07:18:55,Smartwatch,West,183.97164084516797,8,67,CUST06353
2023-03-25 11:16:50,Smartwatch,East,491.1303424460632,8,39,CUST06354
2023-08-11 22:01:50,Smartwatch,East,547.5803355733769,6,24,CUST06355
2023-06-05 01:51:00,Headphones,Central,768.444604495958,3,47,CUST06356
2022-09-08 12:48:59,Headphones,Central,333.2636876582439,8,19,CUST06357
2023-01-20 05:26:15,Smartwatch,Central,327.97104920594234,7,49,CUST06358
2023-12-16 08:32:45,Laptop,Wesu,159.35520813085466,9,32,CUST06359
2023-06-11 19:10:41,Smartwatch,Centram,291.38290948501,3,39,CUST06360
2022-05-06 09:19:43,Smartphone,South,477.3043146164459,6,66,CUST06361
2023-06-08 07:36:37,Smartwatch,West,391.39503485213197,1,55,CUST06362
2022-12-20 10:28:40,Headphones,West,388.192762375871,8,25,CUST06363
2022-12-29 14:18:31,Headphones,Central,503.43934581538485,2,25,CUST06364
2023-11-06 07:51:09,Smartphone,Central,587.3459072754297,5,56,CUST06365
2023-10-15 02:36:42,Smartphone,West,501.87575230154437,6,53,CUST06366
2023-12-07 22:30:15,Tablet,East,504.00476135537855,4,37,CUST06367
2023-09-28 19:47:51,Laptop,East,560.5413818943616,9,54,CUST06368
2022-04-03 03:46:06,Laptop,Central,225.09363723753336,3,25,CUST06369
2023-05-29 19:12:28,Laptop,East,519.3491880852041,2,31,CUST06370
2023-12-25 00:22:30,Headphones,South,488.76010705651856,3,37,CUST06371
2023-08-09 17:16:23,Laptop,South,498.9349816676397,5,74,CUST06372
2023-06-08 01:07:24,Tablet,South,412.39104043482644,1,52,CUST06373
2023-10-05 00:59:17,Tablet,West,469.1790848550627,4,42,CUST06374
2022-01-29 16:53:37,Laptop,West,560.3969627714947,1,35,CUST06375
2022-02-25 17:48:49,Smartphone,West,741.3571678253795,-9,71,CUST06376
2023-11-09 12:54:31,Tablet,West,246.2943765769581,3,64,CUST06377
2023-12-29 10:43:22,Smartphone,West,585.7675835373384,2,38,CUST06378
2022-01-11 14:51:12,Headphones,Central,682.6795272503333,5,54,CUST06379
2023-12-08 00:07:17,Tablet,East,309.4160739592486,1,64,CUST06380
2022-07-04 13:37:00,Smartphone,Central,473.0881175010608,7,76,CUST06381
2022-08-25 10:01:35,Laptop,East,541.3663280898184,9,48,CUST06382
2023-12-04 19:59:33,Headphones,Central,801.3419766785197,1,23,CUST06383
2022-02-28 01:23:59,Smartwatch,South,825.9991507363334,8,59,CUST06384
2023-12-05 12:03:38,Smartwatch,North,309.3945080531632,8,72,CUST06385
2023-12-23 16:10:59,Laptop,West,454.66514422749754,7,69,CUST06386
2023-09-12 19:46:19,Headphones,North,529.9236497936137,4,64,CUST06387
2023-12-04 20:46:34,Headphones,North,,7,37,CUST06388
2023-08-05 09:58:20,Headphones,South,530.1196870967839,2,45,CUST06389
2023-11-18 10:40:30,Headphones,North,357.78290473247097,6,58,CUST06390
2022-08-11 08:29:14,Smartwatch,North,351.1534757546019,5,53,CUST06391
2023-05-02 15:59:27,Smartphone,South,268.81228639439826,5,57,CUST06392
2022-04-29 12:02:04,Headphones,East,196.91082011902122,8,43,CUST06393
2023-12-11 12:40:41,Smartphone,Central,265.39220099291384,1,30,CUST06394
2022-10-12 06:31:30,Headphones,North,674.2282936278807,8,66,CUST06395
2023-10-21 19:47:56,Tablet,West,606.5417808764115,4,21,CUST06396
2023-09-24 08:35:38,Tablet,South,582.9917240188155,6,51,CUST06397
2022-12-21 00:15:30,Tablet,North,466.59273794654337,6,76,CUST06398
2023-03-07 14:31:58,Headphones,East,493.774010889486,1,75,CUST06399
2023-03-29 09:42:38,Smartphone,East,459.6953865450761,8,54,CUST06400
2022-12-22 16:34:23,Smartwatch,West,261.95971037822915,4,51,CUST06401
2022-09-03 15:27:56,Laptop,North,597.1530077766205,9,33,CUST06402
2022-10-06 14:22:04,Smartwatch,West,627.9018434498159,7,40,CUST06403
2022-09-10 13:28:16,Headphones,East,327.45043497924775,4,75,CUST06404
2023-02-04 09:25:54,Tablet,East,327.31286186036334,1,40,CUST06405
2022-12-05 01:46:27,Tablet,Central,552.7650802537778,9,32,CUST06406
2022-02-23 23:29:14,Smartphone,East,551.4423146163334,6,42,CUST06407
2022-02-22 06:52:42,Headphones,South,609.9013858057227,6,46,CUST06408
2022-09-27 21:03:16,Smartwatch,Central,712.0359551637387,1,53,CUST06409
2022-05-04 16:36:02,Headphones,West,341.3134079570818,5,32,CUST06410
2022-07-02 23:14:18,Headphones,East,487.7008069042515,4,54,CUST06411
2023-11-12 23:00:45,Tablet,South,349.9220899477465,1,52,CUST06412
2022-01-14 19:39:42,Smartwatch,Central,360.7263108976199,7,63,CUST06413
2022-04-15 06:06:51,Laptop,South,435.53053430020947,4,56,CUST06414
2023-11-13 21:01:35,Tablet,Central,716.0533917736053,3,64,CUST06415
2023-10-22 13:33:22,Smartwatch,Central,665.722734943993,2,54,CUST06416
2022-01-06 20:40:53,Smartphone,Central,488.7764830381755,8,58,CUST06417
2023-12-16 21:44:05,Tablet,West,176.5847362777481,5,45,CUST06418
2022-03-17 19:08:14,Smartphone,Central,558.9167289098048,9,62,CUST06419
2023-12-15 12:15:09,Tablet,Central,555.4508231988112,5,47,CUST06420
2023-05-30 15:58:15,Headphones,South,359.96095910796527,1,24,CUST06421
2023-12-16 05:47:29,Smartwatch,Central,624.6044591762213,5,21,CUST06422
2022-05-31 19:06:24,Smartphone,West,,5,24,CUST06423
2023-09-04 13:36:31,Tablet,South,624.1608483172703,8,50,CUST06424
2023-08-24 13:10:59,Smartphone,Central,536.1598101852625,6,64,CUST06425
2023-01-18 04:10:07,Tablet,South,281.0277618898906,5,64,CUST06426
2023-01-16 00:20:06,Tablet,West,445.77852026919334,8,35,CUST06427
2023-03-24 03:00:30,Laptop,South,521.6977087310675,1,32,CUST06428
2023-08-02 09:57:19,Laptop,Wesu,545.0236964670571,5,79,CUST06429
2023-05-20 14:51:22,Laptop,East,654.976571205347,3,52,CUST06430
2022-09-23 18:13:13,Smartphone,Centram,673.666089527178,5,54,CUST06431
2022-02-14 12:11:14,Headphones,West,,3,77,CUST06432
2022-02-15 10:08:02,Tablet,Central,583.8982812235517,4,22,CUST06433
2023-03-02 18:34:44,Smartwatch,West,,9,65,CUST06434
2022-09-09 10:43:32,Laptop,North,347.2003555086637,2,40,CUST06435
2023-08-06 02:31:24,Smartphone,North,408.805969069857,1,74,CUST06436
2023-03-15 00:32:09,Smartphone,North,251.72975519319957,4,27,CUST06437
2022-05-21 10:48:56,Smartphone,West,405.28516544188426,8,42,CUST06438
2022-12-06 10:30:27,Smartwatch,Central,530.8672156658637,5,39,CUST06439
2022-11-10 09:09:16,Smartwatch,North,182.57806400208094,9,48,CUST06440
2023-10-25 06:03:08,Laptop,Central,565.5567492693217,3,40,CUST06441
2022-12-01 13:24:14,Smartwatch,West,429.1483450320382,9,45,CUST06442
2023-12-10 13:13:54,Laptop,Central,490.5989356236564,1,62,CUST06443
2022-08-27 07:13:46,Smartwatch,Centram,,2,32,CUST06444
2022-07-31 06:54:57,Smartwatch,North,48466.088193958654,9,57,CUST06445
2022-08-01 08:41:45,Smartwatch,South,751.8799497405626,9,69,CUST06446
2023-10-30 21:10:20,Laptop,East,440.02937521705053,5,24,CUST06447
2023-12-09 09:36:42,Tablet,West,168.05945308034669,4,63,CUST06448
2022-02-05 13:14:00,Laptop,West,682.0658417946239,9,55,CUST06449
2023-05-19 08:08:51,Tablet,West,581.3671770081943,2,57,CUST06450
2022-12-14 04:48:47,Smartphone,East,514.1064186491539,3,32,CUST06451
2022-06-04 04:40:50,Smartphone,South,585.207823446797,8,66,CUST06452
2023-03-26 04:06:46,Laptop,Central,512.3774259125391,1,22,CUST06453
2022-11-10 12:39:51,Tablet,West,,2,29,CUST06454
2022-07-25 04:28:58,Tablet,Central,612.7999292873518,5,30,CUST06455
2022-12-28 02:54:37,Tablet,North,431.53629012327485,7,20,CUST06456
2023-08-26 00:54:57,Smartphone,North,723.7932412483574,9,74,CUST06457
2023-11-17 00:30:46,Laptop,North,772.9977296718646,3,74,CUST06458
2023-03-31 22:50:03,Headphones,West,,4,36,CUST06459
2023-08-23 03:08:52,Tablet,Easu,561.0394383393268,1,43,CUST06460
2023-02-06 07:03:26,Tablet,West,371.8854675240861,1,47,CUST06461
2023-02-28 01:54:02,Headphones,North,602.8488516052353,1,45,CUST06462
2022-01-27 14:32:36,Laptop,North,558.2039297013612,4,32,CUST06463
2023-07-14 13:03:46,Tablet,West,495.97958193801895,9,35,CUST06464
2022-10-04 08:34:28,Laptop,East,604.8902204194086,8,70,CUST06465
2023-09-07 19:29:15,Tablet,East,513.0586331320886,4,69,CUST06466
2023-05-01 19:14:57,Smartwatch,Central,582.3174562381196,8,24,CUST06467
2023-03-18 14:56:03,Tablet,South,655.3743175957703,7,77,CUST06468
2022-03-25 00:44:37,Smartwatch,North,300.3358251732374,6,31,CUST06469
2023-01-10 18:26:56,Laptop,East,346.2986905920779,2,41,CUST06470
2023-02-04 18:21:29,Tablet,North,363.16672481058123,3,69,CUST06471
2023-08-19 06:55:15,Smartphone,Souti,791.0014113861403,4,68,CUST06472
2022-05-01 21:14:13,Smartphone,North,595.0212099163376,7,74,CUST06473
2022-07-19 00:40:45,Headphones,East,608.9928821079845,8,41,CUST06474
2022-11-18 18:34:50,Smartphone,Central,669.4157075028103,8,28,CUST06475
2023-08-05 15:28:31,Smartwatch,West,343.00183710121377,4,76,CUST06476
2022-03-23 11:48:26,Smartphone,West,194.25793924708185,9,56,CUST06477
2022-08-22 23:33:16,Smartphone,East,490.57067557209353,8,60,CUST06478
2022-05-25 17:19:13,Smartphone,East,634.6357940284619,5,57,CUST06479
2022-06-01 22:20:10,Tablet,South,470.361055905058,3,73,CUST06480
2022-10-09 04:36:06,Headphones,North,294.509254320955,2,27,CUST06481
2022-08-01 02:02:29,Laptop,South,364.21582535872665,9,73,CUST06482
2023-11-15 09:33:05,Headphones,West,,1,60,CUST06483
2022-02-04 05:09:11,Smartwatch,North,408.14533449081716,7,50,CUST06484
2022-07-28 09:13:58,Tablet,Souti,326.0929324076085,7,37,CUST06485
2022-06-07 16:33:14,Tablet,West,522.0168519093482,1,59,CUST06486
2023-07-07 03:12:20,Smartphone,North,417.8627890080428,7,56,CUST06487
2022-11-27 06:01:15,Smartphone,Central,595.014834037814,1,39,CUST06488
2022-01-18 20:50:12,Smartwatch,Central,353.5283081800055,2,52,CUST06489
2023-01-09 14:38:14,Tablet,South,538.3020331617691,9,68,CUST06490
2022-06-18 05:14:16,Laptop,East,494.36012707070694,8,45,CUST06491
2022-06-30 12:48:58,Headphones,North,559.4043416361916,9,53,CUST06492
2023-04-24 23:57:50,Tablet,South,580.507037944822,9,47,CUST06493
2022-10-01 06:57:28,Laptop,East,596.5466938992836,4,75,CUST06494
2023-02-03 09:01:28,Laptop,East,624.6135756351958,5,23,CUST06495
2022-12-29 22:01:25,Headphones,North,581.3436536278806,7,79,CUST06496
2023-04-26 08:39:37,Laptop,North,544.6799008721086,6,18,CUST06497
2023-01-24 08:55:49,Smartwatch,East,399.99144741368633,9,75,CUST06498
2023-10-30 01:54:08,Laptop,West,627.6105572838649,2,21,CUST06499
2023-06-28 20:19:11,Smartwatch,South,395.46736958002475,8,42,CUST06500
2023-10-28 07:14:14,Laptop,North,456.21300170918613,2,56,CUST06501
2022-10-03 23:55:47,Smartphone,East,370.7520180643594,2,28,CUST06502
2023-01-12 16:16:00,Laptop,West,367.62779524292296,3,55,CUST06503
2023-01-07 21:11:42,Smartwatch,Central,452.4497796407521,4,76,CUST06504
2022-02-21 18:37:27,Laptop,East,465.0456509707787,6,54,CUST06505
2022-04-11 02:58:19,Laptop,West,377.9666521778582,6,29,CUST06506
2023-07-06 09:36:21,Laptop,Central,503.2944898324888,2,46,CUST06507
2022-04-12 18:09:25,Smartwatch,West,523.5141047652688,6,51,CUST06508
2022-03-21 14:15:13,Laptop,North,418.2681673739401,8,35,CUST06509
2023-07-27 04:40:14,Headphones,East,843.4458708222649,5,71,CUST06510
2023-04-05 10:13:48,Headphones,Central,549.9047415054562,1,26,CUST06511
2023-07-13 23:05:17,Smartwatch,West,517.7397348997275,8,63,CUST06512
2023-11-02 00:23:41,Smartphone,Central,398.6066083535301,6,29,CUST06513
2023-11-14 12:25:21,Headphones,South,520.6762794321994,2,26,CUST06514
2022-06-24 23:21:55,Tablet,East,536.1203955598633,7,18,CUST06515
2023-11-04 02:23:45,Headphones,North,499.47885379949315,8,24,CUST06516
2023-11-01 23:23:27,Tablet,Central,712.7976509659221,2,56,CUST06517
2023-04-10 08:30:24,Smartwatch,West,244.77928419331937,1,59,CUST06518
2022-01-17 00:40:22,Smartphone,Centram,442.9431042414803,6,51,CUST06519
2023-08-27 11:04:10,Tablet,West,607.0753089588678,6,49,CUST06520
2022-01-23 13:38:22,Tablet,Central,365.50060282953206,8,79,CUST06521
2023-05-14 14:13:31,Headphones,North,267.9990998375173,7,45,CUST06522
2022-03-28 20:46:31,Tablet,North,422.1665195271931,8,43,CUST06523
2022-10-23 01:50:45,Smartwatch,East,656.5904255634074,5,53,CUST06524
2023-11-19 06:30:43,Smartwatch,North,369.05601087485866,2,78,CUST06525
2023-01-23 11:58:21,Smartwatch,Central,446.53599526583065,5,57,CUST06526
2022-07-17 00:04:53,Headphones,Central,563.2223100078551,2,71,CUST06527
2022-08-21 21:30:42,Smartphone,North,413.1045640662655,9,76,CUST06528
2023-11-29 13:01:15,Headphones,South,,5,31,CUST06529
2022-07-24 20:06:15,Smartwatch,Central,402.19246423071166,1,62,CUST06530
2022-01-21 09:16:09,Headphones,East,414.83309326198753,9,48,CUST06531
2023-07-14 20:19:41,Smartwatch,South,325.55967152143455,5,33,CUST06532
2022-11-25 20:46:04,Laptop,North,461.40745419892596,1,56,CUST06533
2023-10-12 12:23:40,Laptop,West,659.6350721575865,9,59,CUST06534
2022-11-13 21:25:21,Tablet,Central,737.4213907004589,9,28,CUST06535
2023-05-18 10:23:32,Smartphone,Wesu,687.4722931789702,9,28,CUST06536
2022-10-09 16:56:16,Laptop,East,520.6543441810969,6,79,CUST06537
2023-07-21 01:50:29,Smartwatch,South,748.8275070526046,2,55,CUST06538
2022-04-08 01:32:49,Headphones,West,845.4289149751031,7,74,CUST06539
2022-01-22 12:23:17,Headphones,East,527.1916698415336,2,76,CUST06540
2022-09-09 19:44:25,Tablet,West,351.4153476031417,4,29,CUST06541
2022-11-04 16:37:30,Headphones,West,696.7904865052402,4,59,CUST06542
2022-02-27 14:04:27,Laptop,Easu,319.477200106899,7,75,CUST06543
2023-07-10 11:53:11,Headphones,Central,367.02368901938314,6,26,CUST06544
2022-01-17 13:01:30,Laptop,West,187.6198801343205,7,39,CUST06545
2022-09-12 05:39:33,Laptop,East,609.1120028777099,6,55,CUST06546
2022-01-25 13:05:11,Smartphone,West,152.68335116608304,1,26,CUST06547
2022-07-20 05:07:40,Tablet,Central,648.9276622763402,-4,75,CUST06548
2022-03-14 14:01:11,Smartwatch,East,771.4163482196489,3,74,CUST06549
2023-08-22 17:50:17,Laptop,West,759.1664056169126,7,20,CUST06550
2022-11-17 03:40:13,Tablet,North,310.1268490037129,7,56,CUST06551
2023-04-14 09:09:36,Smartwatch,Central,220.44554655038777,4,52,CUST06552
2023-10-14 01:16:47,Headphones,West,40362.72186036637,7,69,CUST06553
2022-12-11 23:08:03,Tablet,South,631.8788279639803,4,47,CUST06554
2022-10-24 22:04:35,Tablet,East,680.5682984997438,9,74,CUST06555
2023-08-16 02:23:50,Tablet,West,59967.492268228394,3,43,CUST06556
2023-01-29 10:44:31,Headphones,Central,579.2007932295579,2,25,CUST06557
2022-06-08 01:36:45,Headphones,Central,854.1507405500538,5,71,CUST06558
2022-05-19 23:03:25,Tablet,South,428.2933743674106,9,49,CUST06559
2022-05-31 10:39:38,Smartphone,South,383.3037151644345,3,39,CUST06560
2023-02-07 23:49:26,Laptop,West,321.6303797661836,1,25,CUST06561
2022-03-20 07:52:47,Headphones,North,564.9448876272289,9,62,CUST06562
2022-06-30 01:00:28,Smartphone,Central,473.0673366359937,5,19,CUST06563
2023-01-05 16:39:22,Headphones,North,,2,31,CUST06564
2023-07-06 10:58:54,Tablet,North,432.4175869117891,6,22,CUST06565
2023-07-30 14:01:27,Smartphone,West,594.3173149445477,-3,30,CUST06566
2023-04-01 00:39:11,Smartwatch,East,442.42156857768447,9,40,CUST06567
2022-01-22 22:15:54,Laptop,East,,3,77,CUST06568
2022-06-01 16:05:08,Laptop,East,489.80146635427485,2,30,CUST06569
2022-06-08 23:52:54,Headphones,South,244.95476266990403,3,36,CUST06570
2022-09-19 22:48:55,Laptop,Central,479.00227708453986,6,41,CUST06571
2023-04-22 09:18:55,Smartwatch,South,584.3214234336124,3,52,CUST06572
2022-10-14 14:17:34,Smartphone,Central,351.78326346721343,9,31,CUST06573
2022-01-11 23:07:52,Smartphone,Centram,786.5184039897938,-9,21,CUST06574
2023-10-02 10:02:10,Tablet,Central,500.732861139529,9,43,CUST06575
2023-10-11 20:48:50,Smartphone,West,405.97967336420726,2,27,CUST06576
2023-12-17 21:04:19,Headphones,East,401.4118964664982,7,55,CUST06577
2023-10-14 07:17:56,Smartwatch,South,,2,55,CUST06578
2022-12-02 02:09:45,Tablet,South,376.27898128372607,1,51,CUST06579
2022-07-04 12:21:36,Headphones,West,544.7145751987082,5,51,CUST06580
2023-10-21 22:27:58,Headphones,Central,632.4554257588325,-8,36,CUST06581
2023-04-07 18:52:14,Headphones,Easu,583.1323607119415,3,20,CUST06582
2022-08-19 06:55:50,Laptop,North,,7,69,CUST06583
2023-04-24 01:00:40,Headphones,North,625.8832611666379,6,53,CUST06584
2023-08-14 18:46:31,Laptop,West,523.3664683801251,1,21,CUST06585
2022-06-12 17:11:42,Smartphone,East,242.0087122096382,7,75,CUST06586
2022-06-30 20:13:18,Laptop,North,683.4898408770963,3,43,CUST06587
2023-05-27 08:19:00,Headphones,North,407.96212665645214,4,28,CUST06588
2022-05-26 23:53:17,Smartwatch,South,473.6594367894292,2,20,CUST06589
2022-12-22 15:06:59,Smartwatch,East,546.419806483802,1,66,CUST06590
2022-07-06 18:22:51,Smartphone,North,420.216209699389,5,26,CUST06591
2022-08-13 12:26:14,Headphones,South,613.5361582989791,6,63,CUST06592
2023-11-04 00:22:12,Laptop,East,334.4239360974328,2,19,CUST06593
2022-11-24 17:55:02,Smartwatch,Central,413.8429236321971,6,31,CUST06594
2022-09-23 06:47:39,Tablet,East,683.85848028583,6,20,CUST06595
2022-08-11 09:34:40,Headphones,West,503.79155197227044,8,19,CUST06596
2023-10-12 03:31:28,Headphones,South,341.4778728776914,8,39,CUST06597
2023-03-14 07:43:59,Tablet,Central,,6,71,CUST06598
2022-03-05 00:54:01,Smartwatch,South,560.2480651010669,7,46,CUST06599
2022-01-24 03:02:53,Tablet,South,262.0971116257528,4,50,CUST06600
2023-04-02 03:57:16,Smartphone,North,748.142638169785,5,53,CUST06601
2022-12-13 21:39:30,Laptop,East,768.4105346459787,6,27,CUST06602
2022-09-06 15:46:53,Laptop,South,518.0001114672442,6,64,CUST06603
2023-06-11 19:24:58,Smartwatch,South,469.98775105868594,3,70,CUST06604
2023-02-10 14:34:09,Tablet,West,,9,61,CUST06605
2023-03-01 06:31:13,Headphones,West,633.9576477706036,4,55,CUST06606
2023-05-11 12:21:26,Headphones,West,567.8914024467155,8,38,CUST06607
2023-01-17 04:24:11,Headphones,South,535.8842300858747,4,48,CUST06608
2023-08-13 23:14:01,Smartphone,Central,707.3495120456571,6,52,CUST06609
2023-06-12 17:06:41,Smartphone,East,669.6408188842777,1,20,CUST06610
2022-11-05 06:02:34,Headphones,South,356.0129472440671,2,36,CUST06611
2022-01-18 18:10:27,Smartwatch,North,633.1093747884333,6,39,CUST06612
2023-02-19 22:58:57,Smartphone,Central,672.7430910221248,3,37,CUST06613
2022-05-27 00:10:13,Smartphone,Central,541.7389547943562,7,53,CUST06614
2022-08-31 18:11:35,Laptop,East,589.8550125925573,-1,36,CUST06615
2022-12-26 07:28:09,Laptop,Central,453.88428783647373,3,63,CUST06616
2023-09-05 11:46:39,Smartwatch,East,319.3369651210949,3,21,CUST06617
2023-07-13 19:08:35,Smartphone,Central,783.0917843308528,1,49,CUST06618
2022-02-17 13:24:30,Smartphone,East,299.08070316233506,4,25,CUST06619
2022-11-27 14:25:40,Tablet,Wesu,752.1888139674762,8,68,CUST06620
2023-12-10 16:22:43,Smartwatch,West,490.2126415998257,7,43,CUST06621
2022-08-04 02:03:46,Smartwatch,Central,,7,68,CUST06622
2022-02-16 04:08:04,Tablet,Central,503.4373982657196,5,71,CUST06623
2023-04-07 22:23:57,Tablet,East,640.6116169310251,4,18,CUST06624
2023-05-01 18:14:16,Laptop,East,567.3281680862466,6,43,CUST06625
2023-12-29 13:59:03,Smartwatch,South,399.5935087675601,2,71,CUST06626
2022-09-09 08:39:35,Smartwatch,West,520.1179382170469,1,64,CUST06627
2022-04-22 09:00:23,Tablet,Souti,478.56043874151175,7,60,CUST06628
2023-03-09 18:50:19,Headphones,South,596.4470686002486,4,26,CUST06629
2023-09-26 11:34:15,Headphones,North,521.2311831260344,7,52,CUST06630
2022-03-12 11:58:31,Laptop,East,542.9235325849319,6,35,CUST06631
2022-07-26 04:43:54,Headphones,North,346.11927176015735,9,36,CUST06632
2023-11-15 17:03:41,Headphones,Norti,308.28021800816083,6,65,CUST06633
2022-10-05 10:19:43,Headphones,South,510.5941743047512,3,33,CUST06634
2022-05-05 16:36:23,Smartphone,North,527.2328166565779,7,45,CUST06635
2022-02-17 13:30:04,Laptop,East,342.2649069277239,9,20,CUST06636
2023-11-15 19:32:45,Tablet,South,585.7334856558142,-6,35,CUST06637
2022-09-01 08:56:23,Headphones,East,592.2566902964038,7,30,CUST06638
2022-08-21 14:14:19,Smartphone,Central,523.4200301290438,8,44,CUST06639
2023-12-03 19:50:33,Headphones,North,502.36078695984776,4,69,CUST06640
2022-11-18 06:43:50,Smartphone,South,309.8754626135741,5,57,CUST06641
2022-11-06 05:35:23,Laptop,West,307.36048850717395,4,56,CUST06642
2023-07-30 03:14:56,Headphones,East,559.2063421404644,1,75,CUST06643
2023-05-10 10:51:15,Smartphone,North,375.7968050290437,6,74,CUST06644
2022-04-16 08:19:08,Smartwatch,East,386.33553493656865,7,41,CUST06645
2022-10-06 13:52:12,Smartwatch,East,541.8180707336548,2,46,CUST06646
2022-01-04 05:21:35,Smartphone,Central,,6,72,CUST06647
2022-11-26 05:52:35,Headphones,East,440.3838358073579,2,39,CUST06648
2023-01-02 22:59:48,Headphones,Central,807.6018009990947,5,68,CUST06649
2023-11-21 06:05:13,Laptop,Central,488.5615555526105,1,43,CUST06650
2023-08-27 21:53:25,Laptop,Central,584.5779807591491,3,37,CUST06651
2023-01-14 10:44:19,Tablet,North,643.9574266746704,4,41,CUST06652
2022-11-10 00:31:26,Laptop,East,654.8776209801171,4,29,CUST06653
2023-07-10 16:16:17,Headphones,East,550.8597062678083,2,35,CUST06654
2023-12-23 19:13:03,Tablet,Central,465.54714226989347,8,64,CUST06655
2023-11-26 22:43:49,Laptop,East,624.210047687532,6,29,CUST06656
2022-09-20 15:57:50,Smartphone,East,563.6011142600472,9,55,CUST06657
2022-04-28 00:33:27,Smartwatch,Central,434.620132097894,6,49,CUST06658
2023-12-12 20:56:30,Laptop,West,711.3631750324864,3,78,CUST06659
2022-10-13 09:14:31,Laptop,West,,2,66,CUST06660
2022-08-18 06:08:22,Smartphone,Central,387.62152078416585,9,40,CUST06661
2022-08-29 05:54:29,Headphones,North,370.0762450210893,3,21,CUST06662
2022-01-09 02:27:13,Smartphone,East,793.8374936123516,6,29,CUST06663
2022-03-01 02:49:02,Laptop,East,426.10774495912693,2,34,CUST06664
2022-10-03 14:51:34,Headphones,West,612.9417578795455,7,38,CUST06665
2022-06-26 11:56:58,Tablet,Central,556.5280827373717,1,54,CUST06666
2022-02-15 03:43:23,Laptop,North,607.8424365514034,9,46,CUST06667
2023-01-25 22:01:17,Smartphone,Central,786.7720384840023,1,23,CUST06668
2022-12-11 11:41:19,Tablet,West,649.59741217758,9,64,CUST06669
2023-08-27 21:42:28,Smartwatch,West,625.3656085766214,1,45,CUST06670
2023-04-30 11:34:23,Tablet,East,470.46908822554195,1,25,CUST06671
2022-05-08 22:59:49,Smartphone,South,400.3140179275013,8,48,CUST06672
2022-10-01 20:12:23,Tablet,North,862.9198523360817,1,37,CUST06673
2022-12-02 11:48:15,Smartphone,North,493.72457154286394,8,33,CUST06674
2022-06-21 16:31:41,Laptop,South,483.9966422504908,3,30,CUST06675
2023-12-28 22:29:54,Headphones,West,543.318928278004,4,77,CUST06676
2022-06-06 03:14:51,Smartwatch,Central,528.7182666687244,2,72,CUST06677
2023-02-03 10:46:07,Headphones,North,738.9164321557089,6,76,CUST06678
2022-04-28 17:36:59,Headphones,South,580.9410252546487,7,32,CUST06679
2022-06-21 23:07:41,Headphones,East,303.5113520050854,3,69,CUST06680
2022-01-21 03:56:06,Smartphone,East,401.05429182201254,9,79,CUST06681
2022-07-26 03:57:04,Smartphone,West,501.6064114159127,3,30,CUST06682
2022-07-31 02:15:28,Smartwatch,North,653.8461644969431,7,64,CUST06683
2022-11-18 01:57:10,Smartphone,Central,271.9355221783821,4,19,CUST06684
2023-04-22 15:29:34,Smartphone,North,574.0824043564239,5,73,CUST06685
2022-09-10 16:12:25,Smartphone,East,609.6969173593459,9,70,CUST06686
2023-05-07 04:44:40,Smartphone,North,632.354963636374,3,75,CUST06687
2023-08-23 13:52:54,Laptop,East,487.9867634844716,3,37,CUST06688
2023-05-18 06:12:57,Smartwatch,South,657.385980793763,9,45,CUST06689
2022-02-03 06:12:04,Smartphone,South,377.7481335732404,9,79,CUST06690
2023-09-07 06:48:23,Smartwatch,East,641.8238493067215,4,35,CUST06691
2022-08-09 10:43:45,Tablet,Central,490.75311097967216,1,24,CUST06692
2022-09-21 18:48:40,Laptop,Central,506.43283988366,1,38,CUST06693
2022-06-10 08:45:09,Smartphone,North,504.76583389044754,9,58,CUST06694
2022-11-07 23:47:24,Laptop,East,597.5182421945168,6,56,CUST06695
2022-06-14 15:48:40,Laptop,West,334.2790611729564,5,26,CUST06696
2023-08-09 23:07:27,Tablet,Central,632.7935773135763,3,78,CUST06697
2022-01-19 00:30:09,Smartwatch,Central,630.6293133394321,3,61,CUST06698
2023-06-29 22:34:26,Laptop,South,454.77751307187447,2,27,CUST06699
2023-01-03 18:00:43,Headphones,Central,500.37014938580575,7,48,CUST06700
2023-07-22 21:41:59,Tablet,Central,371.0831421746962,9,59,CUST06701
2023-01-31 06:45:36,Headphones,Central,325.94371240826916,6,30,CUST06702
2022-05-21 13:54:22,Tablet,Easu,,1,22,CUST06703
2023-08-07 21:28:09,Headphones,East,530.5808791241919,6,76,CUST06704
2022-03-10 09:02:06,Headphones,South,449.4405825688954,8,71,CUST06705
2023-11-13 14:23:10,Laptop,North,312.53314313851376,8,57,CUST06706
2022-12-03 16:09:34,Laptop,Central,568.558609506072,3,59,CUST06707
2022-03-09 10:20:38,Tablet,North,445.80437784476857,1,55,CUST06708
2023-08-19 16:21:58,Smartwatch,East,387.5987824322593,5,60,CUST06709
2022-01-03 17:51:08,Laptop,Central,691.3897978791088,6,53,CUST06710
2022-09-10 08:03:28,Laptop,North,353.7267876445792,9,19,CUST06711
2023-12-23 18:12:24,Smartphone,North,584.2876414212515,2,23,CUST06712
2022-05-26 02:44:55,Laptop,West,275.06924765397383,1,30,CUST06713
2023-08-25 02:38:11,Smartwatch,East,284.567629464216,7,46,CUST06714
2022-01-10 20:26:01,Smartphone,South,572.4017612143904,2,61,CUST06715
2023-01-17 02:30:50,Headphones,South,449.5794891125878,2,31,CUST06716
2022-12-21 16:33:24,Headphones,West,324.67283119876583,3,47,CUST06717
2022-09-07 10:09:21,Smartphone,North,642.4903127135772,4,42,CUST06718
2022-04-16 06:06:04,Smartphone,West,555.6972375730741,7,57,CUST06719
2022-12-28 05:12:47,Smartphone,Wesu,180.81677079845127,1,52,CUST06720
2023-02-12 07:54:38,Tablet,East,643.910231851234,6,54,CUST06721
2023-09-24 12:17:15,Smartwatch,Central,340.4173154747967,7,71,CUST06722
2023-12-19 08:41:15,Smartwatch,North,243.81596975919624,3,24,CUST06723
2023-05-18 08:14:10,Headphones,South,376.9158585645794,3,67,CUST06724
2022-04-02 02:21:47,Headphones,South,493.72966283725555,2,55,CUST06725
2022-04-11 20:25:42,Headphones,West,511.6064491429206,5,35,CUST06726
2023-01-15 14:58:00,Laptop,West,254.77021451675796,7,25,CUST06727
2022-01-21 20:41:06,Headphones,West,288.0347537401148,3,24,CUST06728
2022-05-22 07:43:43,Smartphone,North,385.86413299702605,7,51,CUST06729
2022-01-28 13:54:25,Headphones,West,395.44736536455576,8,53,CUST06730
2023-11-20 20:43:59,Smartphone,West,614.2698250928865,3,72,CUST06731
2022-01-06 08:58:30,Tablet,Central,438.0017621827108,1,58,CUST06732
2023-07-03 08:02:46,Laptop,North,611.3944990871184,3,65,CUST06733
2022-02-12 23:52:35,Laptop,East,664.373725397626,6,68,CUST06734
2023-05-07 21:38:02,Smartwatch,East,583.3505754286268,1,27,CUST06735
2023-09-11 17:48:08,Tablet,Centram,38.88350095766053,9,75,CUST06736
2023-11-20 12:34:39,Smartphone,South,454.3974657101015,3,57,CUST06737
2022-02-19 19:27:57,Tablet,East,475.0541325637514,3,46,CUST06738
2023-09-22 23:29:43,Laptop,Norti,491.8364336171261,-7,33,CUST06739
2023-03-20 09:02:04,Smartphone,South,187.67313834074824,7,42,CUST06740
2023-11-25 04:49:20,Tablet,West,385.38716986044494,6,46,CUST06741
2022-09-24 06:19:28,Laptop,North,295.6633684212444,7,25,CUST06742
2022-06-29 18:48:04,Smartphone,South,361.01560970277853,5,37,CUST06743
2023-05-20 11:29:09,Smartphone,East,461.1966571917641,8,53,CUST06744
2022-09-17 20:25:54,Laptop,West,388.7671094057779,2,76,CUST06745
2023-04-03 16:48:12,Smartphone,West,372.0481154996262,5,72,CUST06746
2022-03-01 03:05:28,Laptop,North,470.3045837268084,9,69,CUST06747
2023-10-04 02:47:23,Headphones,West,426.16883135479327,4,44,CUST06748
2022-09-18 22:51:05,Headphones,South,529.953486298018,8,30,CUST06749
2023-05-24 14:09:17,Smartphone,Central,437.02157133284487,3,43,CUST06750
2022-07-24 19:39:10,Smartphone,East,264.8586481922383,6,59,CUST06751
2023-08-28 00:30:45,Laptop,North,345.33765217837276,8,72,CUST06752
2023-07-05 15:02:27,Smartphone,Central,450.79239909155916,9,42,CUST06753
2022-03-15 20:05:15,Smartwatch,Central,432.8036798345624,7,45,CUST06754
2022-10-15 16:28:22,Headphones,North,287.977659530828,6,26,CUST06755
2023-06-04 08:39:35,Smartphone,South,601.4870630208111,6,74,CUST06756
2023-09-29 04:54:48,Smartphone,East,546.8335182295485,6,43,CUST06757
2022-12-26 06:53:00,Tablet,North,409.88112031351994,9,29,CUST06758
2022-09-27 07:02:55,Smartphone,Central,475.446385533638,3,43,CUST06759
2023-11-17 13:10:18,Smartwatch,Centram,339.218971854003,4,64,CUST06760
2022-01-30 18:05:25,Headphones,North,627.9601800648967,3,39,CUST06761
2022-11-27 18:02:38,Tablet,Central,810.3395534631688,9,18,CUST06762
2023-02-21 10:38:29,Laptop,North,403.3119594249539,5,29,CUST06763
2023-06-29 11:58:47,Laptop,North,683.5898523299189,8,41,CUST06764
2023-10-28 21:17:15,Headphones,East,370.8811694371958,8,47,CUST06765
2023-03-26 23:48:04,Laptop,North,420.2057813908643,9,31,CUST06766
2023-10-10 03:09:17,Smartwatch,Central,715.0535347756181,7,71,CUST06767
2023-06-07 11:51:30,Smartphone,West,482.02414446709344,3,40,CUST06768
2022-11-14 15:34:26,Headphones,East,,5,19,CUST06769
2023-06-29 23:06:20,Tablet,Central,459.58086368007474,3,20,CUST06770
2022-01-16 06:00:21,Smartphone,Central,229.58965549727802,2,23,CUST06771
2023-10-19 17:16:17,Laptop,East,850.6117704615546,3,36,CUST06772
2023-09-17 15:33:35,Laptop,East,467.48402806480226,9,38,CUST06773
2022-08-10 14:05:09,Tablet,Central,523.4176316781762,9,62,CUST06774
2023-05-18 02:56:31,Smartwatch,West,390.1208420281803,8,37,CUST06775
2022-09-18 22:02:36,Tablet,Souti,617.0197435870261,7,38,CUST06776
2023-12-03 14:39:33,Headphones,Central,605.9879463134699,1,57,CUST06777
2022-02-28 11:38:47,Tablet,East,266.41179910829163,9,21,CUST06778
2023-08-15 02:27:02,Laptop,North,525.6649380957313,2,42,CUST06779
2023-03-12 11:38:47,Smartwatch,North,631.5651503788937,6,68,CUST06780
2023-08-10 07:24:45,Smartwatch,East,680.0655300009548,5,77,CUST06781
2022-04-29 02:49:28,Tablet,East,596.9673465856722,6,24,CUST06782
2022-08-07 09:10:29,Headphones,South,610.150620239858,8,24,CUST06783
2022-05-20 02:40:31,Laptop,Easu,418.9859440619911,8,50,CUST06784
2022-02-12 14:44:50,Smartphone,North,315.6441947087052,2,68,CUST06785
2022-03-11 08:15:05,Smartwatch,West,453.3689277684568,7,43,CUST06786
2023-02-03 11:07:46,Tablet,East,312.2351920079115,2,34,CUST06787
2022-06-17 00:53:19,Headphones,South,389.145337099238,1,25,CUST06788
2023-03-19 00:50:02,Headphones,Wesu,386.9034056919324,8,43,CUST06789
2023-04-11 01:20:11,Laptop,South,358.89432165788327,9,70,CUST06790
2023-05-08 14:58:56,Smartwatch,West,579.84293816209,7,32,CUST06791
2023-06-17 14:01:30,Laptop,East,348.09091048806613,4,37,CUST06792
2022-03-10 03:29:34,Smartphone,North,775.3370656784126,7,36,CUST06793
2023-06-18 01:16:12,Smartphone,Wesu,648.372506021386,4,24,CUST06794
2023-04-19 10:56:04,Smartphone,Central,678.4240601825239,7,73,CUST06795
2022-06-11 11:10:53,Headphones,South,396.6265615802973,4,73,CUST06796
2022-07-26 03:08:35,Smartwatch,West,530.0444847195935,9,62,CUST06797
2022-02-14 05:21:28,Laptop,South,343.5657959591427,5,18,CUST06798
2023-04-23 19:58:54,Laptop,North,532.6033691167956,7,56,CUST06799
2022-03-29 04:55:04,Smartphone,South,234.84187030919222,8,54,CUST06800
2022-05-12 12:50:38,Smartwatch,South,659.3445322866944,5,35,CUST06801
2022-08-10 03:56:04,Smartwatch,Central,403.2657014242678,1,25,CUST06802
2022-11-11 13:36:19,Tablet,South,545.4267258900845,4,32,CUST06803
2023-06-22 06:32:30,Smartwatch,West,573.2711226547722,3,67,CUST06804
2023-10-21 12:41:57,Smartwatch,South,416.90539319589476,7,23,CUST06805
2022-03-25 07:45:07,Laptop,East,380.26086067013944,6,77,CUST06806
2022-02-02 11:31:24,Smartwatch,South,481.9688397806432,6,54,CUST06807
2023-12-03 01:19:40,Smartwatch,East,620.4448525711267,2,39,CUST06808
2023-07-16 10:18:38,Laptop,South,477.95218570674155,6,28,CUST06809
2022-11-21 16:19:53,Smartwatch,South,590.4436678945083,8,43,CUST06810
2023-07-18 22:53:37,Laptop,West,619.1137308749688,5,25,CUST06811
2022-11-27 01:11:12,Tablet,East,471.13206773586205,9,26,CUST06812
2022-04-26 18:31:47,Headphones,East,483.09852478978013,2,30,CUST06813
2022-03-18 01:42:11,Laptop,Central,520.821106810811,7,20,CUST06814
2022-01-14 05:04:12,Laptop,South,671.3606938373914,6,20,CUST06815
2023-10-24 10:22:08,Smartwatch,South,448.50776085560466,6,24,CUST06816
2023-07-22 20:51:01,Laptop,West,670.6625788743198,4,20,CUST06817
2022-09-16 10:09:36,Smartphone,Central,538.2691177891959,9,28,CUST06818
2023-01-06 23:04:32,Smartphone,Central,389.5083599738723,6,63,CUST06819
2023-01-07 07:19:42,Tablet,West,493.7009223157098,8,75,CUST06820
2023-08-20 18:54:04,Laptop,East,331.9048947194459,8,45,CUST06821
2022-01-02 07:38:56,Smartwatch,North,298.09890925799795,4,70,CUST06822
2023-09-24 06:37:11,Smartwatch,West,591.0273872831089,5,59,CUST06823
2022-03-29 06:22:49,Headphones,East,619.6653381957158,2,48,CUST06824
2022-05-15 16:48:07,Tablet,Central,495.04643804346205,4,69,CUST06825
2023-12-22 06:49:21,Smartwatch,West,507.15220510792557,6,76,CUST06826
2023-07-01 23:01:46,Headphones,North,413.48544990426325,2,26,CUST06827
2023-03-14 21:41:00,Smartwatch,South,525.4819137701637,2,44,CUST06828
2022-12-23 05:03:18,Headphones,West,797.2218156296683,7,29,CUST06829
2023-05-23 14:05:33,Smartphone,North,651.4545080380254,5,25,CUST06830
2023-01-29 03:55:51,Smartphone,North,488.59140066097,3,61,CUST06831
2022-08-08 12:24:39,Smartwatch,Wesu,475.521596785862,3,58,CUST06832
2022-05-12 14:33:30,Tablet,East,443.5413492842748,7,39,CUST06833
2022-07-07 11:45:29,Laptop,West,,3,35,CUST06834
2022-08-15 19:26:38,Tablet,Central,,5,73,CUST06835
2022-04-19 14:16:26,Tablet,Norti,601.1347688755187,2,47,CUST06836
2023-08-11 17:14:52,Laptop,North,360.19726047874605,3,66,CUST06837
2022-11-16 21:30:12,Smartphone,South,,4,28,CUST06838
2023-10-17 21:41:04,Smartphone,North,332.27282866807144,1,70,CUST06839
2022-12-09 13:37:31,Laptop,South,617.8166945082762,4,19,CUST06840
2023-06-10 17:14:00,Headphones,North,309.01525577927015,4,46,CUST06841
2023-11-21 08:13:03,Tablet,North,588.9016860892755,3,72,CUST06842
2022-10-20 05:30:30,Smartwatch,West,654.2960915109621,9,70,CUST06843
2022-05-24 16:19:13,Smartphone,West,451.4936231143292,3,43,CUST06844
2023-06-03 04:41:25,Smartwatch,Central,,2,68,CUST06845
2023-02-08 03:51:45,Laptop,East,571.2676930007608,7,31,CUST06846
2023-10-05 08:44:46,Smartwatch,Central,740.3637718439608,9,72,CUST06847
2022-06-07 02:50:56,Smartwatch,North,701.2516341574982,6,45,CUST06848
2022-02-17 15:15:41,Tablet,Central,488.935933809142,5,52,CUST06849
2023-10-24 00:02:20,Laptop,West,367.52261457776297,1,23,CUST06850
2022-07-10 02:05:19,Smartwatch,North,465.1861296465974,3,53,CUST06851
2022-02-10 00:25:21,Smartphone,North,246.5136710285687,9,29,CUST06852
2022-12-26 22:29:48,Laptop,Central,416.6442312823973,8,75,CUST06853
2022-09-06 09:27:09,Smartphone,South,567.5818918540853,9,51,CUST06854
2022-12-11 21:08:33,Headphones,East,444.8439373945147,8,74,CUST06855
2023-12-20 17:29:48,Smartwatch,Central,409.9326289960109,1,23,CUST06856
2022-05-06 12:01:46,Laptop,Central,491.67670934491525,8,54,CUST06857
2023-10-03 22:21:17,Smartphone,East,459.596927499006,8,78,CUST06858
2022-03-07 18:51:00,Smartwatch,North,,5,54,CUST06859
2023-12-08 00:14:39,Tablet,North,300.9865699183349,6,25,CUST06860
2023-09-03 18:25:58,Smartphone,South,578.9701346922025,2,54,CUST06861
2022-10-25 00:58:56,Smartphone,Centram,493.07924513143394,1,73,CUST06862
2023-06-10 23:20:07,Headphones,East,,8,57,CUST06863
2023-02-02 05:51:14,Tablet,Central,291.6347030121286,7,50,CUST06864
2022-10-14 00:57:23,Headphones,West,632.4569483694487,4,69,CUST06865
2023-11-17 03:12:14,Tablet,Central,581.4560816258834,7,58,CUST06866
2022-08-05 12:34:16,Smartphone,Central,750.9811265958868,2,63,CUST06867
2023-05-05 20:17:13,Headphones,West,375.08946446225326,2,48,CUST06868
2023-01-30 02:09:47,Smartwatch,West,412.253584556272,7,51,CUST06869
2022-03-05 09:54:38,Tablet,East,232.37260292011248,3,28,CUST06870
2023-11-29 05:27:16,Smartphone,North,376.46024822460936,6,53,CUST06871
2022-06-17 10:11:34,Laptop,South,715.1456228870982,7,21,CUST06872
2022-03-07 17:38:07,Tablet,West,,7,34,CUST06873
2022-07-02 00:24:19,Tablet,North,391.04646279647875,4,75,CUST06874
2023-10-01 13:33:17,Smartwatch,East,519.9637041132489,3,75,CUST06875
2022-08-02 00:09:04,Tablet,Central,490.7674370491518,1,33,CUST06876
2023-04-04 22:12:08,Tablet,East,213.6303344469866,7,47,CUST06877
2022-02-03 17:36:51,Smartwatch,East,240.77646249822084,9,56,CUST06878
2022-11-20 12:56:40,Smartwatch,West,666.0161937890399,1,61,CUST06879
2023-07-04 13:35:49,Headphones,South,610.4916146310327,5,66,CUST06880
2023-08-21 16:21:02,Smartphone,West,277.3205110316634,4,22,CUST06881
2022-08-09 04:41:36,Smartphone,Central,480.969982994317,2,57,CUST06882
2023-04-10 14:59:46,Headphones,West,392.6442750917747,7,69,CUST06883
2022-07-05 14:55:06,Smartphone,Central,663.3256648097691,7,54,CUST06884
2023-07-28 14:17:05,Tablet,West,567.1353767133538,8,60,CUST06885
2023-09-08 04:51:27,Headphones,South,334.30925687669395,3,43,CUST06886
2022-06-04 06:41:12,Headphones,North,518.0361251485953,6,45,CUST06887
2023-01-27 19:40:15,Smartphone,South,493.8333901753955,4,36,CUST06888
2022-05-17 04:11:58,Laptop,West,494.2442098558507,3,38,CUST06889
2023-09-17 05:43:39,Smartphone,East,423.4820922438516,4,45,CUST06890
2022-10-18 17:16:16,Laptop,North,503.7238031241298,1,36,CUST06891
2023-01-21 13:19:40,Headphones,East,372.38452874882296,7,53,CUST06892
2022-04-21 06:10:21,Laptop,South,321.82881393732674,7,28,CUST06893
2023-03-10 06:26:00,Tablet,North,313.0178773760134,7,36,CUST06894
2023-12-26 06:05:44,Smartwatch,West,342.63430311849373,2,22,CUST06895
2022-03-23 11:31:19,Laptop,East,563.3424694255042,1,19,CUST06896
2022-01-25 11:33:46,Smartwatch,West,567.4207756392653,9,42,CUST06897
2022-03-22 13:59:25,Tablet,Central,719.0787940213453,2,68,CUST06898
2023-02-08 21:05:15,Smartwatch,North,46572.964140164826,5,43,CUST06899
2022-08-25 04:46:56,Tablet,Easu,605.2113792012946,5,47,CUST06900
2022-03-11 09:10:02,Smartwatch,South,507.0593919776214,8,34,CUST06901
2022-08-16 05:08:55,Smartwatch,South,544.9397349139416,1,38,CUST06902
2023-09-06 11:42:33,Smartphone,South,621.2551145086884,7,37,CUST06903
2022-03-15 00:05:17,Laptop,South,587.3070620866124,3,35,CUST06904
2024-03-05 23:53:22,Smartwatch,East,516.265998459121,2,64,CUST06905
2022-02-08 06:13:30,Headphones,Central,407.96361209135796,5,33,CUST06906
2022-10-24 12:24:06,Smartphone,South,541.3697613621549,4,45,CUST06907
2022-01-25 04:10:18,Laptop,South,704.6451754240679,9,29,CUST06908
2023-06-26 09:05:34,Smartphone,Souti,526.2998595902701,1,57,CUST06909
2022-12-22 06:00:48,Laptop,Central,440.6988630375425,3,74,CUST06910
2023-01-16 14:29:52,Tablet,Norti,623.2100454284164,3,23,CUST06911
2022-05-08 04:12:15,Smartwatch,South,292.23149139730924,4,41,CUST06912
2023-04-22 06:49:29,Headphones,South,446.0069744897013,7,67,CUST06913
2022-10-02 07:23:08,Smartphone,South,352.8837619772529,5,60,CUST06914
2023-09-26 11:28:20,Smartphone,North,481.7770804200524,6,23,CUST06915
2022-06-13 03:02:44,Smartphone,South,686.9720001916367,3,34,CUST06916
2022-12-12 00:51:51,Smartphone,North,596.1319455884714,5,59,CUST06917
2022-12-28 09:06:30,Smartwatch,North,219.80643285136395,2,36,CUST06918
2022-09-30 10:06:47,Laptop,West,407.1928708025413,4,64,CUST06919
2023-09-05 13:20:05,Smartwatch,West,275.1402903869782,3,65,CUST06920
2022-11-20 15:42:13,Tablet,South,658.7433767148293,3,72,CUST06921
2022-07-02 04:44:33,Smartwatch,East,412.6299252740955,4,45,CUST06922
2022-10-03 20:53:57,Smartwatch,West,511.383923116228,8,78,CUST06923
2022-06-25 12:01:40,Tablet,West,518.6063635370854,8,46,CUST06924
2023-12-15 18:26:07,Smartwatch,East,530.878275477166,1,66,CUST06925
2023-04-05 04:39:14,Laptop,Central,66.08906923331676,5,71,CUST06926
2023-03-29 21:25:09,Headphones,South,,2,24,CUST06927
2023-04-14 10:51:51,Tablet,Central,417.7305404135812,6,36,CUST06928
2023-04-24 03:58:32,Smartphone,Central,626.8701783530503,3,76,CUST06929
2022-03-19 02:34:24,Laptop,North,,9,25,CUST06930
2022-01-03 12:21:54,Headphones,North,594.7547520132109,9,25,CUST06931
2023-09-06 00:59:30,Laptop,South,390.7752649792553,8,22,CUST06932
2022-03-08 07:13:14,Laptop,East,330.6622081029866,2,60,CUST06933
2023-07-15 01:22:31,Smartphone,North,633.5524020971342,2,51,CUST06934
2023-12-21 17:58:08,Headphones,West,58451.06757356086,2,67,CUST06935
2022-07-22 20:18:28,Laptop,South,533.3321612021965,5,38,CUST06936
2023-02-20 22:36:34,Smartphone,Central,533.1165350211469,9,21,CUST06937
2023-09-15 15:58:57,Tablet,South,563.0941409081072,7,61,CUST06938
2023-08-01 12:42:38,Smartphone,North,306.16113620478785,7,53,CUST06939
2023-05-25 11:43:35,Smartwatch,East,661.3351906999993,3,22,CUST06940
2023-07-18 05:19:14,Smartphone,Central,47689.163917825834,3,66,CUST06941
2023-08-25 05:32:22,Smartphone,East,48116.93480163315,3,40,CUST06942
2022-06-26 02:16:26,Smartphone,South,437.28264881007186,1,36,CUST06943
2022-04-14 19:48:32,Laptop,East,129.56692577437929,8,59,CUST06944
2023-09-27 05:28:37,Headphones,East,586.2795598477309,2,63,CUST06945
2022-11-26 07:53:54,Smartphone,South,350.2417483062103,7,32,CUST06946
2022-08-28 02:25:59,Smartphone,Central,516.2087376192184,9,75,CUST06947
2022-09-09 00:31:33,Smartwatch,East,376.96824200584985,2,31,CUST06948
2023-12-18 01:17:15,Smartwatch,East,448.4711336176434,1,65,CUST06949
2022-08-05 16:45:53,Tablet,South,440.1270416703425,5,25,CUST06950
2023-05-25 01:53:41,Tablet,West,373.4987255904001,5,26,CUST06951
2023-04-26 06:34:30,Smartwatch,East,466.1156249356666,1,57,CUST06952
2022-10-20 04:12:20,Headphones,North,427.8634993550883,9,28,CUST06953
2023-05-05 21:36:50,Tablet,Central,343.93027416843773,3,61,CUST06954
2022-11-11 16:21:07,Headphones,East,675.9306115783395,2,63,CUST06955
2022-08-22 05:44:35,Smartwatch,South,379.7839393776417,7,35,CUST06956
2022-11-28 05:34:13,Tablet,North,584.3111009367475,5,72,CUST06957
2023-08-12 13:17:13,Smartphone,South,,4,49,CUST06958
2022-11-29 02:45:04,Smartwatch,East,638.5898366026851,4,61,CUST06959
2022-01-19 04:42:18,Tablet,North,418.1773196219735,9,53,CUST06960
2023-08-02 21:18:27,Headphones,Central,470.1890666846313,9,62,CUST06961
2023-05-24 19:12:57,Headphones,Central,474.82375452306724,1,38,CUST06962
2022-05-04 23:38:52,Tablet,Central,579.0821726022672,7,44,CUST06963
2023-05-27 05:52:51,Headphones,West,463.64400078138914,8,65,CUST06964
2022-11-07 03:12:57,Tablet,South,568.7719790716525,5,59,CUST06965
2023-10-05 12:05:51,Tablet,East,461.63120341592384,7,38,CUST06966
2023-08-09 03:51:44,Headphones,North,667.5794246512694,8,28,CUST06967
2022-06-05 03:41:28,Laptop,South,498.2385271967653,8,74,CUST06968
2022-06-05 21:21:39,Smartphone,East,480.1857534565628,9,61,CUST06969
2023-10-24 20:52:06,Smartwatch,Wesu,550.926165255919,5,67,CUST06970
2023-11-16 11:59:55,Smartphone,East,745.3250445835248,2,51,CUST06971
2022-10-13 00:44:29,Smartwatch,South,,6,68,CUST06972
2023-10-20 16:58:58,Smartwatch,East,655.9137492888023,1,22,CUST06973
2023-09-14 14:02:35,Smartphone,North,377.36206825055274,6,45,CUST06974
2023-08-12 21:51:30,Tablet,West,506.5743721527961,3,69,CUST06975
2022-03-23 00:57:17,Headphones,North,380.7836496247192,3,27,CUST06976
2022-02-10 11:37:11,Laptop,West,444.30319780205537,7,75,CUST06977
2022-02-02 23:13:59,Laptop,West,398.21809072875504,4,65,CUST06978
2022-09-21 08:55:22,Laptop,East,604.7326326205624,5,29,CUST06979
2022-10-15 12:50:35,Smartphone,North,425.41337906761214,6,58,CUST06980
2023-07-04 05:24:16,Smartphone,West,579.5310521157622,6,20,CUST06981
2023-06-25 02:06:33,Tablet,West,420.97565410621905,2,18,CUST06982
2022-12-30 22:22:39,Laptop,East,499.16924686799666,3,54,CUST06983
2022-11-17 11:19:03,Tablet,South,,1,57,CUST06984
2023-04-30 19:39:12,Laptop,South,388.17630960207276,3,66,CUST06985
2023-11-08 12:46:54,Smartphone,Central,391.0207597409429,8,18,CUST06986
2022-01-24 09:37:15,Headphones,Centram,463.06872847467696,4,30,CUST06987
2023-11-20 21:19:03,Headphones,West,497.3627827042648,2,55,CUST06988
2022-03-16 09:18:15,Headphones,South,593.1206270029367,4,32,CUST06989
2023-10-15 21:23:27,Headphones,West,506.4477339638533,-7,24,CUST06990
2022-12-02 19:41:55,Smartwatch,North,536.7795635272757,9,47,CUST06991
2023-07-01 08:51:49,Laptop,South,326.85087509565926,5,41,CUST06992
2023-03-06 05:41:46,Headphones,South,545.2352792879547,5,25,CUST06993
2023-12-09 15:38:48,Smartwatch,South,549.2451323570137,5,20,CUST06994
2022-10-07 02:11:58,Smartwatch,Central,600.7400322835151,9,32,CUST06995
2022-11-22 03:42:07,Smartwatch,East,450.7472117141109,7,53,CUST06996
2022-12-15 08:26:31,Tablet,East,498.9898781356443,3,58,CUST06997
2022-03-14 17:13:47,Tablet,Central,605.9535143592931,2,60,CUST06998
2022-12-31 03:03:58,Smartwatch,Central,341.2037043821801,9,70,CUST06999
2023-05-05 12:15:19,Headphones,Centram,230.75301474150166,3,31,CUST07000
2023-10-24 03:50:14,Laptop,East,333.65765709435084,8,44,CUST07001
2023-07-15 16:08:12,Smartphone,West,404.10202553112026,4,47,CUST07002
2023-04-04 01:21:28,Tablet,Central,660.860912974524,5,58,CUST07003
2022-12-14 02:39:58,Headphones,Wesu,804.3878091738021,8,61,CUST07004
2022-03-17 10:59:45,Headphones,West,363.5835579966681,5,54,CUST07005
2022-04-05 02:56:02,Smartphone,North,487.37114134424286,2,70,CUST07006
2023-09-03 14:55:53,Smartphone,East,420.9713288491116,6,74,CUST07007
2022-09-07 20:54:47,Headphones,West,572.1792648706298,7,23,CUST07008
2022-04-20 20:56:29,Smartphone,East,,1,36,CUST07009
2023-10-20 05:45:25,Headphones,Easu,368.5124017347934,9,77,CUST07010
2022-10-09 12:58:17,Smartphone,North,,6,54,CUST07011
2023-12-04 23:16:24,Smartphone,East,478.5469172758473,4,18,CUST07012
2022-02-28 12:22:49,Headphones,West,684.537947269881,2,42,CUST07013
2022-12-09 13:50:11,Smartwatch,South,401.93139764440184,9,27,CUST07014
2022-07-12 06:48:31,Headphones,West,267.2961168655133,6,63,CUST07015
2023-01-04 15:10:31,Laptop,West,695.4533945156362,9,43,CUST07016
2022-09-22 08:01:22,Smartphone,East,574.5939773199827,2,76,CUST07017
2023-11-14 18:13:22,Tablet,West,325.5669934815901,5,40,CUST07018
2023-10-10 01:34:15,Smartphone,South,545.9514259055647,6,34,CUST07019
2022-09-01 23:17:24,Laptop,East,621.750104444,5,47,CUST07020
2022-09-27 12:36:18,Tablet,Central,514.0618280502862,6,44,CUST07021
2022-12-17 08:43:37,Tablet,West,704.3865290633096,3,28,CUST07022
2022-07-20 11:27:22,Headphones,West,583.2992220805858,9,21,CUST07023
2023-03-10 23:54:55,Smartwatch,North,545.824322910922,2,35,CUST07024
2022-05-27 22:51:28,Headphones,Central,530.5826107639481,2,36,CUST07025
2022-12-08 21:43:42,Tablet,Central,520.3841546280307,5,53,CUST07026
2023-04-06 14:58:42,Tablet,South,631.7102013468682,3,61,CUST07027
2023-04-09 09:54:19,Smartwatch,Central,477.56268580042234,2,63,CUST07028
2022-10-05 18:16:08,Smartphone,North,642.4299901834969,6,67,CUST07029
2022-12-28 13:44:20,Smartwatch,South,546.7906438310944,6,43,CUST07030
2022-09-03 22:35:05,Headphones,Central,515.8343595107134,7,18,CUST07031
2023-11-27 17:21:50,Smartphone,South,453.79431385384754,4,76,CUST07032
2023-08-09 15:34:57,Headphones,Central,455.1968302375623,8,37,CUST07033
2023-09-08 12:53:42,Smartwatch,Central,547.8529277097764,3,74,CUST07034
2023-04-22 13:36:30,Smartphone,Central,651.9655140844349,1,79,CUST07035
2023-10-10 03:55:29,Smartwatch,West,575.6598794863181,5,28,CUST07036
2022-09-03 11:04:51,Laptop,Central,392.82919904210775,6,76,CUST07037
2023-01-07 01:25:31,Tablet,West,260.1608951086836,3,42,CUST07038
2022-05-26 09:58:46,Smartphone,East,610.9637275966156,2,77,CUST07039
2023-11-19 02:42:11,Tablet,North,,3,74,CUST07040
2022-03-10 12:06:46,Laptop,South,458.62081963906695,3,36,CUST07041
2022-04-09 12:46:39,Smartphone,South,430.45799932945954,7,49,CUST07042
2022-06-26 18:15:18,Tablet,East,623.0789312580943,1,18,CUST07043
2023-10-24 12:05:03,Tablet,Central,370.86753543746295,4,18,CUST07044
2022-10-26 16:02:08,Smartphone,North,724.4297532241246,3,79,CUST07045
2022-05-08 03:52:21,Tablet,East,561.8465291050301,7,20,CUST07046
2022-06-04 14:10:32,Tablet,East,496.00821470583,1,75,CUST07047
2023-06-29 22:03:45,Smartphone,South,383.88271557221657,8,63,CUST07048
2023-09-27 04:14:21,Tablet,West,632.3103495984773,7,57,CUST07049
2022-05-16 06:02:42,Tablet,West,433.37040452858446,8,49,CUST07050
2023-11-27 01:55:05,Headphones,Central,606.3822025830217,8,64,CUST07051
2023-05-15 10:31:48,Headphones,Central,559.8634017398431,9,53,CUST07052
2023-02-06 18:56:24,Laptop,East,,1,60,CUST07053
2022-07-06 22:29:39,Headphones,Central,523.8466521559121,9,25,CUST07054
2022-05-21 09:21:52,Headphones,West,967.4522049527029,1,47,CUST07055
2023-05-12 20:05:07,Laptop,North,583.2457293650206,3,56,CUST07056
2023-06-07 18:11:33,Tablet,South,521.9405015542756,7,79,CUST07057
2022-03-14 23:27:16,Tablet,West,441.6432394914559,8,73,CUST07058
2022-01-28 09:11:25,Headphones,Central,631.5005802900466,5,51,CUST07059
2022-03-13 16:53:16,Laptop,South,445.0087857870648,1,25,CUST07060
2022-01-11 04:28:16,Tablet,South,383.86945833366894,3,42,CUST07061
2023-01-11 05:45:23,Smartwatch,East,429.6972932518579,7,43,CUST07062
2022-11-29 19:51:01,Smartphone,Central,471.17690967397226,-2,44,CUST07063
2023-05-26 22:19:40,Smartphone,East,837.4676034172164,2,71,CUST07064
2023-02-24 18:46:38,Smartphone,South,543.8709563334635,9,79,CUST07065
2023-09-09 09:23:05,Headphones,East,400.849190615659,6,36,CUST07066
2022-06-02 11:09:45,Smartphone,Central,663.3190449695808,4,40,CUST07067
2023-08-24 23:17:01,Smartphone,West,,9,58,CUST07068
2022-04-26 22:07:47,Smartwatch,North,694.2145147118391,7,33,CUST07069
2023-08-18 23:28:45,Tablet,West,786.7636701964846,7,25,CUST07070
2022-12-26 19:27:20,Smartwatch,South,,8,47,CUST07071
2023-02-10 09:55:32,Headphones,West,143.73570913247104,3,25,CUST07072
2022-09-30 09:56:39,Smartphone,East,798.7203409823705,2,28,CUST07073
2022-12-25 07:34:16,Tablet,Central,396.9016362113816,1,24,CUST07074
2023-07-20 18:49:41,Smartphone,West,245.2235121506027,2,38,CUST07075
2023-08-09 23:40:32,Smartphone,West,421.2705592806481,3,51,CUST07076
2023-11-27 21:40:58,Headphones,Central,354.8583709730104,-5,38,CUST07077
2022-01-11 07:46:55,Smartphone,East,384.12240197528604,8,22,CUST07078
2023-12-10 09:02:38,Laptop,North,628.3615165335233,3,67,CUST07079
2022-04-30 20:51:15,Tablet,West,446.0904446159308,7,60,CUST07080
2022-06-13 15:38:02,Tablet,South,257.3190731368259,5,75,CUST07081
2023-04-27 04:35:29,Laptop,East,504.88101519308697,5,34,CUST07082
2023-08-25 15:43:16,Headphones,East,372.32724598046053,8,38,CUST07083
2023-02-26 14:14:51,Smartphone,West,462.59784492597936,5,23,CUST07084
2023-11-10 06:23:30,Smartphone,Central,471.18431651751564,7,62,CUST07085
2022-07-24 01:45:57,Tablet,West,626.8223426217834,8,24,CUST07086
2023-01-09 17:20:39,Headphones,West,424.191812504446,8,28,CUST07087
2022-02-08 19:10:14,Headphones,Central,604.667508506836,3,35,CUST07088
2023-08-29 23:07:43,Headphones,South,,4,55,CUST07089
2023-01-21 19:47:14,Smartphone,Central,634.8147003109495,8,29,CUST07090
2022-08-18 00:28:23,Headphones,West,694.8395488598206,5,73,CUST07091
2023-03-19 02:41:53,Laptop,North,465.46473126012387,1,39,CUST07092
2023-11-13 06:28:25,Smartwatch,Central,377.2114650126475,7,20,CUST07093
2023-12-12 14:14:48,Headphones,South,338.3598668802923,3,36,CUST07094
2022-09-14 11:08:35,Smartwatch,Central,496.1769444416583,2,60,CUST07095
2023-06-22 10:07:44,Smartphone,Central,682.4107878680569,5,40,CUST07096
2022-08-18 02:47:35,Headphones,East,436.13327565282793,1,51,CUST07097
2023-11-30 11:35:18,Tablet,East,666.7163369570989,9,20,CUST07098
2022-07-15 17:56:26,Smartphone,West,327.2924397339674,5,40,CUST07099
2022-07-24 02:17:32,Laptop,West,447.2685625327382,6,74,CUST07100
2023-12-16 00:07:27,Laptop,Central,493.4605948323778,7,66,CUST07101
2023-06-17 02:59:16,Smartwatch,North,532.4592311371923,9,22,CUST07102
2022-09-05 21:58:17,Smartwatch,West,450.085974993649,-5,46,CUST07103
2023-12-15 17:01:32,Tablet,Central,686.9964959429524,4,51,CUST07104
2023-10-17 05:48:36,Tablet,Central,,3,61,CUST07105
2023-06-24 16:32:54,Laptop,Central,473.7769334903875,5,22,CUST07106
2022-04-18 16:36:52,Headphones,Central,421.92549367047855,3,46,CUST07107
2023-04-10 00:00:55,Laptop,Central,409.93773732245154,5,62,CUST07108
2023-11-30 01:54:02,Laptop,East,655.1587433449342,8,71,CUST07109
2023-08-11 11:41:32,Tablet,South,400.24765803360674,2,41,CUST07110
2022-12-12 15:46:45,Smartwatch,Souti,280.7914904096369,4,56,CUST07111
2023-07-30 04:36:44,Tablet,Central,,-8,38,CUST07112
2023-01-10 01:58:28,Tablet,West,600.0463620358037,5,49,CUST07113
2022-08-24 08:05:28,Tablet,North,295.19611289654546,8,60,CUST07114
2022-09-10 04:16:58,Laptop,Centram,440.1618216283469,6,22,CUST07115
2022-02-24 13:13:19,Headphones,North,515.3237946424624,1,79,CUST07116
2022-04-22 20:26:41,Laptop,East,247.6842357990792,5,35,CUST07117
2022-08-12 06:46:24,Smartphone,South,527.3408913836317,2,55,CUST07118
2023-08-30 17:22:47,Tablet,East,451.3147003106796,7,52,CUST07119
2022-03-01 07:50:19,Tablet,West,213.90418819263053,4,55,CUST07120
2023-01-12 06:12:02,Smartphone,West,529.2838475245973,2,33,CUST07121
2022-05-03 16:00:29,Tablet,Central,559.3701507826249,1,52,CUST07122
2022-07-23 08:25:46,Tablet,West,527.701509385057,5,67,CUST07123
2022-02-21 19:00:43,Tablet,West,575.6467237214669,8,41,CUST07124
2022-08-03 08:29:31,Smartphone,Easu,538.717642395563,8,53,CUST07125
2023-04-18 23:50:35,Laptop,North,609.5228171093325,2,22,CUST07126
2023-11-14 17:06:46,Tablet,Souti,358.120669095195,6,26,CUST07127
2022-02-02 06:08:25,Headphones,West,290.4759786645618,7,21,CUST07128
2023-02-14 17:26:36,Smartphone,West,325.80175850187896,1,78,CUST07129
2022-09-30 03:05:30,Smartwatch,East,378.176244968122,5,50,CUST07130
2023-11-17 07:07:51,Smartphone,South,803.2934230392723,6,44,CUST07131
2023-12-16 20:49:03,Laptop,East,379.50314325162265,7,39,CUST07132
2022-02-10 13:12:28,Smartphone,North,421.7343611613767,9,76,CUST07133
2023-08-14 00:27:40,Smartwatch,East,464.85345036545095,3,28,CUST07134
2022-11-07 04:53:09,Headphones,South,446.4878013143184,8,22,CUST07135
2022-03-25 03:51:55,Smartwatch,South,,3,27,CUST07136
2023-09-05 11:07:09,Smartphone,West,241.15926764308028,9,20,CUST07137
2023-04-26 17:45:44,Smartwatch,North,827.8057599927421,8,32,CUST07138
2022-01-27 06:29:58,Smartphone,Central,521.7041319789628,9,76,CUST07139
2022-02-18 09:35:26,Headphones,West,644.2228476063752,5,76,CUST07140
2022-02-09 19:21:29,Headphones,East,503.0553582419436,9,63,CUST07141
2023-04-11 05:34:12,Laptop,East,622.2903652252359,3,54,CUST07142
2022-10-11 03:17:11,Headphones,South,358.3460614181903,7,57,CUST07143
2022-07-07 08:21:02,Tablet,South,,3,34,CUST07144
2022-07-03 03:25:21,Smartwatch,South,888.968152654424,6,37,CUST07145
2022-06-22 17:16:38,Smartwatch,Central,787.0207338059486,8,68,CUST07146
2022-11-11 11:35:58,Smartphone,Central,341.9332468055026,2,21,CUST07147
2022-10-20 19:21:23,Headphones,West,607.4820729101694,8,51,CUST07148
2023-08-01 21:10:48,Laptop,Central,673.681537171347,1,51,CUST07149
2022-08-13 06:08:11,Laptop,South,599.0282359786916,4,48,CUST07150
2023-01-31 18:25:04,Laptop,West,468.75086513091316,7,51,CUST07151
2022-08-27 19:23:34,Tablet,West,803.6748978923628,1,20,CUST07152
2023-01-22 07:54:15,Headphones,North,603.1493935692523,6,45,CUST07153
2022-09-09 08:57:08,Laptop,Central,360.81445013613984,6,58,CUST07154
2022-08-17 10:24:46,Tablet,East,441.9670548292689,7,54,CUST07155
2023-08-17 09:06:08,Smartwatch,East,339.5034568064161,9,69,CUST07156
2022-05-23 01:52:00,Smartphone,North,483.890472282677,7,46,CUST07157
2023-10-03 12:43:36,Headphones,South,479.03818782987565,3,32,CUST07158
2022-03-04 18:16:09,Headphones,North,613.3043923802708,4,53,CUST07159
2022-12-20 20:46:33,Smartwatch,South,,1,52,CUST07160
2023-07-04 09:49:08,Headphones,Central,558.2508929328517,5,58,CUST07161
2023-06-22 02:15:42,Headphones,Central,554.2098456898888,7,76,CUST07162
2023-02-12 10:24:16,Headphones,West,656.4900133121744,3,27,CUST07163
2023-11-24 22:54:13,Headphones,West,466.12433844294424,6,34,CUST07164
2023-03-04 12:40:05,Tablet,West,141.040735492925,3,47,CUST07165
2022-09-19 10:26:42,Tablet,West,816.6451928673157,4,71,CUST07166
2022-12-18 09:46:20,Smartphone,East,363.3890192615855,5,69,CUST07167
2023-09-23 07:05:51,Headphones,West,604.3199961707924,6,25,CUST07168
2022-06-08 07:36:39,Smartwatch,West,448.9068124031636,6,40,CUST07169
2022-04-13 02:23:57,Laptop,West,709.7046447552291,1,36,CUST07170
2023-03-16 09:58:06,Smartphone,South,355.7462577461225,8,54,CUST07171
2022-09-02 02:55:12,Laptop,West,393.3821752097802,3,76,CUST07172
2022-01-03 17:00:00,Laptop,North,425.33497635004255,4,60,CUST07173
2023-06-03 18:07:49,Headphones,West,583.1443846184704,8,53,CUST07174
2022-10-22 23:59:21,Smartwatch,West,533.4555576729651,5,21,CUST07175
2022-11-23 06:22:08,Laptop,East,584.7812349612433,6,43,CUST07176
2022-11-18 10:10:45,Laptop,West,519.0135565608595,1,64,CUST07177
2023-11-06 11:24:00,Smartphone,South,639.8043341070332,8,57,CUST07178
2023-12-27 00:10:23,Smartwatch,Central,642.3199108046625,5,74,CUST07179
2023-10-28 05:27:41,Smartwatch,West,727.1720446637397,1,44,CUST07180
2022-11-27 04:44:28,Laptop,Wesu,551.5694869819927,7,30,CUST07181
2023-09-28 11:33:25,Smartwatch,West,550.8531486989488,2,79,CUST07182
2022-06-08 11:38:10,Smartphone,East,765.0512939952187,6,79,CUST07183
2022-05-04 17:07:57,Smartphone,Central,679.6103917097823,3,69,CUST07184
2023-06-21 17:46:53,Smartphone,East,577.8101653814725,6,61,CUST07185
2022-10-25 19:52:14,Headphones,East,290.8289965590024,9,51,CUST07186
2023-12-27 17:07:19,Laptop,East,247.44779023415026,6,50,CUST07187
2023-07-28 04:42:36,Smartwatch,South,591.9059494428953,1,63,CUST07188
2023-11-26 13:45:50,Smartphone,Central,598.088723030134,6,43,CUST07189
2023-07-07 22:59:01,Laptop,South,391.5820220509089,3,37,CUST07190
2023-08-14 17:42:20,Laptop,South,553.0845840004672,4,25,CUST07191
2023-04-23 18:27:38,Headphones,Central,363.0281640390239,4,33,CUST07192
2022-01-13 16:59:56,Smartwatch,South,585.826907558697,9,22,CUST07193
2022-10-26 05:06:56,Smartwatch,Central,589.733121963284,8,51,CUST07194
2023-05-19 16:26:06,Smartphone,West,588.7613981571621,7,64,CUST07195
2022-11-15 16:29:40,Smartphone,East,550.3303481145407,5,44,CUST07196
2022-02-25 18:18:31,Laptop,South,455.88165948119604,4,53,CUST07197
2023-06-15 21:35:30,Smartwatch,Central,468.24596156436553,3,21,CUST07198
2022-02-26 05:42:19,Smartwatch,North,673.864787279251,1,59,CUST07199
2023-04-06 18:03:49,Smartphone,South,562.2372283574305,9,70,CUST07200
2022-12-31 02:02:44,Tablet,South,573.2133499501317,8,67,CUST07201
2023-08-14 06:44:37,Laptop,Central,512.9734726108907,1,24,CUST07202
2023-12-01 08:05:13,Smartwatch,North,59771.747540198376,2,54,CUST07203
2023-08-20 02:21:36,Headphones,North,643.8396032854182,1,53,CUST07204
2023-12-23 08:32:22,Headphones,West,405.8049412812055,1,41,CUST07205
2022-01-17 00:20:40,Tablet,South,588.9120926761749,9,32,CUST07206
2023-01-30 07:26:25,Smartphone,East,466.08742050843887,5,67,CUST07207
2022-03-12 01:04:25,Smartphone,South,,3,66,CUST07208
2022-12-07 07:49:24,Smartphone,East,625.2854820541769,2,23,CUST07209
2022-03-16 11:18:43,Headphones,East,282.2448059523883,8,43,CUST07210
2022-09-05 00:01:09,Smartphone,Central,337.42702447831186,8,43,CUST07211
2023-11-04 20:04:10,Headphones,South,,6,73,CUST07212
2022-01-08 22:25:03,Tablet,Central,390.44832804183216,2,72,CUST07213
2023-05-06 08:14:41,Laptop,West,475.6476648645822,1,42,CUST07214
2022-04-30 08:23:45,Smartwatch,East,753.857131769299,6,50,CUST07215
2022-07-18 02:01:39,Tablet,North,676.7670328062982,1,20,CUST07216
2022-11-06 12:54:16,Headphones,East,412.9115298729163,6,26,CUST07217
2023-08-02 01:04:13,Tablet,West,630.3325040132879,2,54,CUST07218
2022-02-25 07:03:41,Smartwatch,East,493.5165989466901,7,55,CUST07219
2022-10-23 19:10:04,Laptop,Central,551.562392745913,2,47,CUST07220
2022-09-18 02:40:06,Smartwatch,South,352.87110075941706,2,44,CUST07221
2023-07-22 13:00:47,Headphones,North,301.8974673433383,6,30,CUST07222
2022-08-25 23:54:19,Smartwatch,Central,609.8522800708939,4,40,CUST07223
2022-12-14 03:37:26,Tablet,South,504.92687169201275,6,20,CUST07224
2023-09-04 10:53:02,Smartphone,North,578.3895729595046,8,40,CUST07225
2022-06-20 01:12:50,Tablet,West,739.0621391066045,3,52,CUST07226
2023-01-31 01:15:42,Headphones,East,464.1799946794936,5,71,CUST07227
2022-02-18 19:45:46,Laptop,North,465.5546905996255,5,41,CUST07228
2023-09-28 19:30:54,Smartwatch,West,765.299185936879,9,72,CUST07229
2022-10-02 18:50:19,Laptop,South,502.5483920576052,7,54,CUST07230
2022-10-18 01:36:34,Headphones,North,379.50391268613413,9,29,CUST07231
2023-12-13 00:12:00,Smartwatch,West,610.3523238938878,8,71,CUST07232
2023-01-14 08:09:06,Tablet,South,464.3485783588689,3,37,CUST07233
2023-06-27 15:32:34,Tablet,Central,376.60426733882264,2,35,CUST07234
2023-09-25 19:35:47,Headphones,East,513.4529899931613,3,24,CUST07235
2022-07-08 07:42:27,Smartwatch,Wesu,624.0029031661869,6,69,CUST07236
2023-04-17 03:42:26,Tablet,Central,326.1226840953923,4,71,CUST07237
2023-09-18 11:48:47,Headphones,South,322.6346330346062,1,43,CUST07238
2022-05-14 09:10:17,Headphones,North,487.99114101792355,9,29,CUST07239
2022-10-02 08:26:23,Laptop,East,334.99509830339167,6,51,CUST07240
2022-04-18 22:06:31,Tablet,South,308.58909770441437,1,65,CUST07241
2022-12-22 12:44:07,Smartwatch,West,500.91741005126653,3,49,CUST07242
2022-05-03 02:09:00,Tablet,East,665.9105710394524,1,47,CUST07243
2022-02-03 15:21:32,Tablet,Central,618.2026036340958,9,19,CUST07244
2023-12-02 01:36:16,Tablet,East,483.95884579379543,4,71,CUST07245
2023-03-06 06:23:02,Headphones,Central,692.3857983844363,2,25,CUST07246
2022-09-23 06:32:10,Smartphone,South,760.2439365153261,4,50,CUST07247
2023-03-31 04:12:33,Smartphone,North,573.6832237045389,2,63,CUST07248
2023-08-26 16:52:16,Laptop,East,445.0712542027048,6,59,CUST07249
2022-11-25 20:17:38,Tablet,North,734.3923737006169,6,72,CUST07250
2023-07-09 03:42:23,Smartphone,North,727.7822834666905,7,71,CUST07251
2022-01-02 09:53:39,Laptop,East,,9,47,CUST07252
2022-12-11 02:53:00,Headphones,Easu,683.4268235094463,9,70,CUST07253
2022-01-21 10:21:57,Tablet,North,382.8073019118756,4,62,CUST07254
2022-07-16 06:03:37,Smartwatch,West,189.9139579011496,9,59,CUST07255
2022-11-21 18:05:51,Headphones,West,,8,62,CUST07256
2022-04-05 22:30:37,Laptop,East,530.9854520216854,1,45,CUST07257
2023-09-13 02:40:36,Headphones,North,488.8730540234921,7,30,CUST07258
2023-01-14 04:51:59,Smartwatch,North,644.2794245976635,7,41,CUST07259
2023-11-19 13:19:10,Headphones,South,277.1516750761853,4,50,CUST07260
2022-08-19 08:57:18,Laptop,North,280.083263018892,7,22,CUST07261
2022-12-02 19:26:53,Smartwatch,West,614.3456698370458,5,77,CUST07262
2023-05-08 07:46:11,Smartwatch,South,284.61100143849444,5,65,CUST07263
2023-04-15 21:52:39,Headphones,West,459.38697626664526,5,23,CUST07264
2022-01-28 23:20:26,Smartwatch,Central,503.68443996441067,6,21,CUST07265
2023-11-04 14:08:15,Headphones,East,402.42662081263455,7,59,CUST07266
2022-02-19 15:47:27,Tablet,Central,586.6791821144434,5,60,CUST07267
2023-06-15 04:06:21,Smartwatch,East,190.71989090664954,9,77,CUST07268
2022-01-02 16:12:51,Headphones,West,774.7892134900059,9,75,CUST07269
2023-10-05 21:31:24,Tablet,West,450.4795947068969,7,51,CUST07270
2022-03-08 13:06:33,Smartwatch,Central,474.45922057209964,3,46,CUST07271
2023-08-18 05:16:11,Tablet,East,904.0365803639863,4,73,CUST07272
2022-05-12 18:58:39,Smartwatch,East,296.01493171559275,4,38,CUST07273
2022-08-04 06:08:44,Laptop,South,343.23530692516607,7,43,CUST07274
2022-12-14 11:06:41,Laptop,North,710.6745917141902,2,49,CUST07275
2023-05-21 07:56:14,Headphones,South,266.5304762248456,5,39,CUST07276
2022-04-09 09:06:10,Smartphone,West,574.2770661272929,4,58,CUST07277
2023-09-20 20:56:21,Laptop,Central,409.05781267260073,9,31,CUST07278
2022-09-16 05:30:47,Smartphone,East,257.578915723602,1,51,CUST07279
2022-05-01 15:51:51,Tablet,South,579.0274033560955,3,54,CUST07280
2023-09-26 03:04:10,Tablet,Central,583.4386086814262,6,61,CUST07281
2023-09-06 13:43:58,Smartphone,Central,500.2078782264502,4,18,CUST07282
2022-09-06 04:53:28,Headphones,North,810.3633417536553,3,49,CUST07283
2022-01-28 08:20:54,Smartwatch,East,384.2754013214507,6,49,CUST07284
2022-03-26 07:24:28,Smartphone,Central,629.986043573498,3,68,CUST07285
2023-02-21 05:57:21,Smartphone,East,549.1012270440575,7,71,CUST07286
2023-07-10 20:22:31,Smartphone,South,645.7282647653451,1,41,CUST07287
2022-06-16 00:05:26,Smartphone,Central,424.38697563047384,9,61,CUST07288
2023-09-10 20:30:47,Smartphone,Central,292.29959104463387,2,38,CUST07289
2023-07-26 01:54:51,Headphones,South,397.6982819869924,4,29,CUST07290
2023-05-21 13:56:02,Laptop,East,490.4332154557853,6,37,CUST07291
2022-08-18 12:00:38,Smartwatch,East,,6,54,CUST07292
2023-06-02 16:48:41,Laptop,Central,502.59301456493216,8,37,CUST07293
2022-07-23 03:41:48,Smartphone,South,532.2615531974044,8,19,CUST07294
2022-08-28 15:16:08,Laptop,West,758.8343279165146,4,31,CUST07295
2022-08-10 04:34:23,Headphones,East,496.3666927690874,6,34,CUST07296
2023-09-18 15:14:42,Tablet,West,420.1439574994412,9,41,CUST07297
2023-10-21 14:47:57,Laptop,Central,566.0486998356096,7,47,CUST07298
2022-04-30 04:47:05,Smartwatch,West,242.62765264577394,8,32,CUST07299
2022-04-26 14:49:09,Headphones,West,242.30642161564793,8,78,CUST07300
2022-01-03 04:31:13,Tablet,East,479.8921480532598,2,66,CUST07301
2023-08-10 16:48:49,Headphones,Centram,,7,51,CUST07302
2022-10-04 12:59:48,Smartphone,West,408.7642350143465,3,70,CUST07303
2022-11-24 05:42:52,Tablet,East,640.2160165865972,7,25,CUST07304
2023-01-13 22:28:54,Smartwatch,West,578.936742144625,2,59,CUST07305
2023-09-26 15:07:39,Tablet,East,488.45374270684783,1,20,CUST07306
2022-11-15 08:03:45,Smartwatch,Central,512.4449102947754,9,28,CUST07307
2023-08-19 02:34:18,Smartphone,South,436.322788323312,1,44,CUST07308
2022-05-28 14:51:41,Smartwatch,East,627.4011356088573,1,26,CUST07309
2022-10-16 21:05:48,Headphones,East,,3,32,CUST07310
2022-03-31 17:25:42,Laptop,West,648.6399273657419,1,49,CUST07311
2022-08-27 20:15:00,Headphones,Central,641.7390494079139,7,79,CUST07312
2023-02-05 14:53:17,Headphones,North,508.1072209729752,7,71,CUST07313
2023-03-26 16:55:33,Tablet,North,395.26842856366255,8,28,CUST07314
2022-10-10 02:19:35,Smartphone,South,474.90433672490303,2,20,CUST07315
2022-02-15 12:43:37,Laptop,Central,517.4936810016891,7,43,CUST07316
2022-05-18 16:06:20,Smartwatch,East,398.8960179095101,9,24,CUST07317
2023-04-14 14:30:05,Tablet,North,744.4803732126612,5,45,CUST07318
2023-11-21 04:36:59,Smartphone,South,745.2291749924634,3,72,CUST07319
2022-07-20 20:28:51,Laptop,Central,481.98982096000066,9,56,CUST07320
2022-05-05 10:24:28,Headphones,South,654.6319996518159,1,21,CUST07321
2023-03-14 23:36:54,Smartphone,Norti,584.0032273009544,3,47,CUST07322
2022-01-24 17:27:33,Smartphone,West,425.50687014970066,2,55,CUST07323
2022-02-28 02:59:43,Smartphone,West,561.8015723864792,2,68,CUST07324
2023-08-15 07:57:29,Headphones,Central,383.8615842405849,3,31,CUST07325
2022-01-23 23:34:41,Smartwatch,South,367.9995658987401,7,53,CUST07326
2022-01-30 15:38:33,Tablet,East,571.5355138377327,6,48,CUST07327
2023-12-02 16:31:27,Smartwatch,North,573.3212111605025,9,68,CUST07328
2023-03-12 10:36:56,Laptop,West,904.1131303006912,3,36,CUST07329
2023-07-31 07:19:00,Tablet,West,476.6795142494556,5,66,CUST07330
2023-06-29 17:24:25,Laptop,South,420.65540192774125,9,70,CUST07331
2023-06-09 01:20:19,Headphones,West,638.4131327532236,3,77,CUST07332
2023-08-24 11:22:45,Smartwatch,South,496.2415400131485,8,68,CUST07333
2023-09-24 21:02:39,Smartphone,North,402.85694989821013,9,29,CUST07334
2023-04-11 01:08:07,Tablet,South,412.1280042136244,7,66,CUST07335
2023-02-03 15:32:10,Smartphone,West,473.0702377669143,6,32,CUST07336
2023-09-15 21:23:10,Laptop,South,658.167661201839,6,26,CUST07337
2022-11-13 20:00:02,Smartphone,West,,6,44,CUST07338
2022-01-19 01:14:17,Smartphone,Central,374.9911433086828,5,77,CUST07339
2022-11-14 02:29:30,Headphones,West,775.2077336744281,7,37,CUST07340
2023-04-29 05:35:38,Headphones,West,363.893021661836,7,45,CUST07341
2023-04-23 10:57:20,Smartwatch,West,389.4007923470323,7,42,CUST07342
2023-04-03 02:11:43,Laptop,Central,675.0540035950669,3,33,CUST07343
2023-09-20 10:52:51,Headphones,East,724.6341211320565,6,35,CUST07344
2023-08-12 20:36:14,Headphones,West,553.0335172485704,9,67,CUST07345
2022-08-14 04:51:15,Smartwatch,East,306.40816433555125,9,53,CUST07346
2023-04-24 06:07:36,Tablet,North,514.5347177791749,4,21,CUST07347
2023-01-21 19:30:26,Smartwatch,South,294.940460749955,9,38,CUST07348
2022-04-13 05:00:52,Smartphone,East,872.7117568543896,2,44,CUST07349
2023-10-31 04:31:27,Smartphone,North,543.0751916211042,8,18,CUST07350
2023-01-30 01:03:51,Headphones,South,620.2241281444303,2,22,CUST07351
2023-03-02 06:33:41,Headphones,West,444.4586641426347,5,61,CUST07352
2022-06-02 18:51:14,Smartwatch,West,770.8500761910948,6,63,CUST07353
2023-04-06 03:08:05,Smartwatch,West,424.62821139593893,2,27,CUST07354
2023-01-04 02:02:40,Laptop,Central,371.17659547902224,9,67,CUST07355
2023-04-22 14:04:03,Smartphone,Central,545.7327361076559,6,38,CUST07356
2022-12-27 12:16:21,Smartwatch,Central,632.0096578712844,8,27,CUST07357
2022-04-12 19:20:15,Tablet,Central,819.3042189578952,4,43,CUST07358
2023-05-11 12:49:58,Laptop,North,742.1446787284721,3,33,CUST07359
2022-01-16 02:01:46,Smartwatch,North,679.2627334450974,4,55,CUST07360
2022-03-05 12:53:32,Headphones,West,397.2199654567139,1,20,CUST07361
2022-10-24 03:20:26,Smartwatch,South,394.0489433351003,1,37,CUST07362
2023-12-25 23:51:05,Headphones,Central,,8,64,CUST07363
2023-05-20 06:58:10,Headphones,South,477.40191521126803,1,22,CUST07364
2023-10-21 13:15:52,Smartphone,Norti,213.0088223605115,5,23,CUST07365
2023-05-02 02:34:35,Smartphone,Centram,704.8186841748497,9,42,CUST07366
2022-06-30 13:14:51,Smartwatch,North,346.3119960281772,3,42,CUST07367
2022-06-11 20:32:22,Smartwatch,North,327.7852198889754,2,71,CUST07368
2022-11-21 09:36:13,Tablet,East,439.12523340188983,5,29,CUST07369
2022-01-28 02:52:16,Laptop,North,298.6425452807575,2,18,CUST07370
2023-03-29 19:20:49,Laptop,West,596.6435889653692,1,71,CUST07371
2023-07-02 10:31:12,Smartwatch,North,355.09665543607707,9,59,CUST07372
2023-01-14 16:04:10,Smartphone,Central,575.2203911304888,9,20,CUST07373
2022-02-21 04:34:48,Tablet,West,638.7321339293378,1,38,CUST07374
2023-06-11 16:56:40,Laptop,North,,4,22,CUST07375
2023-04-08 17:12:54,Smartwatch,West,392.38203913371837,5,75,CUST07376
2022-06-08 16:20:25,Smartphone,North,379.674971755721,2,32,CUST07377
2023-10-28 01:03:14,Smartphone,West,337.6670390484017,9,21,CUST07378
2023-08-26 10:54:52,Smartphone,South,436.94637823639476,9,36,CUST07379
2022-07-15 03:59:42,Headphones,East,510.10709036316047,9,34,CUST07380
2023-11-07 23:52:36,Smartphone,Wesu,292.54759919124734,8,72,CUST07381
2023-05-30 01:47:26,Smartwatch,Central,403.7011016073283,6,78,CUST07382
2023-09-15 09:33:39,Tablet,East,523.6664905019917,1,25,CUST07383
2023-06-16 12:06:46,Smartwatch,East,505.20138872071556,5,54,CUST07384
2023-06-29 00:00:29,Smartphone,North,99.92156181422264,8,41,CUST07385
2023-06-15 04:24:56,Tablet,West,595.0447742186216,4,21,CUST07386
2022-07-17 15:04:59,Laptop,East,685.7674411372802,8,41,CUST07387
2022-10-01 11:15:45,Laptop,Central,414.10378463949706,6,36,CUST07388
2022-05-26 03:39:35,Smartwatch,Central,239.7638785022951,1,41,CUST07389
2023-08-15 07:02:07,Tablet,Centram,385.34184532167734,1,71,CUST07390
2022-08-25 05:41:02,Smartwatch,North,380.91776822025184,3,58,CUST07391
2022-12-29 00:55:52,Tablet,South,679.9783003282878,1,62,CUST07392
2022-01-17 16:56:41,Tablet,West,335.9527949959233,4,38,CUST07393
2022-12-31 20:32:13,Smartwatch,East,446.2948185864853,3,34,CUST07394
2022-09-30 12:56:09,Tablet,West,751.7354840574922,7,25,CUST07395
2022-10-26 09:27:20,Smartphone,East,524.1470840565983,9,48,CUST07396
2022-05-25 10:39:41,Tablet,North,529.3396143051648,7,76,CUST07397
2022-05-04 05:27:21,Tablet,West,484.82045425675807,5,36,CUST07398
2023-09-10 09:26:53,Smartwatch,North,646.6529980434966,1,28,CUST07399
2022-11-19 21:30:30,Laptop,North,560.6076711717959,5,70,CUST07400
2023-02-07 02:14:22,Headphones,West,778.0314517987779,1,63,CUST07401
2022-02-18 02:15:04,Tablet,West,794.399614686371,6,67,CUST07402
2022-10-02 05:11:52,Headphones,East,547.0575281037995,8,40,CUST07403
2022-09-29 20:23:41,Tablet,Central,494.4161149228829,7,54,CUST07404
2022-06-17 18:24:34,Smartwatch,North,524.5431196662478,1,45,CUST07405
2023-03-09 10:50:27,Smartwatch,South,415.0354777548177,8,40,CUST07406
2023-01-08 17:47:27,Tablet,East,520.061740048201,9,29,CUST07407
2022-12-03 11:52:01,Smartwatch,East,283.6860038493919,2,33,CUST07408
2023-12-13 05:26:33,Smartwatch,Central,393.18893509214377,1,33,CUST07409
2022-01-31 18:49:46,Tablet,Central,617.9730429693055,6,31,CUST07410
2023-02-06 19:05:46,Laptop,Norti,580.7081564652277,4,24,CUST07411
2022-04-11 17:05:24,Tablet,East,480.9064685388365,7,38,CUST07412
2022-12-06 03:12:20,Laptop,East,562.8339813726135,3,38,CUST07413
2023-06-19 11:04:53,Smartwatch,South,725.9234921229453,3,58,CUST07414
2022-10-23 07:24:28,Laptop,North,442.1578584686382,8,52,CUST07415
2023-01-20 03:05:42,Smartwatch,North,,7,63,CUST07416
2023-06-04 22:43:02,Laptop,Central,594.0808845747224,5,41,CUST07417
2023-12-23 14:01:52,Laptop,North,580.4382720599123,3,18,CUST07418
2023-09-25 13:46:39,Tablet,Souti,613.9544186659425,1,31,CUST07419
2023-12-11 05:58:21,Laptop,Norti,320.4170403908628,3,37,CUST07420
2023-03-26 02:36:47,Smartwatch,West,274.96379124760114,9,45,CUST07421
2023-08-25 04:48:01,Tablet,West,539.7409092353363,1,35,CUST07422
2022-08-17 02:39:07,Laptop,South,529.2419338041802,-5,20,CUST07423
2022-08-21 15:40:40,Tablet,Central,446.4233698927796,4,44,CUST07424
2023-10-27 23:50:01,Headphones,East,717.011260552678,6,23,CUST07425
2022-09-08 14:33:53,Tablet,North,498.51646561876487,2,21,CUST07426
2022-07-06 06:54:45,Headphones,Centram,684.6533076035838,4,18,CUST07427
2023-06-10 14:15:22,Headphones,Central,631.7327909952775,9,38,CUST07428
2023-02-09 17:35:06,Tablet,North,336.51457566547003,5,52,CUST07429
2023-11-15 17:14:55,Smartwatch,East,366.9601987152573,8,78,CUST07430
2023-07-24 04:13:36,Smartwatch,North,307.6682145456549,2,45,CUST07431
2023-04-27 12:54:10,Smartwatch,East,564.6892056710052,9,35,CUST07432
2022-04-23 20:20:33,Smartphone,Souti,514.7161662411854,7,69,CUST07433
2023-12-08 03:20:02,Headphones,East,702.5140885017854,7,78,CUST07434
2023-10-10 14:19:32,Tablet,Central,589.2624038935008,2,69,CUST07435
2023-09-09 18:32:26,Smartwatch,South,305.3057515301897,8,52,CUST07436
2022-09-12 21:12:57,Smartwatch,West,430.69107938325396,9,79,CUST07437
2023-04-06 02:53:03,Tablet,South,183.43452704283595,5,79,CUST07438
2023-07-16 20:26:45,Headphones,East,54400.59266853847,3,70,CUST07439
2022-01-19 04:02:00,Tablet,South,918.6122514348094,3,38,CUST07440
2022-11-01 07:46:51,Smartphone,South,519.6227409882657,6,33,CUST07441
2022-03-01 23:25:30,Smartphone,West,530.177805409616,1,73,CUST07442
2023-04-21 02:55:42,Tablet,Easu,497.4023776582234,9,43,CUST07443
2023-11-03 00:10:22,Headphones,Central,553.377741372642,6,56,CUST07444
2023-03-24 18:57:51,Smartwatch,South,476.56484092204397,9,76,CUST07445
2023-05-23 20:31:37,Smartphone,North,592.6783120634831,3,26,CUST07446
2023-05-24 09:32:59,Smartphone,Central,384.1374121500334,3,40,CUST07447
2022-08-24 12:23:23,Headphones,South,390.35368348009433,7,19,CUST07448
2022-12-17 22:12:28,Smartphone,Central,306.1280303613517,7,20,CUST07449
2022-07-04 16:10:43,Smartphone,North,495.1210775134897,4,71,CUST07450
2022-09-09 01:22:46,Headphones,Central,334.12649510020395,8,50,CUST07451
2022-11-08 01:27:17,Tablet,Central,717.8804583985725,2,41,CUST07452
2023-10-06 16:21:21,Smartwatch,North,435.35890883092867,1,40,CUST07453
2023-04-23 22:10:02,Smartwatch,North,204.6476655768034,1,23,CUST07454
2022-07-24 16:53:46,Smartphone,North,329.6861689137013,2,38,CUST07455
2022-11-10 20:44:10,Smartwatch,West,520.2565029445564,6,79,CUST07456
2022-06-27 13:08:30,Tablet,North,597.8532393602882,8,64,CUST07457
2022-10-19 15:36:30,Smartphone,Central,553.0891033590208,3,75,CUST07458
2022-03-14 05:25:27,Smartwatch,North,376.64905487788354,6,22,CUST07459
2023-11-08 23:15:18,Laptop,South,414.31556900971145,8,30,CUST07460
2022-12-13 05:57:18,Laptop,North,396.7489566127092,9,57,CUST07461
2023-10-18 08:01:58,Laptop,North,584.9952705522636,8,73,CUST07462
2022-05-29 19:27:41,Laptop,East,517.4442702671407,7,30,CUST07463
2022-12-12 08:52:14,Laptop,Central,432.8895266280446,4,36,CUST07464
2022-07-03 20:00:39,Smartphone,Central,40108.103317206675,3,26,CUST07465
2022-07-31 01:57:31,Headphones,South,421.5589960258556,7,20,CUST07466
2022-07-31 01:25:32,Headphones,West,501.27295110673816,1,78,CUST07467
2022-07-30 16:46:53,Smartphone,East,701.1232422902186,7,48,CUST07468
2022-12-19 06:41:46,Smartphone,South,527.9895112590414,6,75,CUST07469
2023-03-13 03:33:36,Tablet,South,449.5091644950345,3,63,CUST07470
2022-05-31 17:17:50,Headphones,Central,437.8199088947669,3,73,CUST07471
2022-10-04 19:33:16,Laptop,East,755.2841656122934,2,56,CUST07472
2022-09-09 06:21:04,Smartphone,Centram,623.7089569859633,1,30,CUST07473
2022-12-31 07:55:35,Laptop,West,646.8066666761009,5,58,CUST07474
2023-04-12 16:47:31,Headphones,Central,612.1085537889633,7,28,CUST07475
2022-08-27 20:57:56,Smartwatch,North,492.50890785773686,7,58,CUST07476
2023-04-16 13:43:35,Smartwatch,Central,679.6678906920863,6,28,CUST07477
2023-02-28 16:50:12,Smartphone,North,279.8280061251617,6,63,CUST07478
2023-08-10 03:30:33,Tablet,South,732.6411949020438,7,64,CUST07479
2022-03-22 01:54:23,Laptop,Wesu,611.3208385070948,8,66,CUST07480
2022-10-13 19:18:59,Smartphone,North,572.8850009280566,5,18,CUST07481
2023-09-17 07:02:51,Tablet,West,386.45205137178647,1,52,CUST07482
2022-07-03 03:24:37,Laptop,Central,639.6438708222324,7,72,CUST07483
2023-04-09 18:15:56,Headphones,Central,671.7570792398556,2,52,CUST07484
2022-03-14 10:17:18,Smartwatch,South,394.3386627658479,5,20,CUST07485
2023-07-17 09:28:43,Tablet,Central,39890.33503489897,7,21,CUST07486
2022-10-30 01:48:20,Laptop,North,344.95867145848297,7,41,CUST07487
2022-09-26 10:21:17,Smartphone,South,58219.84233988371,9,47,CUST07488
2023-12-03 22:58:30,Laptop,West,485.27642632791543,5,49,CUST07489
2023-02-02 17:29:51,Smartphone,South,818.3725116030633,6,66,CUST07490
2022-07-12 13:01:01,Smartwatch,West,269.88647450735976,6,37,CUST07491
2022-05-03 16:50:17,Smartwatch,East,,1,53,CUST07492
2022-11-22 10:00:38,Laptop,North,501.8038377187914,7,30,CUST07493
2022-08-08 15:53:16,Laptop,North,599.751704364897,7,73,CUST07494
2023-07-14 16:22:11,Smartphone,West,592.9617784042088,4,56,CUST07495
2023-02-10 15:42:51,Smartphone,Central,512.6744891384983,4,21,CUST07496
2023-03-28 17:08:12,Tablet,Central,552.8588543117611,6,45,CUST07497
2022-08-18 00:24:04,Tablet,East,517.7650469093448,3,57,CUST07498
2023-03-13 10:02:04,Tablet,West,657.404839552647,6,60,CUST07499
2022-11-08 23:46:10,Laptop,East,416.5617553785166,4,68,CUST07500
2022-01-01 19:18:38,Tablet,West,433.5513650839201,8,75,CUST07501
2022-07-16 05:19:31,Laptop,East,603.4149472647285,5,79,CUST07502
2022-11-10 10:49:18,Smartwatch,West,735.850981456178,8,24,CUST07503
2023-12-13 15:09:33,Headphones,North,404.8627303395967,9,26,CUST07504
2022-10-20 15:54:27,Smartwatch,East,536.1773832729134,4,39,CUST07505
2022-09-12 09:14:58,Laptop,Easu,443.23595081303716,1,21,CUST07506
2023-10-15 11:21:48,Laptop,West,583.2148683638492,7,53,CUST07507
2023-04-18 01:01:29,Headphones,South,253.80876902064685,7,50,CUST07508
2022-09-29 14:03:00,Smartphone,South,448.1414489764955,5,23,CUST07509
2023-03-02 09:17:51,Smartphone,North,413.8686544367324,5,20,CUST07510
2023-05-21 02:27:38,Smartphone,Central,448.6469039220113,1,52,CUST07511
2022-08-15 07:33:10,Tablet,Central,119.16771550277552,3,50,CUST07512
2023-10-22 21:34:43,Smartphone,North,803.667144134906,1,24,CUST07513
2022-01-27 20:03:40,Tablet,Central,125.8706722885935,7,58,CUST07514
2023-03-05 17:23:31,Tablet,Wesu,571.4310005002823,5,52,CUST07515
2022-05-07 17:30:45,Smartphone,South,305.91218339010453,4,72,CUST07516
2022-05-20 14:59:10,Smartphone,North,313.2930295434819,7,74,CUST07517
2022-03-26 11:50:59,Headphones,West,520.7034267633641,9,64,CUST07518
2022-03-14 20:43:45,Headphones,North,,6,79,CUST07519
2022-04-20 15:21:57,Tablet,South,338.6786432354962,9,20,CUST07520
2022-01-29 02:45:51,Headphones,Central,333.79181640561467,6,74,CUST07521
2023-01-24 20:16:15,Tablet,West,305.7650164234891,9,60,CUST07522
2023-05-03 10:19:48,Laptop,South,532.2060567130642,6,35,CUST07523
2022-06-20 03:26:27,Tablet,North,342.92075121744637,9,20,CUST07524
2022-11-30 17:40:45,Tablet,East,693.306829220509,3,76,CUST07525
2022-03-05 21:44:12,Headphones,West,326.93247874713273,5,69,CUST07526
2023-04-13 15:32:34,Laptop,North,581.2701240975501,5,79,CUST07527
2023-04-26 09:13:58,Smartwatch,North,731.7012020174357,8,56,CUST07528
2022-10-25 01:53:37,Smartwatch,South,510.32312968962964,7,44,CUST07529
2022-10-23 01:08:28,Smartwatch,North,231.44550396947926,2,26,CUST07530
2023-08-27 17:26:02,Laptop,West,560.0103022010356,2,78,CUST07531
2022-02-13 17:15:41,Smartphone,West,463.05228805950986,7,34,CUST07532
2022-12-29 00:36:05,Laptop,North,,4,77,CUST07533
2023-05-04 13:25:48,Headphones,South,737.9067285184091,6,58,CUST07534
2022-02-23 01:41:55,Tablet,West,507.7361886428997,9,59,CUST07535
2023-07-06 02:14:45,Tablet,East,577.0148617248994,4,62,CUST07536
2023-04-02 15:16:03,Headphones,Central,400.69235666025526,7,22,CUST07537
2022-09-09 18:42:59,Headphones,South,457.9076358148497,9,63,CUST07538
2022-01-21 11:46:43,Tablet,South,,1,21,CUST07539
2023-09-26 03:15:20,Smartphone,Central,520.4491148068527,2,31,CUST07540
2023-07-13 22:19:18,Smartphone,Central,542.818923902207,9,46,CUST07541
2022-03-29 14:19:30,Smartphone,West,650.166795460427,5,28,CUST07542
2022-09-09 05:37:22,Headphones,North,744.5295200264077,4,77,CUST07543
2023-01-07 20:01:41,Tablet,North,326.6260414338001,7,39,CUST07544
2022-11-03 01:05:09,Tablet,East,,5,59,CUST07545
2022-01-06 20:49:55,Tablet,North,718.7113092561592,1,22,CUST07546
2022-01-26 07:04:14,Laptop,East,798.8743113034965,9,70,CUST07547
2023-04-06 20:08:46,Laptop,East,460.70665531120676,8,29,CUST07548
2023-11-06 07:18:16,Smartwatch,South,540.7000703217941,3,38,CUST07549
2022-01-24 23:45:23,Laptop,South,,3,32,CUST07550
2022-03-02 12:05:28,Smartphone,West,535.1427719153234,3,41,CUST07551
2023-12-14 10:53:19,Smartphone,Central,537.1382724155834,7,30,CUST07552
2023-08-13 02:08:03,Smartphone,Central,,2,49,CUST07553
2023-08-12 15:30:57,Smartphone,East,229.8885415835783,9,43,CUST07554
2022-11-13 12:19:29,Smartwatch,Central,401.7123065584265,4,57,CUST07555
2023-11-30 03:54:44,Smartphone,East,595.8108919215696,7,43,CUST07556
2022-01-04 07:53:55,Headphones,Central,425.56541592679577,8,53,CUST07557
2022-01-07 18:05:10,Headphones,West,542.9705129650278,5,62,CUST07558
2022-06-27 18:16:29,Headphones,South,662.9857857395783,8,47,CUST07559
2022-07-13 23:39:54,Laptop,South,740.0193649160699,4,64,CUST07560
2022-02-24 15:45:40,Tablet,East,541.6169873916191,2,26,CUST07561
2022-07-13 19:18:45,Smartwatch,Central,723.4255045425847,3,41,CUST07562
2022-07-03 09:26:27,Headphones,North,521.2794947310695,6,77,CUST07563
2022-09-07 11:49:48,Headphones,West,454.4698989923378,6,55,CUST07564
2022-09-25 12:16:43,Smartphone,Central,268.5324717783276,7,35,CUST07565
2022-06-04 07:58:25,Headphones,North,349.5065763356459,4,26,CUST07566
2023-12-17 15:29:16,Smartphone,West,500.70739413759367,8,39,CUST07567
2023-02-12 23:05:13,Smartphone,West,503.8474323783647,8,73,CUST07568
2022-12-16 09:02:00,Tablet,South,534.4162854380851,7,55,CUST07569
2022-08-18 14:42:38,Laptop,East,775.4740579909628,3,38,CUST07570
2022-07-21 03:03:34,Smartphone,Central,612.6691747129312,3,24,CUST07571
2023-01-28 23:12:03,Smartphone,West,620.6699136029413,2,29,CUST07572
2023-03-01 00:36:34,Tablet,Centram,774.1967373733355,7,53,CUST07573
2023-09-29 21:02:33,Smartphone,West,446.5330218763773,6,75,CUST07574
2023-09-17 18:20:13,Smartwatch,South,423.6635292927503,7,28,CUST07575
2023-02-05 09:59:58,Laptop,East,683.368414340614,2,20,CUST07576
2022-06-07 17:29:35,Smartwatch,North,572.8749720388855,4,44,CUST07577
2023-08-04 09:51:30,Headphones,North,493.348068177037,1,77,CUST07578
2022-12-19 01:39:32,Laptop,South,490.91609740618003,2,24,CUST07579
2022-12-01 09:05:00,Headphones,West,474.20454927359185,7,19,CUST07580
2023-10-04 08:32:30,Smartphone,South,484.85050378708536,5,27,CUST07581
2023-02-12 02:28:34,Tablet,East,499.58103910069724,3,20,CUST07582
2022-02-09 17:54:38,Smartwatch,North,455.3817605203063,2,34,CUST07583
2023-12-25 14:14:12,Headphones,Central,583.3117288773918,3,60,CUST07584
2022-04-29 07:58:23,Smartphone,North,61198.12479480913,4,77,CUST07585
2023-05-13 20:19:13,Smartwatch,East,415.2972324282945,5,18,CUST07586
2023-09-13 16:58:34,Smartwatch,West,635.3931018098941,8,51,CUST07587
2022-09-03 14:13:07,Headphones,South,,9,30,CUST07588
2023-03-21 12:07:37,Smartphone,North,575.5635970124306,2,31,CUST07589
2022-10-06 22:43:13,Tablet,North,583.0627593063174,3,34,CUST07590
2023-04-13 03:08:49,Headphones,Central,487.44041754871887,4,51,CUST07591
2022-04-18 08:35:07,Smartwatch,Souti,508.60842720308796,7,34,CUST07592
2023-03-30 02:52:07,Smartwatch,Central,464.97936222600447,6,68,CUST07593
2022-03-28 02:08:16,Laptop,Central,423.85224923864973,6,74,CUST07594
2022-02-05 08:10:07,Smartphone,West,500.0758852579942,7,58,CUST07595
2022-12-06 05:58:39,Laptop,North,418.05510311649766,1,73,CUST07596
2022-07-30 14:00:47,Tablet,South,670.9300643559739,8,42,CUST07597
2023-11-29 08:30:37,Headphones,West,184.618669272048,9,61,CUST07598
2023-01-29 02:00:06,Smartwatch,West,,2,47,CUST07599
2023-09-17 06:19:32,Smartphone,West,214.88572619331808,1,65,CUST07600
2023-01-21 03:33:50,Smartwatch,East,340.4225553510805,4,53,CUST07601
2022-03-20 22:08:42,Laptop,East,413.4786478701658,2,79,CUST07602
2023-10-24 19:07:03,Laptop,West,700.9381074673443,6,73,CUST07603
2023-06-20 12:56:32,Headphones,East,673.0521649039995,3,28,CUST07604
2022-07-27 12:18:18,Smartphone,South,510.90386325138144,9,38,CUST07605
2023-04-09 02:03:34,Smartphone,North,509.5794003314762,8,37,CUST07606
2022-10-16 03:30:28,Headphones,South,655.6232324070847,7,46,CUST07607
2023-11-22 13:26:27,Laptop,North,669.7031848286347,7,21,CUST07608
2023-04-15 08:56:38,Laptop,East,413.7804055629604,7,51,CUST07609
2022-01-29 14:28:41,Laptop,South,600.9142761351001,5,59,CUST07610
2023-02-01 11:11:42,Smartwatch,Central,356.53271161472367,8,58,CUST07611
2022-10-20 07:37:21,Tablet,West,441.58011119034467,4,78,CUST07612
2022-06-28 04:01:15,Laptop,North,589.1305597229066,5,74,CUST07613
2023-03-18 20:49:34,Tablet,North,401.3450424232855,3,79,CUST07614
2022-04-20 08:46:08,Tablet,Central,446.751439930973,3,34,CUST07615
2023-01-26 14:08:10,Smartphone,Central,251.18956222375775,2,29,CUST07616
2023-01-13 04:32:27,Headphones,West,567.623148143462,5,21,CUST07617
2023-01-09 06:34:07,Smartwatch,East,367.6159683893872,2,58,CUST07618
2023-09-30 03:49:20,Tablet,South,376.8302059267843,4,31,CUST07619
2023-07-25 01:55:58,Smartwatch,South,703.2854265157733,1,21,CUST07620
2022-12-24 14:14:51,Smartphone,South,396.899533411809,2,79,CUST07621
2023-05-23 17:13:42,Laptop,East,612.8729830717865,1,51,CUST07622
2022-05-31 10:33:37,Tablet,West,664.8842518085522,2,35,CUST07623
2023-03-10 11:09:29,Headphones,South,637.5947744913968,4,30,CUST07624
2022-11-04 13:50:15,Smartphone,North,462.62631026508757,1,27,CUST07625
2023-08-02 13:22:11,Smartwatch,North,435.9206400882498,6,31,CUST07626
2023-03-28 23:53:15,Laptop,North,363.00254082927785,1,26,CUST07627
2023-12-04 12:18:26,Smartwatch,Central,235.7738903328014,3,60,CUST07628
2022-02-17 11:35:53,Headphones,Central,615.8342152123383,2,37,CUST07629
2022-11-24 03:47:22,Tablet,East,601.5790997799783,2,18,CUST07630
2023-06-02 01:32:23,Headphones,South,571.5462527997022,4,61,CUST07631
2022-04-08 15:00:58,Smartwatch,Central,74.28057757555904,9,46,CUST07632
2023-06-16 19:23:54,Smartwatch,North,473.41794438793136,3,34,CUST07633
2022-06-05 22:51:24,Headphones,Central,594.4304714285296,6,66,CUST07634
2023-05-17 02:04:50,Headphones,North,692.9829681379745,3,25,CUST07635
2023-08-12 00:59:55,Headphones,South,544.8371912792829,5,34,CUST07636
2023-07-09 06:57:06,Laptop,East,529.083877415292,9,38,CUST07637
2022-08-18 02:26:49,Smartwatch,West,398.1736183451678,3,42,CUST07638
2023-12-26 14:35:06,Smartphone,West,556.7833387728444,8,37,CUST07639
2022-01-25 10:46:08,Laptop,North,464.4750366673775,6,76,CUST07640
2022-11-16 13:14:29,Laptop,Central,390.59519740460803,8,42,CUST07641
2023-04-13 06:46:25,Laptop,Central,326.38620553853576,2,38,CUST07642
2022-01-11 03:25:36,Smartphone,North,358.14261121558826,9,30,CUST07643
2023-06-14 18:50:55,Headphones,South,548.7380939555385,1,74,CUST07644
2022-09-26 16:19:13,Smartwatch,North,291.8183805668943,3,30,CUST07645
2023-10-02 05:35:55,Tablet,South,455.8838343614076,4,64,CUST07646
2022-03-08 22:09:57,Tablet,East,696.1713994037082,6,67,CUST07647
2022-12-24 06:52:13,Smartwatch,East,284.8822403670684,4,47,CUST07648
2022-06-04 03:21:55,Smartphone,North,567.388663411831,2,30,CUST07649
2023-05-27 21:37:41,Tablet,East,582.0769221430453,3,57,CUST07650
2022-05-18 17:10:51,Laptop,Central,456.3062320045817,3,24,CUST07651
2022-05-27 23:02:48,Tablet,South,593.3202779797341,6,72,CUST07652
2022-05-18 06:10:39,Smartwatch,West,471.79437277405964,5,68,CUST07653
2023-01-09 22:36:44,Laptop,Wesu,619.2915215058506,5,59,CUST07654
2023-06-28 21:56:25,Tablet,East,339.78748405889195,4,29,CUST07655
2022-08-30 07:24:43,Smartwatch,South,783.3574539169522,4,19,CUST07656
2022-10-04 11:36:09,Smartphone,Central,715.5875879703332,9,76,CUST07657
2023-12-26 21:59:03,Smartwatch,West,165.5425077748765,7,31,CUST07658
2023-07-17 16:46:24,Smartphone,Central,675.8637379951281,8,59,CUST07659
2022-01-17 09:54:20,Laptop,Central,413.4469920530901,4,34,CUST07660
2022-09-01 02:48:23,Smartwatch,West,714.8764729733814,3,30,CUST07661
2023-09-24 11:35:04,Headphones,West,651.3304254150711,1,18,CUST07662
2023-08-01 03:41:41,Headphones,East,,9,72,CUST07663
2022-02-23 16:37:02,Headphones,South,586.262796565945,9,74,CUST07664
2023-10-12 15:05:08,Headphones,North,394.87355216956047,2,64,CUST07665
2023-05-03 04:09:25,Headphones,South,580.7057545887375,4,18,CUST07666
2022-10-24 22:57:19,Smartphone,North,506.90537151689983,4,64,CUST07667
2023-04-03 18:43:56,Smartwatch,West,390.576483385789,1,43,CUST07668
2023-09-01 19:12:21,Laptop,Central,299.45280792862417,2,69,CUST07669
2023-09-20 23:03:20,Headphones,South,534.510902471818,8,64,CUST07670
2022-10-11 04:04:35,Headphones,Central,569.6108609643337,6,63,CUST07671
2023-11-22 03:24:33,Laptop,Souti,476.32301656830236,1,30,CUST07672
2023-11-15 08:35:54,Laptop,South,383.8812546572718,7,51,CUST07673
2023-07-22 02:42:34,Headphones,Central,427.51788641257275,7,79,CUST07674
2023-09-16 01:54:23,Smartphone,East,335.5656351119754,6,57,CUST07675
2023-10-18 20:37:53,Laptop,West,610.4154309946499,8,26,CUST07676
2023-07-30 12:22:55,Smartwatch,East,176.1003372566224,5,68,CUST07677
2023-05-02 02:03:05,Smartwatch,East,642.7587267503094,2,36,CUST07678
2022-01-20 11:30:32,Smartphone,South,488.6093544243825,4,40,CUST07679
2022-12-14 04:53:21,Tablet,West,578.2462117595411,8,58,CUST07680
2022-09-12 17:51:07,Smartphone,South,592.9634186099539,8,72,CUST07681
2022-07-11 05:03:35,Headphones,North,517.5937801946377,5,45,CUST07682
2022-03-10 22:03:52,Tablet,Souti,441.4956220013227,6,47,CUST07683
2023-08-31 01:24:27,Headphones,Central,665.9199493199936,9,78,CUST07684
2023-08-31 09:43:53,Smartwatch,South,242.70210967264578,2,24,CUST07685
2023-11-12 03:45:12,Laptop,North,695.268914996813,5,31,CUST07686
2023-10-26 23:51:37,Headphones,South,331.5011918875075,9,19,CUST07687
2022-06-22 16:18:39,Smartwatch,North,451.1588170739098,3,29,CUST07688
2023-05-07 06:21:44,Smartphone,West,714.6968919352055,6,60,CUST07689
2023-03-04 02:09:37,Headphones,South,834.4196964368501,4,66,CUST07690
2023-11-22 12:12:31,Smartwatch,North,527.2956637818286,4,19,CUST07691
2023-08-31 19:40:03,Laptop,West,296.8091848762622,3,45,CUST07692
2023-11-26 03:04:06,Headphones,Central,628.0886633043023,1,71,CUST07693
2022-11-13 22:03:39,Smartwatch,East,494.14560856257407,8,45,CUST07694
2023-08-12 02:17:37,Headphones,North,340.6945000586771,5,29,CUST07695
2022-08-13 20:34:08,Laptop,Central,532.8755320535649,2,47,CUST07696
2022-02-18 07:48:02,Headphones,West,303.5390747016581,1,75,CUST07697
2022-03-05 03:24:43,Headphones,Central,529.2570620828327,1,64,CUST07698
2022-10-01 15:09:23,Smartwatch,South,361.963473376378,4,78,CUST07699
2022-05-18 19:20:55,Tablet,East,204.80188418639148,4,57,CUST07700
2023-02-13 19:37:25,Headphones,North,250.7414078549263,6,57,CUST07701
2023-02-23 03:35:29,Tablet,West,408.86037285434685,7,39,CUST07702
2023-01-12 12:42:06,Smartphone,East,575.2801905253839,1,35,CUST07703
2023-03-07 00:56:24,Headphones,West,688.1104003435331,2,31,CUST07704
2023-08-29 08:35:25,Tablet,Central,714.1349538732397,3,42,CUST07705
2022-12-27 20:32:01,Smartphone,West,273.20040303374736,9,27,CUST07706
2022-06-26 01:30:04,Smartwatch,West,466.3202543347914,4,53,CUST07707
2023-03-29 13:22:22,Headphones,Central,408.46470393325524,6,65,CUST07708
2023-11-22 13:36:36,Smartwatch,Central,484.05186142807725,2,65,CUST07709
2023-12-16 21:26:51,Smartphone,East,711.5692739536976,2,78,CUST07710
2023-04-25 18:07:15,Smartwatch,North,524.1727985280966,-2,70,CUST07711
2022-03-12 13:37:00,Smartwatch,Central,630.1650440799324,5,66,CUST07712
2023-03-27 07:59:34,Laptop,Easu,831.7204929462712,9,26,CUST07713
2022-01-14 20:18:31,Smartphone,West,265.2712713542646,6,28,CUST07714
2022-06-17 22:49:56,Smartwatch,West,428.75881156807594,9,44,CUST07715
2022-12-09 16:57:45,Tablet,South,585.6839235167366,6,76,CUST07716
2023-08-08 04:30:05,Smartphone,Central,539.982716598674,9,75,CUST07717
2023-08-05 09:05:40,Laptop,East,657.2988542320026,5,30,CUST07718
2022-12-23 00:36:33,Headphones,East,442.42951702077943,1,18,CUST07719
2022-05-04 13:32:07,Smartwatch,North,530.8991455499942,6,56,CUST07720
2023-09-30 23:02:37,Tablet,East,386.5667468883448,4,28,CUST07721
2022-06-15 14:26:41,Laptop,Central,659.5795196116827,9,74,CUST07722
2023-07-02 17:03:59,Smartphone,East,,6,20,CUST07723
2022-06-30 15:35:21,Smartwatch,South,710.5655390473894,1,19,CUST07724
2022-01-17 22:16:43,Laptop,West,,6,63,CUST07725
2023-05-16 05:01:09,Laptop,West,307.75726368414854,3,59,CUST07726
2022-05-13 01:16:39,Tablet,East,734.7436452543013,3,41,CUST07727
2023-01-25 22:37:57,Headphones,East,639.6629780490265,7,37,CUST07728
2023-07-31 07:58:27,Headphones,East,476.5164489875672,2,66,CUST07729
2022-12-18 21:03:40,Headphones,East,626.1841260097913,9,57,CUST07730
2023-08-25 15:56:19,Smartphone,South,423.8169388459608,9,32,CUST07731
2023-02-07 02:21:09,Laptop,Central,704.1568396489885,7,71,CUST07732
2023-05-05 09:54:21,Smartphone,South,514.8777040789339,9,23,CUST07733
2022-06-24 23:08:46,Laptop,South,633.1931367809019,6,37,CUST07734
2023-05-29 15:29:19,Tablet,South,405.3718567249948,9,39,CUST07735
2023-05-15 02:30:20,Tablet,West,542.2562005999247,2,19,CUST07736
2023-04-25 03:54:11,Smartphone,South,632.8916485400528,5,71,CUST07737
2023-08-07 03:55:35,Smartphone,East,546.1625834309349,6,32,CUST07738
2023-06-28 21:21:28,Tablet,South,584.2098119587622,6,65,CUST07739
2023-07-02 09:05:35,Smartwatch,East,386.03805934121027,4,51,CUST07740
2022-08-12 00:04:48,Headphones,Central,545.6806097773937,4,71,CUST07741
2023-04-13 13:35:40,Headphones,West,386.81096464498984,5,63,CUST07742
2023-01-21 15:52:03,Tablet,Central,497.2457274356529,6,74,CUST07743
2022-09-12 01:23:31,Headphones,Central,426.06002640784004,8,72,CUST07744
2023-02-23 18:59:29,Smartwatch,West,469.30602794777667,1,77,CUST07745
2022-06-02 15:09:25,Smartwatch,East,237.25599955561373,8,79,CUST07746
2023-12-26 11:34:26,Laptop,East,503.9699134423513,2,48,CUST07747
2022-06-30 17:23:34,Smartphone,East,483.8705288287871,7,47,CUST07748
2022-02-25 06:46:55,Headphones,West,272.6917960281056,4,45,CUST07749
2022-11-11 21:04:44,Smartwatch,South,551.1898918208959,8,69,CUST07750
2022-11-11 15:27:54,Smartphone,North,623.903438444261,6,50,CUST07751
2022-06-26 02:06:07,Smartphone,South,547.2911106424,5,58,CUST07752
2022-04-30 21:42:28,Laptop,South,617.8526374359095,5,66,CUST07753
2022-10-05 14:40:03,Smartphone,Central,420.95280975142396,4,38,CUST07754
2023-10-25 07:30:28,Smartphone,North,468.0826230916863,3,63,CUST07755
2023-03-10 01:20:39,Tablet,East,511.1263251870796,3,40,CUST07756
2022-05-18 22:17:22,Laptop,South,521.8985541741926,3,59,CUST07757
2022-08-30 22:00:06,Laptop,West,147.54922132860077,7,30,CUST07758
2022-01-31 17:50:22,Headphones,South,361.8671554372506,8,62,CUST07759
2023-07-12 17:52:13,Smartphone,East,650.3516330419664,8,43,CUST07760
2023-05-14 11:55:49,Headphones,South,382.64999002256815,2,71,CUST07761
2023-09-26 20:46:03,Smartwatch,Central,462.96217457389065,3,36,CUST07762
2023-07-03 07:47:27,Smartphone,Central,492.1806615191214,2,44,CUST07763
2023-08-24 12:36:32,Smartwatch,South,298.94729730441117,6,57,CUST07764
2023-03-14 17:57:00,Tablet,Central,737.024628154683,3,76,CUST07765
2023-03-31 06:04:06,Smartphone,West,495.3035360845,6,24,CUST07766
2023-04-28 08:38:37,Headphones,North,,4,42,CUST07767
2022-04-28 18:53:48,Headphones,South,597.2684743938155,6,66,CUST07768
2023-12-28 01:32:54,Smartphone,West,455.4913980509725,3,57,CUST07769
2022-03-05 04:31:41,Headphones,West,508.81639263821813,5,53,CUST07770
2023-04-22 00:55:59,Smartphone,West,711.3282962251809,8,24,CUST07771
2022-02-16 10:53:02,Laptop,East,418.8209776174067,3,72,CUST07772
2022-02-03 06:01:15,Headphones,South,671.4177489478983,9,37,CUST07773
2022-04-29 06:34:56,Smartphone,South,448.6704298668112,9,41,CUST07774
2022-06-18 16:24:08,Smartphone,South,51023.80352457592,7,78,CUST07775
2023-01-11 01:19:49,Headphones,North,545.4694179603772,8,45,CUST07776
2023-08-27 20:34:54,Laptop,West,448.307907872051,9,66,CUST07777
2023-12-27 13:50:35,Headphones,South,347.4895597804742,1,22,CUST07778
2023-04-01 11:56:17,Smartphone,Central,567.9759272519516,7,69,CUST07779
2022-10-14 10:23:00,Laptop,Easu,668.2230548871684,3,53,CUST07780
2023-04-27 09:35:40,Smartwatch,North,594.0209600628256,6,48,CUST07781
2022-06-30 22:50:02,Tablet,East,589.6890620036378,9,68,CUST07782
2023-07-21 19:22:27,Headphones,West,431.3616642110748,8,50,CUST07783
2022-08-01 15:44:22,Smartphone,Central,603.2540913796397,2,70,CUST07784
2023-05-22 12:11:19,Laptop,West,553.7214016706226,4,41,CUST07785
2022-12-15 01:12:31,Laptop,South,629.4344078352938,5,27,CUST07786
2023-12-07 16:21:14,Smartwatch,Easu,514.8019889331204,6,55,CUST07787
2022-04-05 20:10:53,Headphones,Centram,589.5151369968598,7,61,CUST07788
2023-03-16 14:50:54,Laptop,East,427.51543250699183,4,66,CUST07789
2022-01-29 14:05:30,Smartwatch,North,604.3049728064785,4,22,CUST07790
2022-01-02 12:38:56,Smartphone,Central,311.0540331043924,5,71,CUST07791
2023-11-09 18:01:24,Smartwatch,North,449.80046436307504,9,48,CUST07792
2023-03-24 23:47:42,Headphones,Central,395.39828997586136,9,26,CUST07793
2023-05-24 08:46:26,Smartwatch,South,1025.8807105317371,1,49,CUST07794
2023-10-01 14:05:04,Laptop,East,597.8200266272713,5,58,CUST07795
2023-01-07 21:59:55,Laptop,East,337.42857330094137,5,22,CUST07796
2022-08-11 18:26:26,Tablet,West,294.84048360706487,7,68,CUST07797
2023-01-13 10:09:49,Smartwatch,Central,238.1449095619806,8,71,CUST07798
2023-10-04 03:17:09,Smartphone,Central,329.04123962587283,3,44,CUST07799
2023-11-26 15:20:29,Headphones,North,372.68541884442374,1,73,CUST07800
2023-03-26 20:21:42,Tablet,Central,353.6970067598842,2,45,CUST07801
2022-05-19 00:17:35,Smartwatch,East,429.9293174201766,6,60,CUST07802
2023-01-03 21:24:55,Smartphone,Central,,6,77,CUST07803
2022-07-07 20:58:52,Tablet,West,470.1303533722216,5,29,CUST07804
2022-08-13 00:38:18,Laptop,Wesu,606.9352044627719,5,22,CUST07805
2023-07-07 02:28:35,Headphones,East,340.2369673731875,9,25,CUST07806
2022-06-11 07:22:10,Smartwatch,Easu,442.61797772944794,7,34,CUST07807
2023-02-10 18:42:12,Smartphone,East,359.3014292212171,6,25,CUST07808
2023-12-20 21:02:00,Laptop,Central,566.4082088309998,7,51,CUST07809
2022-11-07 01:00:12,Tablet,Central,472.8268563402295,3,40,CUST07810
2022-12-11 13:27:33,Headphones,South,765.9617008893015,7,35,CUST07811
2022-04-10 07:28:24,Tablet,North,399.4360117445111,3,68,CUST07812
2023-03-26 12:17:34,Tablet,Central,344.05953999097034,8,70,CUST07813
2022-09-05 12:16:21,Smartphone,South,544.5109644700219,9,27,CUST07814
2023-05-13 23:46:09,Laptop,South,473.5681386349639,3,56,CUST07815
2023-10-28 09:15:24,Smartwatch,West,575.3767526656313,7,58,CUST07816
2022-08-10 17:37:08,Smartphone,Central,490.7491849479696,8,61,CUST07817
2023-11-14 08:10:35,Headphones,South,478.8963996673385,3,61,CUST07818
2022-12-13 20:45:14,Tablet,West,399.8045912350329,-6,22,CUST07819
2022-10-22 11:45:28,Headphones,North,459.5615541587411,7,60,CUST07820
2022-03-02 09:52:54,Smartphone,West,270.54964606709217,4,34,CUST07821
2023-07-16 14:17:36,Smartphone,North,67965.0312481617,6,64,CUST07822
2022-05-01 05:19:15,Smartwatch,East,690.4517361515192,7,28,CUST07823
2023-10-10 00:04:59,Tablet,East,640.6259054968547,7,64,CUST07824
2022-05-24 21:40:38,Smartphone,West,431.32366175872,1,65,CUST07825
2022-05-25 20:04:47,Headphones,Easu,405.76047903758456,2,36,CUST07826
2022-09-07 15:24:58,Smartwatch,Central,574.8643111886515,1,38,CUST07827
2022-03-21 10:19:18,Headphones,West,357.25485195277207,9,61,CUST07828
2022-05-28 04:47:42,Tablet,Souti,670.4986814201391,7,20,CUST07829
2023-02-04 21:18:45,Smartwatch,Central,142.83501265142004,7,57,CUST07830
2022-11-25 06:21:11,Smartwatch,West,432.2094960102611,3,73,CUST07831
2023-12-02 22:01:46,Smartwatch,Norti,340.31109943361554,5,60,CUST07832
2022-01-31 21:48:12,Laptop,East,687.0367892364765,2,18,CUST07833
2023-04-19 11:34:13,Smartwatch,East,66102.11952828395,5,41,CUST07834
2023-12-10 01:11:53,Headphones,East,584.6560015445307,8,79,CUST07835
2022-06-14 15:04:47,Headphones,West,787.3439457761967,3,53,CUST07836
2023-07-11 10:50:10,Tablet,Central,501.5017975727761,4,76,CUST07837
2022-02-04 11:01:39,Smartphone,North,594.6886879860828,8,23,CUST07838
2022-08-17 03:25:33,Smartphone,East,260.3618045950562,2,27,CUST07839
2023-06-16 08:45:54,Laptop,Central,451.9802056833155,1,64,CUST07840
2023-01-10 04:26:38,Smartwatch,South,516.5066088360985,3,57,CUST07841
2023-12-19 20:48:57,Laptop,Souti,362.49312563711584,2,63,CUST07842
2023-01-19 07:54:28,Tablet,North,538.3283655193251,2,51,CUST07843
2023-03-17 21:04:46,Tablet,East,204.68913942432866,4,41,CUST07844
2022-10-16 12:33:04,Smartphone,South,575.0197476233525,6,40,CUST07845
2023-08-24 10:28:32,Tablet,Central,434.80587169781006,5,37,CUST07846
2022-08-20 16:30:57,Smartwatch,Central,381.89763698292415,4,77,CUST07847
2022-02-01 10:19:08,Headphones,South,611.5047845758899,8,70,CUST07848
2022-01-10 00:24:51,Tablet,East,719.5757253093102,5,55,CUST07849
2023-05-28 20:17:09,Laptop,North,633.7718647542035,2,52,CUST07850
2023-12-06 17:04:07,Smartwatch,East,378.2844375851943,4,51,CUST07851
2022-05-17 04:16:28,Tablet,West,600.2231944958473,7,63,CUST07852
2022-12-22 14:47:11,Tablet,South,461.60723111199997,-4,67,CUST07853
2023-02-13 02:49:22,Smartwatch,West,669.414847671966,6,64,CUST07854
2022-09-21 05:58:56,Tablet,South,533.1674684020091,2,53,CUST07855
2023-01-03 16:04:18,Headphones,North,278.8134416846773,9,33,CUST07856
2022-07-25 08:20:11,Smartphone,East,463.691474193369,4,40,CUST07857
2022-06-15 07:54:10,Smartwatch,East,376.2079625577337,1,61,CUST07858
2023-05-31 08:24:36,Laptop,South,383.41684256798743,3,66,CUST07859
2022-01-19 06:27:38,Tablet,Central,451.2600898472084,7,18,CUST07860
2023-05-22 09:33:31,Smartphone,West,541.1319227326484,9,69,CUST07861
2022-10-22 09:22:19,Laptop,East,636.2072690759278,6,26,CUST07862
2023-05-20 04:53:39,Laptop,East,421.1863941081333,4,29,CUST07863
2023-10-14 18:37:32,Headphones,South,681.9013719381604,2,79,CUST07864
2022-12-02 05:18:11,Smartphone,Central,244.639469028507,9,77,CUST07865
2022-06-22 14:23:04,Smartwatch,West,374.3155461751804,8,54,CUST07866
2022-12-25 22:35:18,Smartphone,Central,807.2394067592128,7,34,CUST07867
2023-11-02 07:32:19,Smartphone,Central,328.6080777201996,2,20,CUST07868
2022-07-21 23:00:02,Laptop,South,687.691553744214,2,76,CUST07869
2023-05-28 11:18:42,Headphones,Central,496.10305949269707,8,55,CUST07870
2023-07-26 15:04:05,Headphones,West,489.37112548543405,9,46,CUST07871
2023-12-16 14:34:02,Smartphone,North,640.2892347463147,9,48,CUST07872
2023-05-03 01:09:00,Smartphone,North,619.2748666304838,8,52,CUST07873
2022-04-01 19:22:52,Tablet,West,700.062697315559,1,76,CUST07874
2023-05-16 07:35:23,Laptop,South,462.94170059072843,5,71,CUST07875
2022-04-04 03:34:16,Smartwatch,East,521.4486435776163,7,55,CUST07876
2022-06-13 14:46:45,Smartwatch,South,462.4709922989055,6,70,CUST07877
2023-06-14 15:40:11,Headphones,West,333.2170105289186,1,43,CUST07878
2022-10-03 01:58:11,Laptop,Central,525.5943118115821,6,30,CUST07879
2023-01-17 17:59:10,Headphones,North,475.2669323498366,4,70,CUST07880
2023-01-20 07:22:28,Smartwatch,Central,219.29229504250017,3,74,CUST07881
2022-11-05 16:01:25,Smartphone,South,666.409031538176,-4,36,CUST07882
2023-11-17 13:42:02,Laptop,West,522.2154829140363,8,49,CUST07883
2023-03-11 18:02:58,Laptop,North,394.96567451840576,6,64,CUST07884
2022-12-29 01:11:35,Tablet,West,549.8637936473848,9,44,CUST07885
2022-01-28 07:55:31,Smartphone,North,421.38348565595413,5,75,CUST07886
2022-07-27 14:05:59,Smartphone,North,530.2241776767034,9,56,CUST07887
2023-05-30 17:55:53,Headphones,North,708.0807902619209,4,30,CUST07888
2023-01-30 15:06:01,Laptop,Souti,559.8125584876783,4,69,CUST07889
2023-12-12 14:04:31,Headphones,West,426.94014332613585,6,51,CUST07890
2022-02-20 07:55:30,Smartphone,East,345.35781832120665,7,75,CUST07891
2023-04-30 05:33:13,Tablet,East,392.8492277792192,2,36,CUST07892
2022-03-01 16:25:58,Laptop,East,621.8058535696736,4,36,CUST07893
2023-01-05 18:44:58,Smartphone,West,49151.44791990241,8,20,CUST07894
2023-08-31 11:13:16,Tablet,Central,,9,20,CUST07895
2023-05-19 06:54:19,Smartwatch,West,458.0521839188739,5,43,CUST07896
2022-10-20 15:32:24,Smartphone,North,359.9917826552089,6,23,CUST07897
2023-01-29 01:36:19,Smartwatch,Central,589.8497601687743,7,30,CUST07898
2023-07-15 12:38:15,Headphones,North,378.66540931837386,-7,63,CUST07899
2023-05-20 15:42:10,Smartwatch,North,438.8102281183199,3,55,CUST07900
2022-08-02 08:46:39,Smartphone,West,316.4127192741931,2,44,CUST07901
2023-08-07 06:31:02,Smartwatch,East,,8,58,CUST07902
2022-12-01 04:53:06,Laptop,Central,634.3584098260433,9,41,CUST07903
2023-01-06 23:19:39,Smartphone,South,657.1795703519609,8,27,CUST07904
2022-09-27 03:30:22,Tablet,East,663.7213623217668,8,33,CUST07905
2023-10-13 22:49:02,Smartwatch,South,664.2388732948432,2,40,CUST07906
2022-07-28 11:29:58,Laptop,West,446.89523476450177,4,64,CUST07907
2022-03-02 12:18:18,Headphones,Central,599.808945508374,6,29,CUST07908
2023-09-28 00:08:57,Headphones,West,657.9331259118011,8,45,CUST07909
2023-12-18 13:48:25,Smartwatch,South,369.11164776147007,2,30,CUST07910
2023-01-12 04:22:50,Headphones,North,529.0658444423528,8,35,CUST07911
2023-06-15 09:19:06,Tablet,West,480.8615741900436,1,75,CUST07912
2023-05-29 10:55:33,Smartphone,Central,219.29749561171025,6,19,CUST07913
2023-01-13 04:53:53,Laptop,West,548.8470985684922,8,63,CUST07914
2023-11-15 18:17:14,Smartwatch,East,392.8142811736386,8,34,CUST07915
2022-11-03 06:58:26,Headphones,West,657.6836570373442,7,40,CUST07916
2022-03-31 23:54:39,Smartphone,South,385.64714424919754,7,40,CUST07917
2023-03-01 14:45:25,Tablet,West,549.3667174509845,9,18,CUST07918
2022-04-25 22:14:05,Headphones,Central,516.8269669663332,2,71,CUST07919
2022-08-29 20:26:27,Headphones,West,241.55240155268396,1,60,CUST07920
2023-06-26 15:19:01,Laptop,West,451.9487542764562,2,31,CUST07921
2023-09-05 15:53:20,Tablet,Central,553.5917617610446,3,29,CUST07922
2022-07-31 21:50:33,Tablet,West,653.5261162708057,9,72,CUST07923
2023-10-23 20:58:03,Smartwatch,Central,502.7806085077966,7,31,CUST07924
2022-12-30 09:30:40,Laptop,South,635.9133863267759,5,66,CUST07925
2023-02-16 16:25:06,Smartwatch,Central,580.6049793299757,5,61,CUST07926
2023-10-11 16:33:43,Laptop,South,585.6219072449204,6,55,CUST07927
2023-11-04 04:38:31,Tablet,South,592.3292992985523,2,75,CUST07928
2022-09-06 19:27:54,Laptop,Central,458.81408042128186,1,58,CUST07929
2023-06-16 07:39:31,Laptop,West,351.6282902289518,1,61,CUST07930
2023-07-25 06:17:25,Laptop,East,735.4632024091707,3,66,CUST07931
2022-05-30 15:22:22,Smartphone,Central,615.2492181280458,1,33,CUST07932
2022-09-28 19:05:27,Smartphone,West,489.7284685231264,9,51,CUST07933
2023-08-27 09:42:30,Tablet,South,592.573950972563,5,35,CUST07934
2022-01-17 22:15:38,Laptop,North,559.6083139672193,9,65,CUST07935
2022-03-15 20:11:18,Tablet,East,371.8798554826383,5,27,CUST07936
2023-10-12 01:07:08,Smartphone,West,449.32641794670656,1,36,CUST07937
2023-08-30 00:01:07,Laptop,East,698.966084782535,7,47,CUST07938
2022-05-02 02:25:28,Smartwatch,North,499.20519058696095,7,21,CUST07939
2023-10-05 20:14:03,Smartphone,Norti,556.2846894966415,4,24,CUST07940
2023-12-09 18:55:21,Smartphone,North,688.9426983753339,3,33,CUST07941
2022-08-28 17:07:49,Smartphone,Central,498.75257554694156,1,68,CUST07942
2023-04-22 16:53:01,Laptop,East,360.2979519747989,7,72,CUST07943
2023-04-02 05:35:07,Headphones,Central,516.996586745484,5,54,CUST07944
2022-07-22 15:52:18,Smartwatch,North,416.24809875641796,1,22,CUST07945
2022-09-10 23:38:28,Smartwatch,West,291.2635652304103,1,72,CUST07946
2023-12-02 08:47:32,Tablet,North,620.4570625511852,3,72,CUST07947
2022-09-21 22:01:17,Laptop,Central,46155.178992509136,3,56,CUST07948
2023-11-09 23:18:12,Smartphone,North,52.21056766358456,2,74,CUST07949
2022-06-12 17:01:11,Headphones,North,53802.8222052892,8,66,CUST07950
2022-04-21 23:44:15,Laptop,Central,,8,50,CUST07951
2023-05-13 10:05:44,Laptop,Centram,792.6178555319049,6,52,CUST07952
2022-11-16 15:15:24,Headphones,West,499.37518762615656,5,65,CUST07953
2022-02-14 20:30:16,Smartphone,Central,660.1416080153117,6,71,CUST07954
2022-09-10 11:54:36,Laptop,West,596.9841649442036,1,51,CUST07955
2023-12-28 03:22:29,Smartwatch,South,411.5866665833364,2,74,CUST07956
2022-11-02 08:17:57,Smartwatch,South,552.2439759019308,7,50,CUST07957
2022-06-10 10:13:12,Headphones,Centram,475.3371778654223,1,79,CUST07958
2023-10-30 05:41:07,Smartphone,North,396.8382404587464,8,70,CUST07959
2022-07-08 07:08:37,Headphones,East,422.51486259668957,3,56,CUST07960
2022-06-05 01:44:35,Laptop,North,,4,27,CUST07961
2022-09-22 01:43:38,Smartwatch,Central,,7,20,CUST07962
2023-03-12 20:00:31,Tablet,West,499.2910137526757,7,79,CUST07963
2022-11-07 21:03:44,Headphones,North,417.5306884674157,2,67,CUST07964
2022-07-30 06:36:54,Tablet,South,468.77212395392985,5,46,CUST07965
2022-02-22 15:02:05,Tablet,Central,218.60517559012297,8,52,CUST07966
2023-05-31 04:41:29,Smartwatch,North,348.7322414856134,9,48,CUST07967
2022-10-27 17:44:42,Headphones,North,456.1334107974501,5,77,CUST07968
2023-06-14 09:22:35,Tablet,West,750.7514909959077,2,56,CUST07969
2023-10-02 00:30:45,Laptop,West,594.9854883187927,4,32,CUST07970
2022-06-28 19:07:20,Smartphone,West,353.4035327524994,5,18,CUST07971
2022-02-13 16:48:22,Smartphone,East,742.2240814928575,6,73,CUST07972
2023-03-12 16:51:56,Smartwatch,Central,499.75897480711967,6,36,CUST07973
2023-07-05 09:49:10,Headphones,Central,329.80524975698654,1,54,CUST07974
2022-09-30 12:56:17,Headphones,South,488.1628186292496,6,75,CUST07975
2022-11-16 01:06:35,Smartphone,South,647.7631862124201,1,44,CUST07976
2022-03-21 20:13:30,Laptop,Central,329.9421253664109,5,38,CUST07977
2022-01-29 10:11:58,Smartphone,North,344.579462093601,7,71,CUST07978
2022-04-04 04:57:28,Smartphone,Central,770.9477890756345,8,24,CUST07979
2022-05-22 03:18:49,Headphones,East,544.4641033987299,5,60,CUST07980
2022-06-12 12:33:28,Tablet,South,429.25112977053055,2,50,CUST07981
2023-11-08 05:07:40,Laptop,South,484.06802246328124,3,71,CUST07982
2023-07-10 18:34:58,Headphones,South,542.8284737479464,7,19,CUST07983
2023-12-09 00:29:20,Smartphone,Central,470.98198514858234,4,31,CUST07984
2022-10-22 20:44:19,Tablet,South,702.4745029868916,1,59,CUST07985
2023-05-03 06:51:57,Laptop,South,514.8395346915665,3,20,CUST07986
2022-10-10 00:09:49,Smartwatch,Central,599.5562740301416,2,31,CUST07987
2023-12-09 08:38:58,Laptop,North,512.497337616672,9,22,CUST07988
2022-04-03 01:47:09,Laptop,South,494.39784215137087,1,34,CUST07989
2023-10-27 20:16:16,Smartphone,South,633.943390576091,9,56,CUST07990
2023-09-18 17:13:38,Smartphone,South,637.0881701456443,5,18,CUST07991
2023-12-09 20:21:35,Smartwatch,East,254.96431135567767,6,73,CUST07992
2022-08-25 20:49:49,Smartwatch,Central,497.10821611569963,6,60,CUST07993
2023-06-30 17:55:41,Smartwatch,South,807.456387740553,6,45,CUST07994
2022-06-26 09:14:27,Headphones,Easu,433.0757355878171,9,55,CUST07995
2023-05-17 00:54:52,Headphones,North,568.1102309110593,9,65,CUST07996
2023-10-23 03:44:44,Smartphone,North,687.0891279041713,7,76,CUST07997
2022-10-14 21:17:02,Smartphone,East,333.7785616290072,3,31,CUST07998
2023-12-27 02:29:01,Smartwatch,North,444.0084012144242,7,34,CUST07999
2023-02-16 06:47:19,Headphones,West,264.2171860041303,5,32,CUST08000
2023-03-13 02:26:32,Tablet,North,515.668877821161,9,63,CUST08001
2023-03-03 07:09:38,Headphones,West,557.7249504302531,8,24,CUST08002
2022-01-10 06:32:05,Smartphone,East,596.5179967850095,6,59,CUST08003
2023-09-03 03:56:25,Headphones,West,736.0663373507081,5,68,CUST08004
2022-08-17 21:19:54,Smartphone,North,509.5264063950373,2,24,CUST08005
2022-06-21 00:24:14,Smartwatch,South,327.10682569784274,3,64,CUST08006
2022-12-17 14:46:12,Smartwatch,West,367.8592977087993,3,76,CUST08007
2022-08-14 08:35:11,Smartwatch,North,385.65839504543254,4,41,CUST08008
2022-08-03 15:38:29,Tablet,South,531.1536685851985,3,43,CUST08009
2023-01-14 05:15:31,Tablet,East,852.4961729280086,7,31,CUST08010
2022-11-11 07:36:25,Smartphone,East,489.19369964653816,6,64,CUST08011
2023-12-26 08:13:25,Laptop,Central,706.1083031489013,8,36,CUST08012
2022-04-23 06:03:43,Tablet,East,482.8921428277977,2,70,CUST08013
2022-03-02 19:30:30,Smartphone,Central,325.7661772552498,2,43,CUST08014
2023-03-09 23:57:12,Headphones,East,377.5424670441269,1,33,CUST08015
2022-05-30 07:51:05,Smartwatch,East,390.63740789169236,5,51,CUST08016
2023-08-07 17:19:02,Smartwatch,East,481.66284326774655,7,79,CUST08017
2023-02-09 15:51:49,Smartwatch,Central,560.832406973042,9,19,CUST08018
2023-05-30 18:30:40,Smartphone,Central,401.21857266003383,5,18,CUST08019
2022-03-13 15:05:53,Smartwatch,West,618.5922316263895,1,65,CUST08020
2023-05-20 00:33:52,Tablet,North,657.0821570318034,3,68,CUST08021
2023-06-22 05:37:44,Headphones,North,,8,53,CUST08022
2023-03-06 15:46:17,Smartwatch,North,637.7211335003191,3,52,CUST08023
2023-03-07 19:10:01,Smartphone,East,208.66477504869025,7,60,CUST08024
2023-09-12 21:59:20,Headphones,North,146.26427023973986,3,41,CUST08025
2023-02-05 12:03:18,Smartwatch,Central,624.9183308184297,2,66,CUST08026
2023-04-24 21:06:55,Laptop,West,436.7126389541677,6,22,CUST08027
2022-06-29 12:52:12,Smartwatch,South,830.5485189334117,2,72,CUST08028
2022-04-02 03:44:49,Tablet,West,486.0718524336342,5,46,CUST08029
2023-06-23 16:46:29,Headphones,North,349.95786761920755,5,58,CUST08030
2023-03-14 04:00:26,Tablet,North,753.0036099563587,5,18,CUST08031
2023-05-11 02:02:27,Laptop,Central,598.3678491730051,6,74,CUST08032
2022-01-25 04:27:12,Laptop,Wesu,732.316294895727,3,76,CUST08033
2022-04-01 16:08:32,Tablet,Central,412.0205836385645,5,26,CUST08034
2022-11-09 13:51:39,Headphones,Central,554.667844468274,8,53,CUST08035
2022-02-25 13:10:12,Laptop,South,368.66157761524704,4,33,CUST08036
2022-07-06 05:31:39,Laptop,Central,238.11808830626003,5,32,CUST08037
2022-11-15 16:24:01,Smartwatch,Central,611.3655333952,1,27,CUST08038
2022-12-06 20:01:07,Smartphone,South,,1,54,CUST08039
2023-06-11 14:36:51,Laptop,East,350.63007179006223,8,33,CUST08040
2022-10-11 15:26:34,Headphones,East,291.7797719719887,2,55,CUST08041
2023-06-16 19:43:49,Headphones,South,527.4096197616418,7,65,CUST08042
2023-08-05 03:04:57,Smartwatch,Central,509.62109076057914,7,53,CUST08043
2023-08-10 03:50:27,Headphones,North,427.4801354123488,9,71,CUST08044
2022-09-30 23:10:56,Smartwatch,West,398.87086714928523,1,70,CUST08045
2023-06-17 14:23:02,Laptop,North,614.9121099088069,2,32,CUST08046
2022-03-15 13:23:41,Laptop,North,127.66269829663284,1,20,CUST08047
2022-08-01 06:44:01,Laptop,Central,594.6456425043716,1,36,CUST08048
2023-09-16 06:29:28,Laptop,West,569.782112201746,4,58,CUST08049
2022-08-29 19:23:40,Smartphone,West,315.4425181831665,8,54,CUST08050
2023-12-21 21:14:10,Smartphone,East,20985.221952417876,-8,65,CUST08051
2022-12-20 02:01:43,Laptop,South,58828.38588618739,9,76,CUST08052
2022-03-28 00:59:40,Headphones,Central,323.9272941035309,2,20,CUST08053
2022-07-31 19:50:47,Smartwatch,West,736.0085944994606,7,25,CUST08054
2022-11-02 01:35:14,Tablet,Central,817.7101043838411,4,41,CUST08055
2023-12-08 18:38:27,Smartwatch,East,564.0135485547644,3,31,CUST08056
2023-03-25 19:53:21,Tablet,North,484.78791895378157,4,79,CUST08057
2023-12-15 02:39:47,Tablet,West,467.1461948227495,4,78,CUST08058
2022-02-27 10:18:34,Laptop,East,244.10896254221007,3,52,CUST08059
2022-11-20 22:56:42,Tablet,Central,457.1414531187092,-9,33,CUST08060
2022-06-16 13:22:34,Laptop,East,431.19826179426406,8,24,CUST08061
2023-12-30 01:17:19,Smartphone,East,404.57390101481747,2,58,CUST08062
2022-03-29 21:57:33,Headphones,East,558.7688616460601,-3,52,CUST08063
2023-01-20 12:37:12,Tablet,East,519.6964123091687,7,25,CUST08064
2022-10-10 17:36:17,Headphones,East,617.9282661923038,5,77,CUST08065
2022-01-11 11:46:35,Laptop,East,433.4652829075133,1,29,CUST08066
2022-07-07 08:53:48,Tablet,South,590.3931849321417,1,66,CUST08067
2022-05-22 09:34:07,Smartwatch,Central,501.1928080061079,8,77,CUST08068
2023-07-25 12:58:10,Smartphone,North,589.4600213790536,6,63,CUST08069
2023-06-22 21:22:54,Smartphone,Central,48834.26679482297,4,33,CUST08070
2023-06-10 01:57:14,Tablet,West,766.7056658967929,3,68,CUST08071
2023-06-26 16:00:58,Smartphone,West,133.75094582169908,9,77,CUST08072
2023-08-29 01:10:54,Smartwatch,Central,593.8426147603707,9,21,CUST08073
2022-04-06 22:21:55,Headphones,East,628.4691031747151,4,52,CUST08074
2022-09-07 19:04:04,Smartwatch,South,309.9861504952094,8,62,CUST08075
2022-05-04 19:10:08,Smartphone,Norti,773.7448058728229,4,58,CUST08076
2023-02-04 14:11:50,Headphones,East,503.35182704632257,8,62,CUST08077
2022-04-13 19:55:27,Smartwatch,Central,481.2962913151974,7,78,CUST08078
2022-11-26 06:07:41,Laptop,Central,555.6947006852215,6,49,CUST08079
2022-09-13 04:38:49,Laptop,South,633.1255993096497,7,29,CUST08080
2022-02-27 22:20:31,Headphones,South,519.8325038960974,6,75,CUST08081
2023-02-27 11:36:06,Headphones,Central,515.1019611141479,6,38,CUST08082
2022-05-04 19:43:36,Headphones,East,625.675742522674,7,32,CUST08083
2022-01-16 14:13:23,Laptop,East,645.3268496250311,4,52,CUST08084
2023-10-22 16:53:49,Smartwatch,East,550.4863693239591,5,20,CUST08085
2022-04-13 11:46:37,Headphones,North,267.85841046805336,9,76,CUST08086
2022-05-05 18:59:33,Laptop,North,347.21820583671,2,19,CUST08087
2023-02-07 02:24:10,Headphones,East,662.7001624263521,9,75,CUST08088
2023-05-21 01:02:57,Headphones,Centram,458.29096938005614,5,23,CUST08089
2022-09-11 04:19:55,Headphones,South,410.20742634112145,1,74,CUST08090
2023-04-20 03:33:31,Laptop,West,565.9947037607832,7,33,CUST08091
2022-01-27 05:49:17,Smartwatch,South,547.3938571766856,5,40,CUST08092
2022-01-21 19:59:31,Laptop,South,467.2797004610885,3,48,CUST08093
2022-04-21 08:02:25,Laptop,West,611.532738961342,3,67,CUST08094
2023-05-17 22:31:53,Headphones,East,309.79780548024763,1,58,CUST08095
2023-07-23 21:31:32,Tablet,South,240.1352173562017,7,47,CUST08096
2023-01-18 15:04:30,Tablet,West,725.3874126276252,2,20,CUST08097
2022-06-18 00:41:42,Tablet,Central,331.5790991176665,8,72,CUST08098
2022-11-25 21:24:12,Laptop,Central,278.66798351814674,4,75,CUST08099
2023-06-11 21:56:14,Headphones,Central,451.07518878761323,4,72,CUST08100
2022-01-07 15:24:41,Tablet,East,495.5597778335857,5,33,CUST08101
2022-06-17 17:58:49,Smartphone,South,428.2437317375219,9,21,CUST08102
2022-04-19 21:04:22,Smartphone,South,465.73407474028807,7,63,CUST08103
2023-10-18 10:05:13,Smartphone,North,286.79377840472205,3,53,CUST08104
2022-09-20 09:31:24,Smartwatch,Central,607.0656375492148,4,45,CUST08105
2022-06-24 12:50:13,Headphones,East,270.55637271385194,9,67,CUST08106
2022-06-14 20:12:53,Laptop,West,503.376102402651,-1,67,CUST08107
2023-04-22 10:23:39,Laptop,East,535.087548849626,8,67,CUST08108
2023-03-26 03:47:19,Headphones,South,597.3348198448152,8,45,CUST08109
2022-08-28 01:42:47,Smartwatch,Central,534.1018705288018,7,76,CUST08110
2022-02-08 05:03:14,Headphones,Norti,336.7547551731167,6,70,CUST08111
2022-02-02 17:22:44,Smartwatch,East,438.3153785210289,7,20,CUST08112
2022-02-08 19:48:33,Tablet,North,394.40330112346874,4,43,CUST08113
2022-05-06 06:44:46,Tablet,South,264.04633587853044,4,56,CUST08114
2023-07-14 21:05:01,Smartwatch,West,565.3360974313142,5,30,CUST08115
2023-12-01 00:55:00,Headphones,East,386.5009562847417,4,24,CUST08116
2023-06-06 15:24:13,Tablet,South,522.3091560446611,4,71,CUST08117
2022-01-19 16:12:40,Headphones,Central,483.3337000583763,9,30,CUST08118
2023-08-09 17:28:09,Tablet,East,329.620188148479,6,73,CUST08119
2023-09-15 18:25:36,Headphones,North,319.59629254648473,3,76,CUST08120
2023-02-28 07:46:17,Headphones,East,449.73975921084656,3,21,CUST08121
2023-09-29 07:01:56,Smartphone,South,302.97449100953645,8,33,CUST08122
2022-08-21 09:48:59,Smartwatch,South,648.3163892782264,3,74,CUST08123
2023-10-10 20:45:41,Laptop,North,701.7420314673575,4,45,CUST08124
2023-03-02 08:22:53,Smartwatch,South,617.4543938808083,6,77,CUST08125
2022-11-17 04:35:38,Headphones,East,552.3605676154806,9,64,CUST08126
2023-11-14 03:19:02,Headphones,North,509.19170646329684,6,30,CUST08127
2023-11-16 13:45:44,Smartwatch,Souti,342.81991891186243,3,59,CUST08128
2023-12-22 19:07:33,Headphones,South,624.134155146481,6,27,CUST08129
2023-02-03 00:53:40,Tablet,East,,4,22,CUST08130
2023-10-04 14:55:07,Headphones,South,449.085666699942,5,53,CUST08131
2022-04-04 19:01:10,Smartwatch,East,494.5503590555289,5,36,CUST08132
2023-01-30 17:34:20,Smartwatch,Central,378.82353470153544,3,47,CUST08133
2022-08-07 08:48:42,Smartwatch,East,450.3144283613214,5,64,CUST08134
2022-12-23 21:40:13,Smartphone,West,311.3677096361462,5,58,CUST08135
2023-01-23 08:31:48,Smartphone,South,456.61143591595567,7,65,CUST08136
2022-04-28 02:23:10,Smartphone,Central,564.9036494243716,9,45,CUST08137
2022-02-19 20:01:05,Smartphone,North,548.773913854071,5,48,CUST08138
2022-06-15 14:44:03,Smartphone,West,537.6032866808824,9,53,CUST08139
2023-02-26 19:13:42,Smartphone,North,133.80671252556908,5,74,CUST08140
2022-10-23 20:49:56,Smartphone,West,507.20127327245075,4,60,CUST08141
2022-12-19 03:27:39,Smartwatch,Central,591.9728755435552,6,66,CUST08142
2023-01-18 07:01:09,Laptop,Central,498.68490745406723,8,70,CUST08143
2022-04-15 04:54:41,Smartphone,Central,670.3116628186633,4,18,CUST08144
2022-10-11 21:39:14,Smartwatch,West,485.04663565574594,5,26,CUST08145
2022-03-30 15:57:58,Laptop,East,,1,29,CUST08146
2023-08-09 12:01:46,Smartphone,North,349.5935218624401,1,40,CUST08147
2022-11-05 12:34:25,Laptop,East,587.9334012283642,8,29,CUST08148
2023-02-13 09:18:35,Laptop,East,618.0158181250337,7,59,CUST08149
2022-04-16 19:38:13,Tablet,South,392.9623111831688,5,26,CUST08150
2023-10-19 13:29:08,Headphones,North,285.58104495123973,9,70,CUST08151
2022-09-10 09:30:08,Tablet,West,432.3764883384302,1,43,CUST08152
2022-12-27 06:38:35,Laptop,South,350.2759548890211,3,47,CUST08153
2022-03-15 22:54:50,Smartwatch,Souti,589.8340015357564,6,74,CUST08154
2023-04-12 16:10:06,Smartphone,Central,426.6673647960822,1,37,CUST08155
2023-02-02 01:33:45,Headphones,West,607.7612714640477,6,33,CUST08156
2022-07-01 11:16:26,Smartphone,East,265.42972174445896,2,30,CUST08157
2023-11-20 00:43:47,Smartwatch,East,375.7575698265201,5,52,CUST08158
2023-08-16 03:05:30,Headphones,East,385.42601477945954,2,67,CUST08159
2023-05-06 21:53:21,Tablet,Central,541.34494518256,1,21,CUST08160
2023-12-21 09:32:51,Laptop,East,188.54494545244708,4,68,CUST08161
2023-04-10 22:25:52,Smartwatch,North,458.7963788874005,2,42,CUST08162
2022-06-26 07:42:25,Laptop,East,445.33384953417107,9,30,CUST08163
2022-05-25 13:49:16,Laptop,East,,3,77,CUST08164
2022-10-06 19:49:43,Smartphone,North,507.561136881812,9,45,CUST08165
2023-01-24 08:06:45,Smartwatch,Central,356.82412272233006,4,62,CUST08166
2023-10-30 17:21:47,Laptop,South,161.1875813260245,7,29,CUST08167
2023-11-03 05:54:06,Tablet,West,384.4006317073281,7,41,CUST08168
2022-11-18 01:38:13,Headphones,Central,309.9818930339184,6,45,CUST08169
2023-10-08 19:12:41,Smartwatch,East,318.73236595031466,8,18,CUST08170
2022-06-06 20:37:44,Smartphone,South,389.777507083037,6,51,CUST08171
2023-01-28 00:59:34,Smartwatch,West,622.6468589117586,9,20,CUST08172
2022-08-28 06:07:52,Smartphone,West,309.6201330893305,5,39,CUST08173
2023-12-26 03:17:40,Headphones,West,221.7512727782662,3,38,CUST08174
2023-01-28 06:24:54,Tablet,North,413.0764559368795,5,44,CUST08175
2023-10-10 11:07:38,Laptop,North,458.23895175683407,4,38,CUST08176
2022-08-28 15:30:23,Smartwatch,South,448.2141761401766,3,39,CUST08177
2022-12-10 20:49:34,Smartphone,East,401.06352631168846,1,30,CUST08178
2023-05-06 08:00:13,Headphones,South,463.2979127797043,8,61,CUST08179
2023-02-21 11:51:02,Laptop,East,532.3261024471468,4,33,CUST08180
2023-07-18 16:34:35,Headphones,Central,369.1971694990885,3,63,CUST08181
2023-03-18 04:13:19,Tablet,West,650.3241429187998,4,41,CUST08182
2022-03-28 09:05:31,Laptop,West,472.54134081512717,1,63,CUST08183
2023-12-14 09:26:10,Laptop,North,,6,34,CUST08184
2022-02-02 08:25:26,Laptop,Central,539.530389988478,3,22,CUST08185
2023-04-22 11:55:28,Smartphone,Central,,8,55,CUST08186
2023-03-29 17:51:04,Laptop,East,206.7561508156849,5,76,CUST08187
2022-09-26 05:48:41,Headphones,Central,,9,59,CUST08188
2023-10-07 09:55:56,Smartphone,North,363.13420938765995,9,44,CUST08189
2022-12-20 10:01:57,Laptop,East,,2,71,CUST08190
2023-09-24 22:07:27,Headphones,South,409.59059768294367,5,58,CUST08191
2023-09-07 02:36:52,Headphones,East,701.3611121968887,7,49,CUST08192
2023-06-12 09:24:38,Smartwatch,South,488.79879348439323,7,43,CUST08193
2022-11-19 17:28:36,Headphones,East,292.9577410431421,3,24,CUST08194
2023-11-12 15:30:49,Tablet,West,46042.77075506525,7,53,CUST08195
2022-04-16 02:11:00,Laptop,South,668.6998183690107,7,72,CUST08196
2023-01-22 13:34:23,Laptop,North,369.4921820736532,4,24,CUST08197
2023-03-29 23:18:18,Laptop,Souti,265.7458239800758,7,60,CUST08198
2023-02-03 19:21:45,Headphones,South,609.5281782781702,8,44,CUST08199
2023-08-08 00:04:10,Headphones,East,353.1589910094714,3,55,CUST08200
2023-05-26 14:56:38,Laptop,West,245.00268129897765,2,65,CUST08201
2023-12-19 11:22:33,Smartphone,East,358.21410420765494,9,65,CUST08202
2022-04-09 11:05:50,Smartphone,East,533.3328670097678,7,41,CUST08203
2022-01-17 09:39:18,Tablet,West,558.0262729300202,1,41,CUST08204
2022-08-04 10:19:08,Smartwatch,East,551.5898163104471,9,78,CUST08205
2023-09-06 11:26:50,Tablet,West,,5,62,CUST08206
2022-12-20 18:37:34,Laptop,North,627.0280540098776,2,75,CUST08207
2022-04-27 02:48:34,Laptop,West,602.54296265758,7,61,CUST08208
2023-09-18 13:21:22,Laptop,Central,564.8923474339334,9,46,CUST08209
2023-01-29 15:11:05,Smartwatch,West,334.30309747675085,3,71,CUST08210
2023-05-02 11:53:00,Headphones,West,402.33795913065103,4,44,CUST08211
2023-08-05 23:03:42,Smartwatch,Central,542.2362074198899,9,51,CUST08212
2022-07-31 17:19:30,Tablet,West,581.9190112058861,2,38,CUST08213
2022-08-01 12:31:01,Headphones,South,343.1543199192024,4,62,CUST08214
2023-05-18 04:52:27,Headphones,East,757.6294629707793,5,18,CUST08215
2022-12-23 08:16:46,Tablet,East,474.5644227378406,4,27,CUST08216
2023-07-04 14:03:17,Headphones,North,637.5784161703019,7,75,CUST08217
2023-08-05 23:31:24,Smartphone,North,309.02228813382317,6,47,CUST08218
2023-12-25 00:00:18,Tablet,Central,526.3093110757659,9,45,CUST08219
2023-03-02 18:06:58,Tablet,South,305.5615597885645,4,78,CUST08220
2023-01-22 22:47:35,Smartphone,North,518.1673790045986,9,59,CUST08221
2022-09-06 07:15:19,Smartwatch,East,564.8640921253382,1,47,CUST08222
2023-07-02 21:17:42,Smartwatch,North,573.1862134786812,6,45,CUST08223
2022-11-28 05:07:05,Smartwatch,Norti,384.84084292802044,7,46,CUST08224
2022-08-22 17:20:19,Headphones,West,222.64397217738428,9,48,CUST08225
2022-10-10 14:20:30,Smartphone,North,543.8748910576678,1,60,CUST08226
2022-10-11 04:28:51,Tablet,Central,435.713361620591,1,58,CUST08227
2022-12-31 13:59:14,Tablet,East,435.63519606471255,2,21,CUST08228
2023-05-22 06:27:14,Tablet,Central,357.1814386777958,6,66,CUST08229
2023-03-07 06:37:32,Headphones,Central,487.4416347213767,3,36,CUST08230
2022-11-15 22:09:11,Headphones,South,494.8036716123168,6,27,CUST08231
2023-07-19 23:59:18,Smartwatch,West,653.7525250557541,2,62,CUST08232
2022-08-28 19:44:15,Headphones,Central,19301.707070526725,6,48,CUST08233
2022-06-24 21:38:20,Smartwatch,South,297.08239402814706,7,51,CUST08234
2023-05-23 09:24:18,Smartwatch,East,564.4885770049696,6,58,CUST08235
2022-05-31 19:07:27,Tablet,East,165.26019074038737,2,56,CUST08236
2023-12-14 22:28:24,Headphones,South,387.0742926518747,5,75,CUST08237
2023-07-01 17:56:11,Smartwatch,Central,851.6880230081551,6,59,CUST08238
2023-02-07 20:21:33,Smartphone,Central,453.84087011053816,8,61,CUST08239
2022-11-28 08:52:28,Smartphone,West,600.4116346166112,9,48,CUST08240
2022-07-27 01:48:36,Headphones,West,243.23908064962092,5,71,CUST08241
2022-04-01 11:09:44,Tablet,East,600.513963403369,7,69,CUST08242
2023-07-16 09:05:10,Tablet,West,438.90922907068637,4,28,CUST08243
2022-07-31 15:36:46,Smartwatch,South,538.8996457020327,5,53,CUST08244
2023-08-29 18:45:26,Headphones,East,579.0208311892992,1,61,CUST08245
2023-09-30 01:54:45,Smartphone,Central,418.3295190110116,3,61,CUST08246
2023-05-05 02:30:57,Smartwatch,East,568.5107490202797,2,49,CUST08247
2023-10-29 05:01:28,Smartwatch,North,327.39562063042183,6,40,CUST08248
2023-08-27 10:08:21,Laptop,East,503.5780553995006,9,57,CUST08249
2023-05-14 02:27:35,Headphones,West,573.5042379976403,3,69,CUST08250
2023-04-07 01:29:20,Smartwatch,South,414.5840616819503,2,63,CUST08251
2022-09-03 22:12:52,Smartphone,Central,351.0876048518486,2,56,CUST08252
2023-11-12 16:36:59,Laptop,Centram,427.0692316343698,6,20,CUST08253
2023-12-14 14:30:24,Smartphone,West,659.0278499486484,6,77,CUST08254
2022-04-23 16:00:09,Tablet,West,636.0258152554926,5,45,CUST08255
2023-02-26 02:09:46,Laptop,West,609.6207244907256,9,42,CUST08256
2023-07-06 06:25:19,Laptop,North,726.1747015705638,7,45,CUST08257
2023-11-29 22:49:17,Smartwatch,South,500.9446238682437,7,36,CUST08258
2022-02-27 08:03:19,Tablet,North,526.384062793797,1,63,CUST08259
2023-12-01 04:54:08,Smartwatch,West,201.05518311751578,2,36,CUST08260
2023-11-09 21:39:23,Headphones,South,,3,59,CUST08261
2022-04-07 15:46:24,Smartphone,Wesu,576.7208949062552,5,61,CUST08262
2023-11-23 09:49:13,Smartphone,South,630.2332382799208,4,46,CUST08263
2022-12-02 22:42:53,Smartwatch,Central,306.0865370234527,8,67,CUST08264
2022-05-26 23:36:15,Smartphone,Norti,486.0366081896917,4,36,CUST08265
2023-03-08 15:25:01,Smartphone,West,823.9121556963968,6,73,CUST08266
2023-07-25 07:09:28,Headphones,West,486.84252403123935,9,35,CUST08267
2023-05-04 09:30:11,Tablet,East,716.7253268640068,2,62,CUST08268
2023-12-17 07:36:24,Laptop,Central,552.0932550157111,8,66,CUST08269
2023-08-31 23:56:06,Smartwatch,West,584.205295115649,5,70,CUST08270
2022-09-13 00:43:22,Smartwatch,Norti,363.57805790510446,6,41,CUST08271
2022-06-10 09:08:21,Headphones,Central,258.6572406010319,3,55,CUST08272
2023-09-11 08:35:58,Headphones,West,608.3612010107404,8,79,CUST08273
2023-05-14 21:40:20,Laptop,Norti,546.0656864637577,2,33,CUST08274
2023-07-25 16:58:18,Tablet,East,,1,35,CUST08275
2022-01-05 20:54:48,Smartwatch,East,300.9341216524274,1,77,CUST08276
2022-04-07 00:25:53,Headphones,North,446.4855590977248,8,58,CUST08277
2022-11-04 01:09:17,Smartwatch,Central,407.4993632896945,2,79,CUST08278
2022-12-21 21:43:40,Smartphone,North,422.18741595571976,5,30,CUST08279
2023-10-10 00:15:38,Smartwatch,Norti,534.2715537637803,2,21,CUST08280
2023-01-26 13:31:57,Tablet,East,605.934384576325,4,30,CUST08281
2022-08-20 04:18:35,Tablet,East,542.9113753443665,9,52,CUST08282
2023-12-10 18:31:45,Smartwatch,East,529.1691823825645,2,21,CUST08283
2022-01-26 14:12:10,Smartphone,West,517.0277980403772,4,36,CUST08284
2022-07-28 03:49:15,Tablet,West,473.78403048221134,5,41,CUST08285
2023-11-09 04:23:26,Headphones,South,375.40010109101695,5,50,CUST08286
2023-12-07 02:34:32,Smartwatch,West,507.0269108592569,5,50,CUST08287
2023-03-01 13:40:43,Smartphone,Central,612.0914125808312,2,26,CUST08288
2022-03-01 09:06:58,Headphones,Central,482.7054666604201,8,72,CUST08289
2022-05-31 04:46:47,Smartwatch,East,361.94549103250256,5,74,CUST08290
2022-08-14 15:00:42,Smartphone,North,320.65333535227643,6,20,CUST08291
2022-01-18 05:29:03,Headphones,East,356.9326430118673,8,20,CUST08292
2022-09-19 22:15:10,Tablet,North,328.43996907553185,8,47,CUST08293
2023-01-05 06:45:28,Smartwatch,East,933.6817774758475,7,35,CUST08294
2023-04-02 23:40:23,Smartwatch,East,368.3406726737283,8,19,CUST08295
2024-09-05 19:39:11,Tablet,Central,494.23541588576154,7,49,CUST08296
2023-02-21 13:46:59,Laptop,North,486.98452859997315,6,60,CUST08297
2022-03-16 06:31:55,Headphones,South,711.9972250105226,5,26,CUST08298
2022-12-27 05:32:16,Tablet,South,564.4061113109384,5,19,CUST08299
2022-11-24 18:19:47,Smartwatch,East,563.6741765820482,8,37,CUST08300
2022-09-16 20:29:33,Headphones,East,526.1578498298652,1,44,CUST08301
2022-07-27 01:01:44,Headphones,Central,541.2639879499658,2,53,CUST08302
2022-08-21 08:31:29,Laptop,North,548.338273425709,1,58,CUST08303
2023-05-21 22:55:43,Smartwatch,East,405.88885425149635,7,63,CUST08304
2022-06-28 17:30:42,Smartphone,South,362.39607273697396,9,36,CUST08305
2022-10-06 20:39:35,Laptop,North,508.796307976256,7,33,CUST08306
2022-05-29 14:13:25,Laptop,East,419.46155376204024,9,43,CUST08307
2023-05-08 10:39:11,Smartphone,North,527.654999571366,4,31,CUST08308
2023-05-14 19:03:51,Smartphone,Central,338.1101784341239,7,64,CUST08309
2022-05-23 08:34:55,Laptop,South,278.9362988271535,7,35,CUST08310
2022-09-25 08:55:02,Headphones,North,308.1014645177081,2,45,CUST08311
2022-05-06 09:01:17,Tablet,South,,2,64,CUST08312
2022-10-27 22:16:12,Tablet,East,257.6646975113687,8,36,CUST08313
2022-05-07 17:04:12,Laptop,West,792.4489628527102,2,47,CUST08314
2023-10-21 20:44:52,Headphones,Norti,792.8348329692991,1,58,CUST08315
2022-06-09 20:27:04,Smartphone,South,63282.39901088101,1,38,CUST08316
2022-07-23 19:20:51,Laptop,North,444.58863164883957,1,38,CUST08317
2022-12-22 18:12:05,Smartwatch,East,427.4597792089717,6,65,CUST08318
2023-02-10 08:14:09,Headphones,East,544.480374793815,5,72,CUST08319
2022-02-01 18:24:46,Smartwatch,South,,7,47,CUST08320
2022-08-20 13:42:41,Smartwatch,Central,544.4386756036208,3,66,CUST08321
2022-10-09 21:31:45,Laptop,North,303.4289908831285,5,59,CUST08322
2023-04-21 19:51:37,Headphones,North,471.5136939392976,2,54,CUST08323
2022-01-03 16:16:54,Smartwatch,Easu,579.9898632468874,9,58,CUST08324
2022-05-29 14:35:24,Headphones,North,145.76924150091037,9,63,CUST08325
2022-11-12 03:45:53,Tablet,South,334.2033328232945,4,49,CUST08326
2022-07-11 22:54:38,Smartwatch,West,,2,47,CUST08327
2022-01-28 19:15:10,Smartwatch,East,453.17904228398635,8,39,CUST08328
2022-01-20 00:24:43,Headphones,West,453.3314834030145,4,77,CUST08329
2023-05-24 18:46:06,Tablet,North,666.2662430123805,5,41,CUST08330
2022-05-17 11:24:30,Smartwatch,Central,491.92836964920065,4,27,CUST08331
2022-11-04 14:23:52,Laptop,South,428.9818615158758,2,41,CUST08332
2022-12-06 16:00:54,Headphones,North,453.7139664920364,6,18,CUST08333
2022-02-28 10:47:38,Headphones,South,458.65316196109325,1,73,CUST08334
2022-01-01 06:00:50,Smartwatch,North,374.8189806944106,8,71,CUST08335
2023-02-09 14:56:34,Tablet,North,466.620402067732,1,69,CUST08336
2023-09-10 12:58:14,Smartwatch,North,329.014667943697,5,52,CUST08337
2022-11-09 22:50:28,Smartphone,East,450.001535406162,9,33,CUST08338
2023-02-27 01:55:25,Smartwatch,West,422.5866048907454,1,22,CUST08339
2022-05-05 03:56:37,Smartphone,Central,534.7030454824782,7,48,CUST08340
2023-07-26 08:05:00,Laptop,West,727.1786367177476,7,62,CUST08341
2022-10-21 15:47:55,Headphones,West,538.9350725877442,5,54,CUST08342
2022-10-01 04:21:43,Headphones,South,515.4722267332139,4,72,CUST08343
2023-03-09 20:32:40,Tablet,East,535.0753704283542,9,42,CUST08344
2022-10-12 05:10:24,Smartwatch,East,370.5777131191078,5,60,CUST08345
2022-06-20 03:38:26,Laptop,North,605.2934500639716,1,66,CUST08346
2022-09-21 20:33:46,Smartphone,West,560.9602463054928,9,79,CUST08347
2023-04-16 18:56:54,Tablet,Central,493.25186247137174,5,42,CUST08348
2022-05-25 04:45:09,Laptop,South,553.2467305540625,9,20,CUST08349
2023-03-25 05:35:18,Laptop,East,,8,71,CUST08350
2022-02-22 05:40:07,Smartphone,North,549.4192621734477,7,55,CUST08351
2022-04-24 11:41:41,Smartphone,Central,649.139920367599,6,49,CUST08352
2022-12-28 13:37:22,Headphones,West,386.28134964439454,9,65,CUST08353
2022-10-29 15:03:45,Smartwatch,Central,696.6819093137124,4,37,CUST08354
2023-11-07 17:20:11,Tablet,East,259.60125939743546,5,47,CUST08355
2023-08-26 12:08:22,Smartwatch,Souti,599.2834405275562,1,19,CUST08356
2022-12-16 05:55:39,Tablet,West,525.1640477706766,7,22,CUST08357
2023-11-16 01:31:07,Laptop,South,355.5634397852048,6,36,CUST08358
2023-09-29 21:27:23,Smartphone,Central,654.3654578649569,7,37,CUST08359
2022-01-12 16:05:14,Smartphone,Central,227.97285722455155,1,39,CUST08360
2023-09-26 13:37:36,Laptop,North,743.7834117931973,7,28,CUST08361
2022-08-12 00:55:46,Laptop,West,838.5221603787808,7,72,CUST08362
2022-11-08 03:40:11,Tablet,Central,475.5199763619546,8,35,CUST08363
2022-12-29 09:59:22,Laptop,East,345.84224659248525,2,44,CUST08364
2022-09-30 01:53:55,Tablet,East,413.3394298648694,1,48,CUST08365
2022-12-17 08:49:00,Smartwatch,South,,1,52,CUST08366
2023-04-10 19:39:41,Smartphone,East,451.6437726562437,8,61,CUST08367
2023-09-26 10:10:56,Smartphone,Central,59.6763767850959,7,72,CUST08368
2022-07-22 10:02:12,Smartphone,East,557.514105296322,9,62,CUST08369
2022-08-15 05:01:13,Smartwatch,West,634.0758216445105,2,38,CUST08370
2023-08-03 03:07:42,Smartwatch,South,577.1467877377366,4,69,CUST08371
2023-04-21 15:44:34,Headphones,West,600.9983413296184,-8,37,CUST08372
2022-11-21 02:10:47,Tablet,Central,740.6784419332705,6,26,CUST08373
2022-03-27 04:10:55,Tablet,Central,,2,48,CUST08374
2022-07-13 04:31:33,Headphones,East,757.7488385219856,2,26,CUST08375
2023-08-26 05:08:28,Smartphone,North,476.8441939691986,7,75,CUST08376
2023-04-05 02:07:57,Tablet,North,668.9977344558143,9,24,CUST08377
2022-07-18 04:17:26,Tablet,Central,478.63844597609534,8,50,CUST08378
2022-10-28 20:37:15,Smartphone,Central,805.7458738639522,2,18,CUST08379
2024-08-27 01:04:53,Laptop,South,597.1876382500361,3,36,CUST08380
2023-09-04 12:56:53,Laptop,Central,485.57417630385515,8,20,CUST08381
2023-05-23 21:43:43,Headphones,Central,320.06259268602776,4,56,CUST08382
2023-01-23 20:52:43,Smartwatch,Souti,530.9319840233175,6,29,CUST08383
2022-06-28 00:21:03,Tablet,West,377.1084162630028,2,47,CUST08384
2022-06-13 19:08:18,Tablet,West,566.1499917057736,1,33,CUST08385
2022-09-25 05:46:35,Headphones,South,598.845180952306,6,30,CUST08386
2023-04-28 12:29:32,Headphones,South,656.0541359257311,8,67,CUST08387
2023-02-03 04:03:57,Tablet,West,580.6559975768625,5,41,CUST08388
2023-07-05 17:13:43,Smartphone,West,512.0086943766609,1,34,CUST08389
2022-05-04 14:49:15,Smartphone,West,698.6854727289559,-2,44,CUST08390
2023-07-22 20:42:30,Smartwatch,West,716.0701609101915,3,46,CUST08391
2023-08-09 05:51:50,Tablet,Easu,342.09392409457405,2,73,CUST08392
2023-04-07 18:35:01,Tablet,South,764.3116711450955,9,58,CUST08393
2022-08-17 17:48:04,Tablet,North,684.3569238461048,2,31,CUST08394
2023-08-29 07:56:09,Tablet,East,372.0328994784232,3,22,CUST08395
2022-02-09 08:50:47,Headphones,North,218.12987385022845,9,60,CUST08396
2022-05-08 18:20:04,Laptop,North,680.670861485774,3,69,CUST08397
2022-12-22 19:33:44,Tablet,Central,530.9368456441156,8,55,CUST08398
2022-05-21 22:27:52,Laptop,South,431.6983947132721,8,23,CUST08399
2022-09-16 00:22:24,Smartphone,East,547.0889669944008,3,41,CUST08400
2023-06-13 06:43:17,Smartwatch,South,677.9417406847839,3,57,CUST08401
2023-08-05 01:55:34,Smartphone,Wesu,195.26340135333226,8,50,CUST08402
2022-10-24 00:27:30,Tablet,South,518.9274735880396,3,26,CUST08403
2023-10-07 16:39:27,Smartphone,North,508.61059655289665,4,59,CUST08404
2023-08-26 23:12:22,Headphones,West,724.4684089058853,5,66,CUST08405
2023-10-20 10:39:38,Laptop,South,624.2799165685274,7,20,CUST08406
2023-08-27 11:01:42,Tablet,South,622.8842221554885,1,40,CUST08407
2023-06-26 14:21:19,Headphones,North,433.4214590754576,8,38,CUST08408
2023-11-30 23:43:25,Laptop,West,600.4367645757627,3,39,CUST08409
2022-02-27 21:40:28,Headphones,North,427.2283601857787,7,62,CUST08410
2022-01-02 12:32:42,Smartphone,South,483.6889455464095,3,25,CUST08411
2022-10-31 10:48:49,Tablet,East,586.0831294353741,9,37,CUST08412
2023-10-13 21:04:22,Smartphone,East,512.8073465652486,5,31,CUST08413
2023-04-14 14:46:38,Smartwatch,Central,547.4355876531803,-3,47,CUST08414
2022-09-16 21:10:56,Tablet,East,696.9566580485789,3,69,CUST08415
2022-05-29 15:01:12,Smartphone,West,445.25508773027764,4,25,CUST08416
2023-07-17 10:11:50,Tablet,Central,344.36004566631544,5,36,CUST08417
2022-11-24 22:15:50,Laptop,West,363.9856905624313,5,62,CUST08418
2022-05-05 19:09:14,Tablet,East,331.32852950698623,8,55,CUST08419
2024-01-23 02:10:52,Tablet,East,741.1148826417947,6,53,CUST08420
2022-10-18 22:14:03,Laptop,South,598.1361132174812,5,23,CUST08421
2022-12-14 02:05:05,Smartphone,West,660.580036033683,2,69,CUST08422
2022-11-27 18:00:55,Tablet,North,633.6924553197375,5,51,CUST08423
2023-01-28 12:45:38,Headphones,South,470.2395520423191,7,27,CUST08424
2023-04-21 22:20:23,Tablet,West,744.4831802889469,3,48,CUST08425
2022-08-14 17:04:50,Smartphone,Central,396.364745696839,7,28,CUST08426
2023-07-05 21:10:01,Laptop,West,801.8557170809188,1,60,CUST08427
2022-08-01 15:15:18,Smartphone,Central,518.5568377424017,6,52,CUST08428
2023-12-27 03:44:49,Smartwatch,Central,768.3034499374671,1,28,CUST08429
2023-08-23 18:25:51,Tablet,East,342.634409406758,7,57,CUST08430
2022-03-11 05:49:07,Tablet,North,435.28415315246656,6,78,CUST08431
2023-08-12 13:02:18,Laptop,West,259.5662352104063,1,49,CUST08432
2023-07-09 21:17:57,Tablet,North,656.3371749572599,9,66,CUST08433
2022-05-02 02:15:54,Headphones,Central,537.9828635829733,5,76,CUST08434
2023-01-06 11:54:48,Headphones,East,802.4918635191467,7,43,CUST08435
2023-05-31 02:01:24,Smartphone,North,427.4024912205094,1,39,CUST08436
2022-09-01 03:07:24,Laptop,South,700.5624766335192,8,74,CUST08437
2022-11-02 20:53:12,Smartwatch,Central,511.98726567618206,8,18,CUST08438
2023-02-15 09:19:16,Smartphone,South,485.9316217417477,9,65,CUST08439
2022-02-02 07:42:17,Laptop,North,456.59252978493885,2,46,CUST08440
2023-10-17 22:28:55,Laptop,North,373.22791208847406,-6,69,CUST08441
2022-02-06 10:24:47,Smartphone,North,556.1371877949905,5,56,CUST08442
2022-10-01 15:11:40,Smartphone,West,531.7087604508786,6,39,CUST08443
2022-07-09 00:46:04,Tablet,Central,264.0975846090724,5,71,CUST08444
2022-06-01 01:51:44,Smartwatch,Central,123.3180997272102,1,49,CUST08445
2023-02-11 17:39:34,Headphones,Central,453.0505126779568,2,42,CUST08446
2022-08-27 21:09:39,Tablet,West,674.2992901372248,3,57,CUST08447
2023-07-18 08:48:36,Laptop,North,533.3106675001912,7,62,CUST08448
2022-10-11 19:48:05,Smartwatch,North,304.5925539861041,9,46,CUST08449
2023-10-01 18:01:24,Smartwatch,South,233.92310993906364,2,54,CUST08450
2023-11-30 14:44:43,Smartphone,West,673.2194491900301,1,49,CUST08451
2022-10-03 20:33:20,Smartwatch,East,252.04366774941127,1,76,CUST08452
2022-11-20 23:34:51,Smartwatch,West,613.9010439203174,4,47,CUST08453
2023-11-13 10:06:32,Laptop,South,585.3562937627191,9,77,CUST08454
2023-06-25 15:46:09,Tablet,Souti,745.1991536369358,4,76,CUST08455
2022-12-11 17:12:56,Smartwatch,South,405.6276117458057,3,35,CUST08456
2022-11-22 08:35:05,Smartphone,North,640.8957995946934,8,61,CUST08457
2022-11-18 08:16:49,Tablet,East,709.9807818078651,9,65,CUST08458
2023-04-06 12:27:20,Smartphone,South,299.43107313481363,5,20,CUST08459
2023-08-13 18:33:41,Smartwatch,Central,,2,29,CUST08460
2022-03-29 17:50:02,Tablet,North,493.94200403294604,4,75,CUST08461
2022-08-06 12:45:44,Smartwatch,East,340.4331212824343,8,68,CUST08462
2023-02-12 18:52:44,Laptop,Central,539.6464703195285,2,37,CUST08463
2022-01-12 14:20:21,Tablet,East,,9,67,CUST08464
2023-10-18 08:53:25,Smartphone,East,557.324402204121,5,25,CUST08465
2023-02-18 15:39:24,Laptop,Central,826.0639111576863,7,48,CUST08466
2022-11-04 16:28:58,Headphones,West,469.3649770902708,5,41,CUST08467
2022-11-30 04:46:05,Smartphone,East,485.7663042963365,3,79,CUST08468
2023-06-28 03:10:57,Smartwatch,West,712.4762446326048,2,30,CUST08469
2022-07-17 13:27:03,Smartphone,East,688.923188813899,3,77,CUST08470
2022-06-28 18:46:26,Headphones,Central,407.3531961683201,2,25,CUST08471
2022-05-06 23:29:58,Smartphone,East,603.2323351250676,2,59,CUST08472
2023-07-19 05:47:32,Laptop,Souti,57.10555737346357,2,31,CUST08473
2022-05-25 03:13:38,Smartphone,South,349.38225192313473,2,32,CUST08474
2023-11-29 06:46:56,Tablet,East,660.4821957008332,8,38,CUST08475
2023-10-23 23:56:07,Headphones,Central,423.4662626150769,5,32,CUST08476
2022-02-03 21:33:05,Smartphone,Central,469.95021850954794,9,43,CUST08477
2023-07-16 04:25:35,Headphones,North,361.35193444839365,5,55,CUST08478
2022-07-01 18:35:28,Laptop,Central,337.29106440626754,1,63,CUST08479
2022-04-23 22:42:59,Tablet,West,125.57299670354504,8,55,CUST08480
2022-02-25 10:52:44,Smartwatch,East,445.5274289096648,3,72,CUST08481
2022-01-19 15:48:39,Smartphone,Souti,569.8415516042603,2,50,CUST08482
2022-10-13 22:25:48,Laptop,Central,537.02754539827,6,27,CUST08483
2022-06-29 14:11:46,Headphones,South,375.1975888039431,4,36,CUST08484
2022-10-23 18:13:17,Headphones,North,285.6512393730847,4,28,CUST08485
2022-03-14 15:38:40,Laptop,East,443.9185000935114,9,20,CUST08486
2023-03-14 04:00:35,Smartphone,Central,300.6547465324697,8,76,CUST08487
2023-05-08 16:58:00,Smartwatch,South,,3,40,CUST08488
2022-12-11 23:09:32,Smartphone,Central,519.365861063343,9,79,CUST08489
2023-05-20 08:47:44,Tablet,North,,1,23,CUST08490
2022-04-24 19:56:43,Smartphone,South,692.947230364725,7,58,CUST08491
2023-09-05 10:42:05,Tablet,South,343.12755221247966,7,74,CUST08492
2023-12-28 14:51:22,Headphones,East,409.28288209523424,2,58,CUST08493
2023-05-11 13:02:25,Tablet,East,627.4596493433178,7,46,CUST08494
2022-01-02 15:55:04,Smartwatch,Souti,603.5636623463487,7,21,CUST08495
2022-06-27 20:20:31,Laptop,East,577.4930070191588,9,20,CUST08496
2022-06-08 20:02:41,Tablet,South,,6,37,CUST08497
2022-04-08 20:26:04,Smartphone,West,587.6192482188795,9,68,CUST08498
2023-10-23 10:55:14,Tablet,Central,618.8096824889162,3,72,CUST08499
2023-07-27 15:45:26,Headphones,West,566.2536623579044,8,60,CUST08500
2023-01-23 15:48:34,Tablet,West,495.1455335137446,4,68,CUST08501
2022-04-23 21:54:32,Smartwatch,Central,,1,66,CUST08502
2023-12-22 16:15:49,Tablet,Souti,488.6337658862059,7,25,CUST08503
2022-12-04 14:32:18,Smartwatch,South,560.5892253804348,3,23,CUST08504
2022-10-13 12:30:00,Smartphone,East,511.19209595475104,4,22,CUST08505
2023-04-24 08:38:24,Headphones,North,273.3966873720737,3,25,CUST08506
2023-03-19 22:13:38,Laptop,South,412.4411512499127,6,76,CUST08507
2023-02-21 02:24:32,Smartphone,Central,812.0691157157703,1,25,CUST08508
2022-06-07 17:04:33,Smartphone,North,209.38929864579515,7,52,CUST08509
2023-04-08 03:34:39,Laptop,Central,732.8355040871514,8,36,CUST08510
2023-07-08 23:59:39,Tablet,Central,593.8293865550685,3,65,CUST08511
2023-04-15 07:40:23,Tablet,Central,505.13349795353986,9,27,CUST08512
2023-09-13 11:38:30,Tablet,North,247.93809325525433,2,72,CUST08513
2023-04-29 19:25:05,Headphones,West,499.8275668490183,9,52,CUST08514
2023-04-20 06:11:45,Smartphone,Central,388.0515288544305,5,26,CUST08515
2023-12-03 22:02:00,Smartwatch,East,678.3467782501605,6,25,CUST08516
2023-02-15 13:07:08,Laptop,South,399.995151928477,2,25,CUST08517
2022-01-15 21:16:28,Smartphone,South,458.6258453144106,5,74,CUST08518
2023-05-06 11:20:37,Tablet,South,536.9270350757469,6,25,CUST08519
2023-07-28 02:01:56,Laptop,North,403.32075340464775,5,37,CUST08520
2022-08-18 21:32:41,Smartwatch,Easu,643.7885478041342,4,24,CUST08521
2022-08-31 10:19:49,Smartphone,East,455.61648176090125,8,63,CUST08522
2022-10-28 12:53:51,Smartphone,East,217.87417985293465,2,39,CUST08523
2022-06-19 19:11:36,Headphones,East,52261.49996286772,1,34,CUST08524
2022-06-21 11:55:27,Smartphone,East,621.1061215724467,2,61,CUST08525
2022-09-28 23:57:30,Smartphone,West,715.7046330380696,4,22,CUST08526
2023-04-26 08:41:10,Smartwatch,East,582.9003450534146,1,51,CUST08527
2022-08-03 19:55:10,Smartwatch,East,672.9702318018774,9,42,CUST08528
2022-12-17 06:11:21,Laptop,North,573.6058070240181,1,64,CUST08529
2022-05-02 21:56:45,Tablet,North,,5,60,CUST08530
2023-08-09 07:34:16,Smartwatch,East,382.8148556817197,8,32,CUST08531
2023-06-25 08:01:55,Laptop,West,155.18535523571748,9,48,CUST08532
2022-02-12 09:14:57,Smartphone,East,467.47179626134044,9,62,CUST08533
2022-04-12 03:08:43,Laptop,East,59792.298367705065,8,36,CUST08534
2023-12-28 05:12:55,Laptop,East,263.3274081440716,6,61,CUST08535
2023-04-27 14:02:27,Laptop,Central,694.0960811758941,6,48,CUST08536
2022-02-19 17:38:04,Laptop,West,484.5811250393957,9,64,CUST08537
2023-07-06 06:12:46,Smartwatch,South,,2,29,CUST08538
2023-11-21 02:10:22,Tablet,East,262.55979331911504,3,40,CUST08539
2023-09-11 22:58:11,Laptop,South,749.1580964051759,6,67,CUST08540
2023-03-12 03:42:54,Headphones,West,677.3145557825044,8,40,CUST08541
2022-07-24 01:19:35,Smartphone,East,439.48883568957353,7,78,CUST08542
2023-09-20 16:02:16,Smartphone,South,639.3513542896525,8,53,CUST08543
2023-08-16 21:47:24,Smartphone,South,468.5664803460564,5,28,CUST08544
2022-03-30 12:33:12,Smartphone,West,409.3351158262896,9,39,CUST08545
2023-09-03 16:19:37,Smartphone,East,402.0132164455023,6,64,CUST08546
2023-06-25 17:53:07,Laptop,Central,465.17872201578257,2,74,CUST08547
2022-01-19 12:38:40,Tablet,West,440.2167167523103,6,73,CUST08548
2022-08-13 08:02:23,Headphones,Centram,509.21995068827846,4,74,CUST08549
2022-08-20 10:40:14,Smartwatch,East,741.2519158592922,5,47,CUST08550
2023-10-17 02:56:34,Headphones,South,841.7505349936351,5,22,CUST08551
2023-06-08 10:44:08,Smartwatch,West,319.615529595856,1,54,CUST08552
2023-07-10 07:52:19,Smartwatch,West,568.9191949730614,5,37,CUST08553
2022-07-13 09:17:56,Headphones,West,531.4445125877429,9,74,CUST08554
2022-09-26 02:46:14,Laptop,North,579.5701235678898,8,79,CUST08555
2022-11-11 01:33:56,Smartphone,East,,8,27,CUST08556
2022-04-14 22:13:39,Laptop,North,581.6161480275307,3,73,CUST08557
2023-06-23 23:59:10,Smartphone,West,293.0476611310739,9,39,CUST08558
2022-12-03 21:30:57,Tablet,West,1007.3364314352746,9,59,CUST08559
2023-06-27 12:54:06,Smartwatch,Central,543.5913754192106,7,47,CUST08560
2022-12-24 11:54:41,Headphones,North,609.5044296809311,6,47,CUST08561
2022-06-27 21:57:48,Tablet,South,332.26157830255966,9,39,CUST08562
2023-05-06 09:53:16,Smartphone,East,395.72777449594014,6,55,CUST08563
2022-06-15 01:23:15,Laptop,South,279.7126675266668,3,55,CUST08564
2023-09-18 01:51:37,Headphones,South,718.4427933369492,6,72,CUST08565
2022-03-18 16:48:44,Smartwatch,East,333.54529972265254,2,55,CUST08566
2022-03-11 23:10:01,Tablet,West,471.67333174949454,2,73,CUST08567
2022-09-20 04:49:00,Smartwatch,Central,47833.38745882429,7,24,CUST08568
2022-10-24 19:56:14,Smartphone,West,570.9804167109143,8,67,CUST08569
2023-01-30 02:31:04,Smartwatch,West,306.13694834566826,7,75,CUST08570
2022-08-25 05:49:59,Laptop,North,628.9419409069751,5,53,CUST08571
2023-11-02 12:44:50,Tablet,South,686.747166922158,4,31,CUST08572
2022-04-27 14:47:11,Tablet,South,400.9925764241942,8,28,CUST08573
2022-12-27 01:28:30,Laptop,South,494.5112862299324,9,24,CUST08574
2023-09-05 23:17:01,Smartwatch,Central,593.981790302022,7,49,CUST08575
2023-05-25 03:22:39,Laptop,Central,538.3359207555801,1,35,CUST08576
2022-12-03 01:51:04,Headphones,Central,350.04207766850914,4,69,CUST08577
2023-09-20 19:51:57,Laptop,East,605.1895887557672,4,51,CUST08578
2022-11-04 18:46:12,Smartwatch,Central,726.904138713941,3,19,CUST08579
2022-02-16 04:50:18,Laptop,North,726.4327511458087,4,79,CUST08580
2022-04-05 12:02:42,Smartphone,North,586.2912400043408,9,24,CUST08581
2023-09-19 06:44:52,Laptop,West,614.8959362231842,1,60,CUST08582
2023-10-15 11:05:32,Laptop,West,441.6217878325958,2,48,CUST08583
2023-03-24 01:02:33,Smartwatch,West,362.4143126251866,7,35,CUST08584
2022-11-11 16:53:55,Headphones,West,489.6938649943157,9,37,CUST08585
2022-01-03 21:30:31,Headphones,North,839.6654221918831,7,24,CUST08586
2023-05-13 17:42:36,Smartwatch,West,420.3504725662081,1,39,CUST08587
2022-05-31 00:51:23,Smartwatch,North,565.1619725651224,7,69,CUST08588
2023-09-30 08:26:12,Smartwatch,Central,,6,74,CUST08589
2022-08-22 05:02:01,Smartphone,Central,,1,54,CUST08590
2022-09-30 04:58:35,Tablet,East,722.5438615498,1,51,CUST08591
2023-02-04 16:36:07,Laptop,West,738.3215620711175,2,63,CUST08592
2023-03-26 07:52:40,Smartwatch,Central,900.0585846245682,-6,56,CUST08593
2023-05-13 09:04:51,Smartwatch,Central,380.23915138685646,4,59,CUST08594
2023-08-31 04:42:46,Smartwatch,South,561.0645844397018,4,77,CUST08595
2022-01-05 20:56:33,Headphones,South,513.2838293115169,6,67,CUST08596
2023-03-04 17:31:33,Smartwatch,North,397.0379615533578,9,57,CUST08597
2022-08-09 08:20:07,Laptop,East,400.071907359442,1,72,CUST08598
2023-05-04 07:16:11,Smartwatch,South,525.0238357196444,2,33,CUST08599
2022-11-23 08:40:54,Laptop,East,,8,31,CUST08600
2023-07-01 15:01:58,Smartphone,Central,353.05162959216284,8,77,CUST08601
2023-01-24 06:54:31,Tablet,North,518.5375393413767,6,58,CUST08602
2022-12-09 00:26:39,Headphones,Easu,,6,49,CUST08603
2022-09-05 10:28:54,Laptop,South,,8,55,CUST08604
2022-10-06 08:59:00,Smartphone,Central,554.2641661642576,-2,56,CUST08605
2023-09-22 18:33:58,Tablet,West,479.7358100625031,2,43,CUST08606
2023-06-28 19:21:00,Tablet,Central,461.3869133466088,1,47,CUST08607
2022-11-20 15:22:53,Tablet,South,771.3284797584212,6,79,CUST08608
2023-12-26 09:14:01,Laptop,South,710.3934429991156,6,58,CUST08609
2022-02-01 20:38:10,Smartphone,West,512.3685544846377,6,56,CUST08610
2023-07-16 03:21:40,Smartwatch,Central,347.8524228531183,2,26,CUST08611
2022-01-12 14:45:10,Smartphone,East,,7,49,CUST08612
2023-06-19 04:41:02,Smartphone,East,878.9269173717297,3,73,CUST08613
2022-07-26 13:53:28,Smartphone,Central,704.7488552525302,1,70,CUST08614
2023-07-14 19:06:06,Laptop,Easu,304.9818669064955,1,24,CUST08615
2023-09-15 01:45:21,Laptop,Central,470.3538516592168,9,29,CUST08616
2022-01-22 12:46:11,Laptop,Central,390.0524985110941,3,40,CUST08617
2022-05-26 16:01:47,Smartphone,South,361.0891958464283,8,34,CUST08618
2023-01-13 08:28:38,Laptop,North,670.2566566662545,7,69,CUST08619
2022-10-12 05:02:08,Tablet,South,667.0948732446374,2,38,CUST08620
2023-06-11 02:03:24,Laptop,East,766.3162864517024,2,29,CUST08621
2023-08-24 17:32:08,Headphones,North,601.7523545197126,4,39,CUST08622
2023-06-09 22:19:56,Laptop,Central,493.2831164667674,2,40,CUST08623
2022-11-10 14:51:37,Laptop,East,528.1837699611683,5,22,CUST08624
2023-09-17 09:20:38,Laptop,West,364.16277553298835,7,35,CUST08625
2022-12-15 22:14:51,Laptop,East,705.5149230032004,2,54,CUST08626
2022-07-03 13:47:21,Headphones,North,388.8192448042748,9,54,CUST08627
2023-01-01 22:19:34,Smartwatch,North,438.7087679173976,1,24,CUST08628
2022-08-10 12:08:37,Laptop,Central,454.44596058405233,2,78,CUST08629
2023-01-13 02:56:02,Tablet,West,39.351658065844,7,20,CUST08630
2022-11-25 04:34:42,Headphones,Central,630.1343227519959,5,18,CUST08631
2022-10-05 22:57:21,Smartwatch,West,357.83951324482746,1,77,CUST08632
2022-06-21 19:11:06,Laptop,West,603.4235295111984,4,23,CUST08633
2022-08-17 08:21:09,Smartwatch,Central,432.715996738794,8,77,CUST08634
2022-02-08 02:26:27,Tablet,East,431.38718232259663,5,24,CUST08635
2023-06-23 20:19:11,Headphones,South,333.4143177239298,2,44,CUST08636
2023-07-05 05:08:20,Headphones,West,708.2658021732636,9,75,CUST08637
2023-11-01 19:56:02,Smartwatch,North,741.6853636888261,1,48,CUST08638
2023-01-16 13:25:41,Laptop,Central,649.9833068978412,1,25,CUST08639
2022-12-05 18:15:23,Smartphone,East,539.7667251201868,5,31,CUST08640
2022-06-25 19:17:38,Headphones,West,520.3577607039431,9,72,CUST08641
2023-01-22 20:30:53,Smartphone,East,662.988906405927,6,32,CUST08642
2023-07-08 08:31:42,Headphones,Central,481.1464069606072,5,24,CUST08643
2022-04-17 05:47:59,Laptop,North,,6,24,CUST08644
2022-05-30 06:21:11,Laptop,West,355.6055558040031,6,50,CUST08645
2023-09-24 21:15:20,Headphones,West,647.2373498895882,9,58,CUST08646
2023-06-24 17:07:15,Smartwatch,East,692.76392356212,9,74,CUST08647
2023-11-18 09:36:14,Laptop,Central,,5,24,CUST08648
2022-03-05 13:49:12,Laptop,South,374.1456446140812,4,74,CUST08649
2023-07-13 06:53:31,Tablet,West,493.3293380314334,1,76,CUST08650
2022-11-13 16:03:02,Laptop,North,563.4683551027731,6,37,CUST08651
2022-04-29 00:32:54,Tablet,West,407.36075285702515,7,24,CUST08652
2022-05-07 01:59:41,Laptop,West,513.8295374881595,7,67,CUST08653
2023-06-28 18:00:16,Laptop,South,190.06780534851714,1,31,CUST08654
2022-03-14 21:10:42,Smartwatch,South,614.7488518405113,6,71,CUST08655
2022-06-07 10:13:57,Smartwatch,Central,621.8052600342065,8,32,CUST08656
2022-02-16 21:42:59,Laptop,West,728.1499473709064,3,35,CUST08657
2022-03-25 08:04:22,Headphones,West,586.066065864203,1,27,CUST08658
2023-05-10 08:36:45,Headphones,East,444.4897021640337,7,52,CUST08659
2023-07-07 13:29:54,Laptop,Easu,347.85081670366725,4,44,CUST08660
2022-12-01 01:26:08,Headphones,North,378.0291527384676,5,78,CUST08661
2023-09-20 11:57:03,Laptop,North,,2,60,CUST08662
2022-03-31 09:52:46,Smartwatch,East,372.9743781803392,7,18,CUST08663
2022-03-30 23:53:25,Smartphone,North,384.7367369385135,1,72,CUST08664
2023-12-06 03:17:27,Tablet,West,494.33396458482355,4,45,CUST08665
2022-08-01 19:24:01,Headphones,South,258.259303328715,8,51,CUST08666
2022-08-09 20:15:23,Headphones,West,35138.549405765654,7,65,CUST08667
2022-11-06 02:11:27,Smartwatch,East,532.7651742586527,7,20,CUST08668
2023-08-18 02:29:07,Headphones,Central,539.9749800916711,7,77,CUST08669
2022-03-05 05:23:30,Laptop,Central,629.7324548295259,5,66,CUST08670
2022-01-25 06:58:49,Laptop,East,523.2422841240251,3,20,CUST08671
2022-10-05 22:42:06,Smartphone,West,504.6387231010097,7,28,CUST08672
2022-08-04 06:07:40,Smartphone,Norti,595.5546590905593,8,21,CUST08673
2023-08-17 13:15:50,Smartphone,North,528.5452684802544,7,47,CUST08674
2023-11-02 03:23:06,Laptop,Central,354.18414409250465,6,56,CUST08675
2022-07-10 13:43:37,Smartphone,East,380.066720301688,9,71,CUST08676
2023-12-30 07:15:45,Smartphone,East,751.4864850427467,6,49,CUST08677
2023-02-06 08:00:35,Laptop,South,982.5475380185284,5,33,CUST08678
2022-10-29 17:55:36,Smartwatch,Central,610.4150833761447,6,34,CUST08679
2022-10-04 19:37:41,Headphones,East,348.7379164913495,4,28,CUST08680
2023-05-21 07:47:35,Tablet,South,784.8448002037418,6,53,CUST08681
2022-07-06 19:05:53,Laptop,North,435.4646996991124,4,49,CUST08682
2023-01-10 00:33:26,Laptop,Central,563.7361448801589,5,74,CUST08683
2023-04-22 04:26:45,Tablet,Central,496.9396839310934,6,52,CUST08684
2023-06-15 04:25:00,Tablet,East,527.8971674742063,1,71,CUST08685
2022-01-02 17:50:53,Smartphone,East,433.9576424929681,6,44,CUST08686
2022-06-23 13:56:40,Tablet,West,694.682668093596,6,65,CUST08687
2022-12-09 20:48:54,Headphones,North,472.3325489970349,1,51,CUST08688
2022-01-29 19:09:04,Headphones,North,591.904657553613,7,22,CUST08689
2023-10-14 13:14:21,Headphones,South,588.6614353130173,5,42,CUST08690
2022-09-11 12:35:35,Headphones,South,,8,45,CUST08691
2023-09-15 20:47:06,Headphones,West,274.2930090460408,5,35,CUST08692
2023-06-10 10:59:37,Smartphone,North,375.8877178871275,5,20,CUST08693
2023-04-03 03:24:46,Laptop,South,606.7962410622396,2,45,CUST08694
2023-06-10 19:58:42,Tablet,North,546.112479377338,4,19,CUST08695
2023-04-01 22:49:33,Laptop,North,377.74531037837386,4,51,CUST08696
2022-02-28 21:28:59,Tablet,South,506.5554789042209,8,39,CUST08697
2022-10-02 10:50:42,Smartphone,East,531.4481398743058,3,39,CUST08698
2022-09-19 02:02:50,Smartphone,East,587.414352425707,1,70,CUST08699
2022-04-12 13:27:01,Smartwatch,South,773.0399496544088,7,47,CUST08700
2022-09-13 11:49:16,Smartwatch,West,157.56892023205856,9,51,CUST08701
2023-09-04 10:30:37,Smartphone,Central,681.6045260064581,6,65,CUST08702
2023-01-29 04:25:22,Smartphone,North,532.5780960920725,2,18,CUST08703
2022-11-01 17:49:35,Tablet,Central,345.4598064227208,2,46,CUST08704
2022-02-04 16:17:24,Smartphone,Souti,524.7328950205409,1,78,CUST08705
2024-06-19 18:11:01,Laptop,North,716.961948163667,6,36,CUST08706
2022-10-29 10:19:35,Tablet,Central,761.8543286437501,8,36,CUST08707
2022-03-04 00:44:22,Smartphone,East,346.8260366549698,1,58,CUST08708
2022-04-01 17:29:01,Tablet,West,,1,69,CUST08709
2022-10-29 22:44:10,Tablet,Central,306.0505229921224,1,79,CUST08710
2023-08-14 09:21:54,Headphones,West,534.9530242753389,5,79,CUST08711
2023-02-15 02:16:51,Smartwatch,Easu,,7,58,CUST08712
2023-02-12 04:07:11,Tablet,Central,648.1241647267822,4,46,CUST08713
2022-01-21 20:32:31,Tablet,South,566.1970054556684,1,60,CUST08714
2022-04-08 16:52:37,Headphones,Norti,634.0245144835293,1,50,CUST08715
2022-11-13 15:35:34,Smartphone,East,291.9580067996848,3,68,CUST08716
2022-11-29 09:46:48,Tablet,West,762.9148829260504,5,34,CUST08717
2022-04-19 18:31:08,Headphones,West,694.5849005103444,5,55,CUST08718
2022-04-06 05:45:36,Laptop,East,420.6203511392828,9,18,CUST08719
2022-07-23 07:32:44,Headphones,South,381.9166805539389,9,67,CUST08720
2023-01-13 22:25:02,Smartwatch,South,611.9340743436846,9,58,CUST08721
2022-07-10 22:10:15,Smartwatch,West,265.75671901491825,8,76,CUST08722
2022-10-18 17:13:27,Smartphone,East,389.7188666216721,9,50,CUST08723
2022-11-05 19:28:53,Smartphone,East,345.83596235864,8,53,CUST08724
2022-04-26 01:34:59,Smartwatch,North,485.47553795526056,8,39,CUST08725
2023-11-11 10:44:10,Smartwatch,West,433.4042524205487,8,79,CUST08726
2023-10-26 15:51:30,Tablet,South,382.1876558099538,8,35,CUST08727
2023-09-19 18:29:09,Smartwatch,Central,367.4498936601697,5,34,CUST08728
2023-05-26 13:21:48,Smartphone,South,404.14219215343627,3,49,CUST08729
2022-12-03 00:44:23,Smartwatch,South,321.48524673694084,4,37,CUST08730
2022-01-16 03:22:46,Smartphone,Central,581.4009614586648,9,68,CUST08731
2023-12-14 20:16:26,Laptop,West,668.9237059466722,7,72,CUST08732
2022-11-12 12:28:48,Smartwatch,North,560.230599186391,9,40,CUST08733
2022-12-01 08:05:46,Smartphone,South,707.4209723918134,7,45,CUST08734
2023-12-27 03:34:39,Headphones,South,373.9158996408672,8,63,CUST08735
2022-09-23 20:26:13,Tablet,West,387.70090682781256,3,43,CUST08736
2023-05-14 10:51:50,Smartphone,West,566.3402783539412,8,76,CUST08737
2023-02-22 10:10:51,Smartwatch,East,585.8353050038421,4,24,CUST08738
2022-12-16 17:07:34,Smartwatch,West,502.29379929437107,6,58,CUST08739
2023-08-21 22:39:36,Laptop,West,496.27705666308077,1,74,CUST08740
2023-02-05 06:34:34,Headphones,South,340.0793896803734,2,37,CUST08741
2023-02-18 10:47:38,Smartphone,North,100.92155069100932,7,58,CUST08742
2022-08-26 02:23:37,Headphones,South,583.6381108512022,6,64,CUST08743
2022-04-12 03:24:36,Laptop,West,647.2735659325087,5,28,CUST08744
2023-07-04 03:59:28,Tablet,East,434.5794659507289,-7,24,CUST08745
2022-03-26 07:09:37,Headphones,North,417.18198776171175,2,55,CUST08746
2023-07-10 04:06:22,Laptop,East,401.18334613966425,4,44,CUST08747
2022-03-23 05:25:55,Smartphone,Central,443.72224067820076,5,26,CUST08748
2023-07-07 11:05:12,Tablet,East,650.9359335137569,8,21,CUST08749
2023-07-01 18:28:10,Smartwatch,East,359.7888192137297,6,66,CUST08750
2023-06-10 02:07:58,Laptop,West,596.8204287423507,6,55,CUST08751
2023-02-25 01:20:16,Smartwatch,West,425.34098614480575,5,46,CUST08752
2023-01-22 09:56:50,Tablet,West,200.89679693521435,5,66,CUST08753
2023-08-11 05:29:19,Laptop,West,448.50702512733744,1,43,CUST08754
2022-01-30 00:42:44,Laptop,West,745.9135912556925,4,42,CUST08755
2023-09-13 23:03:11,Tablet,Easu,397.19373018237616,9,31,CUST08756
2022-03-13 11:15:43,Smartphone,Central,464.4179933950981,2,54,CUST08757
2023-06-12 14:53:54,Laptop,West,501.2126896769551,6,67,CUST08758
2022-11-08 09:01:39,Tablet,Central,529.6039377738385,2,45,CUST08759
2023-08-20 01:45:18,Headphones,Central,731.3517774301773,9,25,CUST08760
2023-08-03 04:38:21,Smartwatch,South,381.0593879367637,5,59,CUST08761
2023-07-31 13:49:22,Laptop,South,501.5941974593803,9,28,CUST08762
2023-06-18 08:01:55,Headphones,Norti,613.7970763390741,5,71,CUST08763
2022-01-02 23:34:37,Laptop,Souti,392.88293500038776,9,78,CUST08764
2022-05-05 19:01:03,Smartphone,West,510.96380524458215,2,52,CUST08765
2023-04-19 10:46:20,Tablet,Central,647.3176813020391,7,76,CUST08766
2022-01-16 18:06:52,Laptop,Norti,422.0334097619662,8,48,CUST08767
2022-06-29 08:19:42,Tablet,South,474.0162735105161,3,51,CUST08768
2022-03-10 01:35:26,Laptop,East,327.2631233303802,1,75,CUST08769
2023-08-01 17:42:40,Smartphone,North,642.0377710602966,2,76,CUST08770
2023-01-02 05:00:43,Smartphone,West,523.7829825923166,5,63,CUST08771
2022-11-26 03:52:55,Headphones,Central,436.1893835676065,9,53,CUST08772
2023-12-10 05:09:07,Smartphone,West,453.75046700739523,5,34,CUST08773
2022-06-09 20:12:06,Tablet,West,498.64671791399377,1,66,CUST08774
2022-05-11 21:55:29,Smartphone,East,550.1280398448357,1,38,CUST08775
2022-03-17 23:01:05,Laptop,East,402.0912330308574,2,43,CUST08776
2023-04-14 13:39:01,Smartphone,Central,413.8864010612861,1,58,CUST08777
2023-07-20 17:18:05,Tablet,South,460.5007321096033,8,45,CUST08778
2023-11-08 10:48:17,Laptop,West,522.6529829486466,2,70,CUST08779
2022-01-16 23:48:30,Headphones,South,740.8901208093141,8,39,CUST08780
2023-02-23 08:37:34,Headphones,Central,379.58939476897183,5,75,CUST08781
2023-02-17 04:17:09,Headphones,West,,1,58,CUST08782
2022-10-28 13:14:02,Laptop,South,709.988319053141,4,20,CUST08783
2022-12-29 06:24:14,Headphones,West,368.3130374584606,2,45,CUST08784
2022-06-05 04:06:09,Smartphone,East,,6,53,CUST08785
2022-11-13 22:50:11,Laptop,Easu,686.5372580802186,5,19,CUST08786
2023-12-13 23:47:02,Laptop,Norti,581.6450922246279,9,63,CUST08787
2022-09-03 06:47:35,Laptop,Central,682.3239002730628,3,37,CUST08788
2023-01-18 03:30:22,Smartwatch,South,225.26396054123992,5,57,CUST08789
2023-12-18 15:53:38,Tablet,West,297.14343878762287,7,67,CUST08790
2022-08-19 01:49:49,Smartwatch,North,542.6169943025278,9,53,CUST08791
2022-08-15 14:09:50,Smartwatch,Central,441.9837204052572,3,25,CUST08792
2022-07-24 06:57:16,Smartwatch,Centram,382.24238877630955,4,56,CUST08793
2022-03-11 11:13:44,Tablet,Central,621.1955398873189,1,42,CUST08794
2022-12-29 06:51:13,Smartwatch,South,538.625751786423,2,32,CUST08795
2023-05-07 03:39:03,Headphones,East,657.3971771938752,3,47,CUST08796
2023-03-16 10:28:55,Laptop,North,,7,64,CUST08797
2022-05-05 02:47:59,Laptop,South,497.5358640903537,7,51,CUST08798
2022-08-12 21:03:56,Smartphone,West,730.9452001671856,1,21,CUST08799
2023-12-10 13:46:07,Headphones,South,307.4912034562498,9,74,CUST08800
2024-07-05 17:48:47,Tablet,West,,3,39,CUST08801
2023-06-17 15:50:53,Laptop,West,368.8391655403285,3,42,CUST08802
2022-09-19 17:03:47,Smartwatch,Central,754.3231257702982,2,26,CUST08803
2023-10-09 14:21:36,Smartphone,South,860.863141049322,3,40,CUST08804
2022-05-18 13:28:44,Smartphone,East,531.4803825657938,6,79,CUST08805
2022-12-16 09:42:24,Laptop,West,573.8971954287039,4,56,CUST08806
2023-04-07 15:49:53,Headphones,Central,484.4430621511639,2,73,CUST08807
2023-05-01 05:33:49,Smartphone,East,478.6486153780077,8,67,CUST08808
2022-10-08 07:42:06,Laptop,South,,1,75,CUST08809
2023-10-31 05:19:39,Headphones,East,297.65677934860514,8,29,CUST08810
2023-08-17 11:21:49,Laptop,South,599.0441671519035,2,31,CUST08811
2022-01-17 23:34:16,Laptop,West,352.19489838678936,9,24,CUST08812
2022-09-02 12:24:01,Headphones,North,446.9224709657335,4,48,CUST08813
2023-07-12 05:44:49,Headphones,North,504.97715618155945,4,23,CUST08814
2022-06-07 07:51:17,Headphones,West,,7,40,CUST08815
2023-04-16 16:24:38,Laptop,East,589.6650947393742,3,71,CUST08816
2022-09-02 07:23:08,Smartphone,South,428.68633103179906,3,76,CUST08817
2022-04-11 07:32:06,Tablet,North,659.8345675896966,4,36,CUST08818
2022-10-02 10:34:06,Tablet,South,369.31859550340727,3,38,CUST08819
2023-09-15 00:41:35,Laptop,West,,8,36,CUST08820
2023-01-21 15:27:56,Laptop,East,339.2181513755943,9,71,CUST08821
2023-04-23 18:46:48,Smartphone,South,647.3717640158021,5,64,CUST08822
2023-10-27 16:56:05,Headphones,East,453.36271709506167,3,36,CUST08823
2022-02-01 07:30:21,Laptop,North,416.43140034802065,7,61,CUST08824
2023-11-27 10:10:15,Smartwatch,South,471.50685140647465,3,51,CUST08825
2022-11-01 17:26:50,Headphones,Central,483.5722346048546,6,60,CUST08826
2022-09-19 06:58:09,Laptop,North,560.7971954306747,4,30,CUST08827
2023-06-25 01:20:16,Smartwatch,East,580.8680258106348,7,53,CUST08828
2023-11-16 08:12:20,Smartphone,West,477.2623868353561,6,42,CUST08829
2022-12-09 19:32:29,Smartwatch,Central,494.1343945711641,7,50,CUST08830
2023-05-03 03:41:12,Laptop,South,33.961097120121984,4,73,CUST08831
2022-03-22 08:24:23,Tablet,North,432.1988490412934,6,38,CUST08832
2023-12-19 16:33:33,Laptop,South,714.6027974778876,7,51,CUST08833
2023-03-19 04:55:56,Tablet,Souti,567.3042800327833,8,63,CUST08834
2022-01-16 18:28:36,Smartphone,Central,339.029685999031,9,42,CUST08835
2022-08-10 16:05:16,Smartphone,Central,441.87233256371724,3,35,CUST08836
2022-07-09 14:11:00,Headphones,Central,410.49500362412834,5,60,CUST08837
2022-09-12 16:25:57,Headphones,Central,660.516326448481,3,28,CUST08838
2023-02-13 06:03:14,Tablet,West,645.2924765094754,5,36,CUST08839
2022-08-09 07:06:12,Tablet,Easu,382.84885908859684,2,66,CUST08840
2023-01-21 10:03:59,Smartphone,Central,501.4814093960032,3,66,CUST08841
2023-04-17 20:57:21,Smartwatch,North,329.9334715211275,7,51,CUST08842
2023-02-08 18:03:37,Tablet,South,406.0077036390586,8,19,CUST08843
2022-03-25 02:16:31,Tablet,Central,411.5366780303277,5,47,CUST08844
2023-09-25 07:17:04,Smartwatch,North,394.66066132885373,3,62,CUST08845
2023-09-07 12:08:10,Headphones,West,554.9306807355458,4,55,CUST08846
2022-09-01 18:14:40,Headphones,North,702.3716711371427,3,32,CUST08847
2023-07-13 23:46:23,Tablet,North,490.9590092333086,3,28,CUST08848
2022-11-27 10:26:01,Headphones,West,341.7581534644074,9,41,CUST08849
2022-04-16 02:29:21,Headphones,West,531.2160118857665,4,77,CUST08850
2023-03-21 20:39:31,Headphones,South,531.4210846764541,6,21,CUST08851
2024-10-02 00:09:56,Smartphone,Central,471.68782512299407,3,36,CUST08852
2022-08-15 02:36:22,Laptop,North,778.8672206961747,8,46,CUST08853
2023-02-20 07:21:05,Tablet,East,536.6190531329122,4,31,CUST08854
2023-08-19 22:06:21,Tablet,East,586.073277033808,8,67,CUST08855
2022-04-25 08:08:37,Smartphone,South,163.66851495910336,2,34,CUST08856
2023-07-19 16:20:54,Laptop,East,355.56629605636874,9,25,CUST08857
2022-04-05 14:59:36,Laptop,South,577.0863597521345,2,30,CUST08858
2023-10-28 11:38:44,Smartphone,Central,542.5723153147529,3,40,CUST08859
2023-04-23 09:09:24,Smartwatch,South,443.2259111582933,3,46,CUST08860
2023-12-19 21:16:03,Smartwatch,West,568.0347618525691,5,64,CUST08861
2022-03-23 17:05:03,Laptop,West,639.0950288355702,3,28,CUST08862
2022-03-04 23:23:59,Smartwatch,Wesu,429.07603687350627,8,33,CUST08863
2022-03-12 08:07:14,Smartwatch,Wesu,406.5498026160464,7,67,CUST08864
2023-01-26 14:36:24,Smartwatch,West,461.6024113136524,1,61,CUST08865
2023-02-15 16:19:48,Laptop,West,574.7205785419499,6,40,CUST08866
2022-02-25 12:45:27,Smartwatch,West,41411.07145388171,2,29,CUST08867
2023-05-10 20:36:24,Tablet,West,627.9377513185439,8,55,CUST08868
2023-09-11 15:37:40,Laptop,West,427.6981102054039,8,41,CUST08869
2022-05-15 06:35:21,Smartphone,Central,416.0654800895472,7,48,CUST08870
2022-02-13 23:46:00,Smartwatch,West,851.9674035297072,8,55,CUST08871
2023-08-03 09:17:53,Headphones,South,314.81238209553146,1,53,CUST08872
2022-01-12 06:51:52,Laptop,Central,617.2577057926122,8,78,CUST08873
2022-12-12 09:48:26,Smartphone,East,229.03404946467182,1,79,CUST08874
2023-03-12 00:59:15,Tablet,North,598.7266547763672,3,73,CUST08875
2023-10-08 04:57:57,Smartphone,Central,903.7692010721738,4,18,CUST08876
2022-01-07 10:23:59,Smartwatch,West,658.5563391794088,3,43,CUST08877
2022-01-08 02:35:01,Headphones,Central,700.7103483944823,2,34,CUST08878
2023-01-29 13:37:25,Smartwatch,North,485.5876420311969,3,53,CUST08879
2023-04-29 14:05:21,Smartphone,North,641.3402658011767,9,34,CUST08880
2023-07-29 21:05:58,Laptop,West,537.2986884143123,2,54,CUST08881
2022-05-22 14:35:08,Headphones,West,803.8945403823604,5,44,CUST08882
2023-07-01 05:52:37,Headphones,South,334.00470311782294,3,42,CUST08883
2023-12-03 08:55:22,Smartphone,North,678.1226468691149,9,47,CUST08884
2022-09-11 18:11:57,Smartwatch,West,564.1554102887865,7,58,CUST08885
2022-03-01 06:40:32,Smartphone,North,363.0790293143502,3,42,CUST08886
2022-09-20 10:18:57,Headphones,South,458.8310389413423,2,55,CUST08887
2022-07-20 13:27:34,Smartphone,East,259.85742633186305,2,49,CUST08888
2022-12-11 15:20:32,Headphones,North,10.275277996971388,5,29,CUST08889
2023-10-13 18:31:26,Smartwatch,South,320.0668843538854,9,66,CUST08890
2024-03-06 12:45:20,Laptop,South,441.793607322561,2,75,CUST08891
2022-05-02 04:18:08,Laptop,South,512.1781206748269,2,38,CUST08892
2023-05-01 10:54:15,Smartphone,Central,303.53251014821956,8,59,CUST08893
2023-06-23 06:04:51,Headphones,West,,3,51,CUST08894
2023-09-09 01:12:35,Laptop,North,535.461947314517,3,77,CUST08895
2023-01-23 17:21:00,Headphones,Central,413.5391526496181,6,18,CUST08896
2022-09-10 14:57:21,Smartwatch,North,337.8713656165863,6,30,CUST08897
2023-06-07 03:16:42,Smartphone,Central,390.29806651874065,6,70,CUST08898
2023-04-25 21:10:18,Headphones,West,700.4873956551176,5,38,CUST08899
2023-08-18 07:37:03,Smartphone,South,240.99405373318075,4,18,CUST08900
2023-01-27 12:22:56,Headphones,North,673.1528781282288,9,30,CUST08901
2022-01-07 04:30:33,Headphones,South,704.8029086895122,4,48,CUST08902
2022-03-03 01:46:16,Smartwatch,West,446.5630432424663,1,78,CUST08903
2022-08-04 18:05:23,Smartphone,North,569.0215828650048,8,40,CUST08904
2023-07-31 04:27:39,Tablet,East,382.86272793529065,8,20,CUST08905
2023-05-10 21:08:21,Headphones,East,540.1570564741661,3,28,CUST08906
2023-12-11 19:27:57,Headphones,East,833.9662006006529,9,46,CUST08907
2023-11-26 20:49:19,Laptop,West,690.6725924730205,7,71,CUST08908
2023-11-22 07:24:17,Smartphone,East,424.47167190500755,7,65,CUST08909
2022-12-12 18:15:50,Tablet,North,302.1166858068476,5,35,CUST08910
2022-01-13 23:08:33,Smartwatch,East,455.9490285919682,3,79,CUST08911
2022-04-29 01:52:41,Tablet,North,540.9941290520045,5,42,CUST08912
2023-03-18 12:15:19,Smartwatch,West,608.241788932726,3,51,CUST08913
2023-01-19 03:49:11,Tablet,South,483.6176922780098,3,35,CUST08914
2022-02-28 22:49:48,Tablet,Central,767.9054478648908,1,66,CUST08915
2022-06-01 01:56:07,Smartphone,East,504.8895569954498,4,18,CUST08916
2022-10-02 17:42:41,Laptop,Centram,428.6943273379752,9,45,CUST08917
2023-10-15 04:06:36,Tablet,South,578.6812511872453,6,21,CUST08918
2022-08-23 10:54:40,Headphones,West,605.0082355331232,6,72,CUST08919
2022-11-29 05:36:36,Headphones,West,385.5742902461758,6,69,CUST08920
2023-12-29 16:56:10,Headphones,South,359.2083383791152,5,38,CUST08921
2022-07-04 12:18:46,Laptop,Central,253.7066978067974,2,23,CUST08922
2022-05-08 20:38:20,Tablet,East,456.65817475763754,5,38,CUST08923
2023-03-19 03:02:01,Smartwatch,North,682.5137357541629,3,54,CUST08924
2022-05-02 21:29:52,Smartwatch,West,599.9175256452579,2,47,CUST08925
2022-04-13 22:25:18,Smartphone,South,668.579974353789,4,37,CUST08926
2023-01-11 17:38:25,Laptop,Central,401.8444772038438,9,79,CUST08927
2022-11-28 02:29:42,Tablet,East,475.4922472924513,7,58,CUST08928
2023-05-08 15:55:30,Headphones,Central,214.13941914622254,9,49,CUST08929
2022-01-24 11:42:21,Laptop,East,651.180253128728,3,70,CUST08930
2023-09-10 11:11:53,Laptop,North,701.411233441039,2,74,CUST08931
2022-07-04 18:09:37,Tablet,North,340.01426663007334,9,79,CUST08932
2023-01-14 05:25:13,Smartphone,South,743.8624137392458,6,48,CUST08933
2022-11-17 12:25:39,Smartphone,South,464.82661531950356,4,53,CUST08934
2022-08-10 23:35:30,Smartphone,East,337.5085778616243,4,42,CUST08935
2023-07-11 09:32:54,Headphones,East,452.60887237312767,6,22,CUST08936
2023-12-21 21:47:35,Headphones,East,594.2634725366069,7,25,CUST08937
2023-02-13 20:14:09,Tablet,East,491.92147382232247,5,34,CUST08938
2022-05-06 07:36:09,Smartphone,North,413.29464875381274,8,32,CUST08939
2022-08-16 03:27:35,Tablet,South,588.8487092307823,1,37,CUST08940
2023-11-19 00:16:05,Smartphone,South,602.6710563754633,1,62,CUST08941
2023-12-09 08:54:45,Laptop,West,473.9118781102226,4,64,CUST08942
2022-03-04 03:28:57,Smartwatch,South,446.4862641223607,8,46,CUST08943
2022-12-22 04:17:04,Smartwatch,South,418.15773632762676,8,53,CUST08944
2023-07-26 19:02:27,Smartphone,Central,571.7852848739321,6,67,CUST08945
2023-01-21 18:48:13,Tablet,Central,259.3652457572102,5,68,CUST08946
2023-02-03 13:14:24,Headphones,West,385.6046590435233,2,73,CUST08947
2023-11-17 00:54:11,Smartphone,East,475.69393114065525,5,45,CUST08948
2022-06-26 08:12:33,Smartphone,West,381.7655394465073,5,25,CUST08949
2022-06-29 19:07:22,Headphones,West,538.0964238284241,2,31,CUST08950
2022-03-14 01:55:40,Smartphone,North,524.5061202217232,8,50,CUST08951
2022-06-11 09:49:08,Laptop,South,872.0998336793415,5,51,CUST08952
2022-06-19 13:23:37,Headphones,North,385.8111138301261,5,69,CUST08953
2022-04-01 22:46:37,Laptop,South,498.32841085913736,1,76,CUST08954
2022-12-14 02:10:02,Smartwatch,West,356.45951829543884,1,46,CUST08955
2023-10-28 04:33:50,Headphones,South,790.9703734802149,1,39,CUST08956
2023-10-02 01:45:47,Headphones,East,755.183021831497,8,20,CUST08957
2022-02-15 14:20:25,Tablet,East,264.8120278215231,2,65,CUST08958
2022-01-19 20:40:18,Tablet,West,475.3293231170552,8,40,CUST08959
2023-09-14 14:27:03,Headphones,Central,505.40493096428037,6,20,CUST08960
2022-11-13 14:50:26,Smartwatch,East,448.9719194411009,5,73,CUST08961
2022-05-12 17:39:17,Smartphone,West,427.41811989389555,6,23,CUST08962
2023-04-03 14:43:11,Tablet,North,615.6353583443816,4,57,CUST08963
2023-11-03 14:28:35,Smartwatch,Centram,768.1804856827242,3,40,CUST08964
2022-11-02 15:39:06,Smartwatch,East,621.0582702198578,4,29,CUST08965
2022-01-30 17:21:41,Tablet,West,629.6222998844326,9,22,CUST08966
2023-01-09 12:47:03,Smartphone,West,446.77502774666254,8,22,CUST08967
2023-06-29 00:52:16,Tablet,North,652.6007812957216,8,20,CUST08968
2023-11-22 19:36:21,Smartwatch,North,652.1071686417555,1,21,CUST08969
2022-12-04 13:02:40,Laptop,Central,428.8042295984891,5,41,CUST08970
2023-08-21 13:30:24,Tablet,East,465.03667369730067,6,22,CUST08971
2022-11-11 21:30:39,Smartwatch,West,263.7166095190014,9,78,CUST08972
2022-10-10 16:24:14,Tablet,Central,297.11282066854955,6,48,CUST08973
2023-10-11 11:38:46,Smartwatch,Central,434.94005490329954,1,74,CUST08974
2022-11-09 04:32:21,Smartphone,North,339.5338404693836,1,52,CUST08975
2023-03-08 05:10:22,Smartwatch,West,,7,59,CUST08976
2023-12-25 06:59:04,Headphones,South,476.15444358135466,3,36,CUST08977
2023-05-18 14:59:02,Laptop,Norti,579.8863250896076,7,73,CUST08978
2022-09-15 05:31:39,Smartwatch,West,316.8830101736493,5,25,CUST08979
2023-07-09 00:14:26,Tablet,Central,694.8143723396978,1,45,CUST08980
2022-07-13 18:15:25,Tablet,Central,573.4351052822441,8,72,CUST08981
2022-04-03 19:16:45,Smartwatch,East,560.6696544326487,9,55,CUST08982
2022-02-27 01:01:16,Headphones,South,642.0291159521031,6,40,CUST08983
2022-02-14 23:36:53,Smartwatch,North,547.815504672219,2,24,CUST08984
2023-03-11 18:41:14,Smartphone,East,347.98891110894607,9,55,CUST08985
2023-07-01 08:21:17,Headphones,East,594.0339229226446,2,30,CUST08986
2023-03-03 14:41:32,Smartwatch,South,381.88778256517173,6,62,CUST08987
2022-05-31 20:49:54,Laptop,North,531.6334849920726,4,74,CUST08988
2022-04-11 23:00:56,Headphones,North,384.0761370691821,6,38,CUST08989
2022-10-15 21:18:33,Smartwatch,Central,749.332464130166,4,54,CUST08990
2023-10-11 18:05:21,Laptop,North,600.4482429859331,3,23,CUST08991
2023-08-14 04:44:48,Smartwatch,East,651.1163781859018,8,27,CUST08992
2022-01-14 19:31:42,Smartphone,Central,386.11455584576584,5,44,CUST08993
2023-07-11 15:32:45,Tablet,North,544.8363015936068,1,78,CUST08994
2023-10-26 17:29:19,Smartwatch,South,528.5303150487185,8,69,CUST08995
2022-10-15 00:47:13,Headphones,East,516.5482470721632,3,43,CUST08996
2022-02-08 12:56:22,Smartwatch,West,209.38619331952628,4,59,CUST08997
2023-04-13 17:20:57,Smartwatch,South,794.6423183556449,9,74,CUST08998
2022-03-01 05:09:36,Smartwatch,South,494.2303414245035,3,45,CUST08999
2022-04-16 19:53:09,Smartwatch,North,575.271428743145,5,33,CUST09000
2023-01-28 18:35:57,Headphones,Central,302.78834643821614,8,67,CUST09001
2022-04-17 12:08:54,Headphones,Central,719.5627704564021,6,76,CUST09002
2023-02-04 12:19:36,Smartwatch,Easu,706.9091181867705,3,45,CUST09003
2022-01-29 01:54:22,Tablet,North,628.1566012206746,8,20,CUST09004
2022-04-06 00:25:17,Smartwatch,Central,540.9272514069252,5,74,CUST09005
2023-04-21 02:38:47,Headphones,West,85032.81340634891,6,18,CUST09006
2023-10-15 08:11:01,Smartphone,North,647.4647734716458,3,70,CUST09007
2023-05-08 11:06:31,Smartwatch,North,295.08166849792315,8,20,CUST09008
2022-04-28 05:07:02,Smartwatch,Central,533.6730138410395,4,47,CUST09009
2023-12-21 08:36:34,Smartwatch,South,587.5625215494515,9,36,CUST09010
2023-11-17 02:45:12,Smartwatch,North,515.7576173398678,5,50,CUST09011
2023-02-04 10:53:31,Laptop,South,585.9657374271216,1,25,CUST09012
2022-09-13 03:56:17,Smartwatch,East,716.1850078118815,9,79,CUST09013
2022-06-08 01:17:22,Headphones,East,471.7018145737769,8,36,CUST09014
2023-06-26 03:28:49,Headphones,Central,443.01456315116644,5,53,CUST09015
2022-05-11 16:14:52,Laptop,East,,3,65,CUST09016
2023-07-26 03:37:36,Smartwatch,Central,,9,54,CUST09017
2023-03-11 23:20:19,Tablet,Central,45316.34303305833,7,22,CUST09018
2022-09-20 08:07:48,Smartwatch,South,398.4069954870361,8,77,CUST09019
2023-10-28 04:00:28,Headphones,South,469.00535167962306,3,51,CUST09020
2023-04-07 14:10:13,Smartphone,Easu,412.2162226487959,6,72,CUST09021
2022-01-01 01:47:44,Smartphone,South,338.8351807118748,4,55,CUST09022
2022-04-26 11:40:34,Tablet,North,417.42691040122463,3,79,CUST09023
2023-01-22 13:41:20,Smartwatch,West,576.952389617693,4,44,CUST09024
2023-09-18 15:52:58,Laptop,North,419.7123907083176,2,56,CUST09025
2022-06-24 06:07:16,Smartwatch,North,471.69971984295506,5,64,CUST09026
2022-01-14 10:32:20,Tablet,Central,814.1977179659227,8,59,CUST09027
2023-11-28 01:17:03,Tablet,West,661.2756098425976,5,59,CUST09028
2023-09-17 08:40:11,Tablet,Central,534.1783940768039,2,68,CUST09029
2022-05-08 19:24:42,Smartphone,South,,7,41,CUST09030
2023-05-22 16:35:08,Smartwatch,South,393.453387781056,8,65,CUST09031
2023-12-02 23:28:53,Smartwatch,West,437.012851652714,4,48,CUST09032
2023-10-20 14:35:19,Laptop,East,458.40686228695216,3,39,CUST09033
2023-04-01 09:04:25,Tablet,South,515.7510822338203,8,40,CUST09034
2023-08-09 14:38:07,Tablet,North,493.3825988492313,2,58,CUST09035
2022-11-04 09:03:23,Headphones,West,330.73321161426946,7,41,CUST09036
2022-07-09 18:32:32,Headphones,West,589.4063235684185,8,57,CUST09037
2023-02-17 09:24:51,Smartphone,South,413.9760265590711,-5,49,CUST09038
2023-10-05 06:46:33,Smartwatch,South,788.3518756499967,7,68,CUST09039
2022-05-03 13:38:07,Laptop,Central,687.4445471255217,9,50,CUST09040
2022-05-27 18:02:18,Laptop,Centram,250.76710873370655,8,45,CUST09041
2023-12-16 21:28:48,Tablet,North,462.01852276901593,5,34,CUST09042
2022-12-21 04:18:00,Laptop,West,741.2424737895625,4,43,CUST09043
2022-10-31 13:06:02,Tablet,East,599.4051906995952,3,35,CUST09044
2023-10-18 17:53:26,Smartwatch,East,513.3610067419598,6,73,CUST09045
2023-08-22 16:49:10,Laptop,West,151.21512140783,4,75,CUST09046
2023-08-06 14:07:39,Tablet,North,,4,32,CUST09047
2023-08-29 06:46:12,Smartwatch,Central,531.5543427123372,7,55,CUST09048
2022-05-26 20:44:54,Smartwatch,Central,191.60414169608708,5,39,CUST09049
2022-07-04 08:16:43,Tablet,Central,592.0065209049326,1,66,CUST09050
2023-01-19 16:33:18,Tablet,East,394.72332089426675,5,35,CUST09051
2022-06-19 19:16:49,Smartphone,East,545.1945617459844,6,38,CUST09052
2022-04-13 02:25:49,Smartwatch,North,519.7739263221672,1,36,CUST09053
2022-05-15 00:03:15,Tablet,East,,3,19,CUST09054
2022-08-14 12:45:01,Smartwatch,South,618.7353302416764,6,47,CUST09055
2023-10-24 09:52:13,Laptop,East,54219.31016360779,7,42,CUST09056
2023-01-31 08:13:03,Headphones,Central,,7,43,CUST09057
2022-06-30 10:28:22,Headphones,North,766.687089568418,7,56,CUST09058
2023-12-02 17:39:43,Tablet,West,348.1329503020327,9,34,CUST09059
2022-07-06 05:56:34,Tablet,Wesu,678.0224035133076,2,64,CUST09060
2023-10-30 21:00:49,Smartwatch,North,389.50516967004376,3,33,CUST09061
2023-07-17 13:09:29,Tablet,South,323.8532245257012,7,44,CUST09062
2022-12-03 17:11:13,Smartwatch,West,278.5816092630964,6,66,CUST09063
2023-10-30 18:46:20,Tablet,Central,446.27661110413834,1,20,CUST09064
2023-04-28 05:46:56,Smartwatch,West,650.8807953112432,7,59,CUST09065
2022-06-16 06:53:24,Tablet,West,523.7540228351262,2,55,CUST09066
2022-03-26 07:43:07,Smartphone,Central,576.268825422258,4,46,CUST09067
2023-12-02 22:22:13,Smartwatch,East,15.939202359987181,7,19,CUST09068
2022-09-11 05:39:43,Smartphone,South,,4,60,CUST09069
2022-09-04 06:25:44,Smartphone,Central,342.12688173245743,6,57,CUST09070
2022-09-02 01:05:23,Smartphone,Central,263.00286140084313,9,31,CUST09071
2022-12-20 13:34:56,Smartphone,North,319.42123679107937,5,29,CUST09072
2023-03-16 19:22:22,Laptop,Souti,510.63875460542295,3,69,CUST09073
2022-01-09 11:13:56,Headphones,East,598.6641362816999,6,41,CUST09074
2023-06-25 11:32:09,Laptop,Central,363.44034745712054,4,45,CUST09075
2023-04-09 08:58:45,Tablet,East,588.3629112461897,9,56,CUST09076
2023-08-14 11:38:58,Tablet,Central,622.4618596485673,2,35,CUST09077
2022-04-28 11:22:57,Headphones,Central,549.4427351597212,5,42,CUST09078
2022-03-29 10:18:45,Headphones,North,371.2612816305158,9,54,CUST09079
2022-12-28 05:18:36,Headphones,Wesu,425.39886385963445,7,23,CUST09080
2023-12-02 05:51:28,Smartphone,South,549.166275485859,-5,62,CUST09081
2023-03-02 14:11:34,Laptop,North,392.6469437857186,8,47,CUST09082
2023-10-25 01:47:02,Tablet,East,596.9962485099621,2,48,CUST09083
2023-02-20 17:34:17,Laptop,Central,333.8007867964427,4,51,CUST09084
2022-12-03 16:03:24,Laptop,Central,557.1426333818112,6,36,CUST09085
2022-05-06 11:48:22,Laptop,South,636.0408979549685,7,75,CUST09086
2023-06-27 18:22:06,Headphones,North,528.7196153342104,8,45,CUST09087
2022-01-26 05:35:39,Headphones,North,351.42713011285156,4,25,CUST09088
2022-02-13 01:06:34,Tablet,Easu,255.43488105088448,9,28,CUST09089
2023-03-03 08:49:29,Tablet,North,333.90877175531074,7,70,CUST09090
2022-01-17 13:57:52,Tablet,North,573.10862800927,2,33,CUST09091
2023-08-13 01:43:42,Laptop,West,469.1059156266251,9,43,CUST09092
2023-08-25 07:43:31,Headphones,South,40992.15899029283,7,18,CUST09093
2022-12-25 21:43:08,Smartphone,North,559.6602865498505,5,74,CUST09094
2023-04-02 03:51:18,Laptop,East,202.10578524648434,3,48,CUST09095
2022-03-21 04:17:03,Smartwatch,Central,460.6780190419128,9,78,CUST09096
2022-11-17 12:51:38,Laptop,North,333.99091127403653,7,44,CUST09097
2023-05-27 00:09:28,Headphones,North,297.4200505036603,3,65,CUST09098
2022-05-21 17:47:48,Smartwatch,Central,422.81293102391624,5,61,CUST09099
2022-01-29 12:53:16,Laptop,West,870.8257177043799,3,66,CUST09100
2022-07-03 08:40:33,Headphones,South,594.8217062656367,3,26,CUST09101
2023-11-03 21:01:42,Headphones,West,330.4102155169375,7,43,CUST09102
2022-02-20 23:38:33,Smartphone,East,681.6377070972505,9,23,CUST09103
2023-02-09 17:26:39,Laptop,North,303.99961535353094,5,24,CUST09104
2023-09-14 18:07:18,Headphones,West,727.5955967383578,4,30,CUST09105
2023-06-25 04:03:49,Tablet,South,367.7709036871732,4,66,CUST09106
2022-11-25 21:47:34,Headphones,East,516.4304472448025,3,27,CUST09107
2023-03-24 00:01:19,Smartphone,West,812.8442883103369,8,60,CUST09108
2023-04-23 16:37:33,Headphones,North,447.44425915538477,1,63,CUST09109
2023-04-13 17:17:16,Laptop,South,775.6615422950589,3,66,CUST09110
2023-12-21 02:42:33,Laptop,North,489.179618573563,2,48,CUST09111
2022-04-27 13:39:46,Smartwatch,North,486.9342191962205,7,65,CUST09112
2022-05-13 16:05:34,Laptop,East,367.08849770634765,6,54,CUST09113
2022-06-27 06:52:50,Smartwatch,South,711.8621796827497,1,35,CUST09114
2022-08-13 11:53:58,Tablet,Central,425.6589639000406,3,28,CUST09115
2023-02-15 18:23:24,Smartphone,North,785.773559026412,4,27,CUST09116
2022-09-26 05:41:53,Tablet,South,405.83364482995694,7,45,CUST09117
2023-09-28 10:05:20,Smartwatch,North,431.7049384955,3,38,CUST09118
2022-01-29 01:02:32,Headphones,West,650.5932025086422,4,70,CUST09119
2023-07-21 13:28:54,Headphones,West,483.7284022358581,7,71,CUST09120
2023-07-18 20:19:18,Tablet,South,543.2639652795973,4,42,CUST09121
2023-09-12 20:01:06,Headphones,East,303.649791689432,9,23,CUST09122
2023-10-31 03:38:33,Smartwatch,Central,516.5305474019455,6,59,CUST09123
2022-01-22 13:07:43,Smartphone,West,555.6600997504315,2,28,CUST09124
2023-03-27 10:40:30,Laptop,East,758.6443171150188,1,50,CUST09125
2023-07-21 08:37:37,Smartwatch,Central,428.2360400157949,8,22,CUST09126
2022-04-20 06:18:18,Smartwatch,West,550.6248519903544,3,51,CUST09127
2022-11-21 22:51:50,Laptop,Central,681.5331547275734,7,49,CUST09128
2023-01-24 22:30:00,Laptop,North,,4,60,CUST09129
2022-11-28 06:30:24,Smartphone,South,662.925516096688,3,63,CUST09130
2022-03-01 19:22:53,Smartphone,West,874.7410068933641,9,41,CUST09131
2023-06-14 04:21:51,Smartphone,West,504.43781400936086,6,30,CUST09132
2022-08-09 09:06:13,Headphones,North,698.5445252832394,6,72,CUST09133
2023-08-30 20:26:14,Smartwatch,West,577.2263289310174,6,60,CUST09134
2023-05-02 19:33:29,Laptop,West,628.6169582264827,3,23,CUST09135
2023-01-27 19:19:34,Smartwatch,West,605.7518856869957,6,51,CUST09136
2023-09-04 18:45:45,Smartwatch,West,659.9748972064413,4,68,CUST09137
2022-05-16 01:35:29,Smartphone,West,650.0436605780446,2,42,CUST09138
2022-03-07 03:29:33,Smartphone,East,489.4596448734994,3,58,CUST09139
2022-04-04 15:36:03,Smartwatch,West,416.60343106754146,4,40,CUST09140
2022-09-09 14:26:28,Smartphone,North,,1,67,CUST09141
2022-12-21 02:39:57,Headphones,West,282.0358093157201,7,63,CUST09142
2023-01-06 23:56:43,Laptop,Central,592.7933261147645,5,30,CUST09143
2022-12-28 07:54:56,Smartwatch,Central,611.8817752319658,9,45,CUST09144
2022-07-24 22:21:20,Laptop,North,473.17128440885926,6,61,CUST09145
2023-04-02 17:56:25,Headphones,East,506.6270740474045,8,61,CUST09146
2023-12-28 15:44:50,Smartphone,North,636.7788717285089,9,30,CUST09147
2022-06-04 12:21:18,Tablet,East,612.0720687264453,6,24,CUST09148
2022-03-17 07:55:26,Headphones,South,639.0183732528212,7,65,CUST09149
2022-05-31 06:05:29,Tablet,Central,616.550444377592,6,34,CUST09150
2022-04-05 05:16:34,Laptop,Central,515.9455174510108,6,26,CUST09151
2022-04-18 20:59:43,Smartwatch,Central,497.76892557635455,2,31,CUST09152
2023-07-05 20:53:31,Smartphone,East,563.3491700034526,5,47,CUST09153
2022-12-24 16:32:55,Headphones,North,718.0239605638579,6,58,CUST09154
2023-02-21 21:49:03,Smartphone,East,539.6411347222863,5,55,CUST09155
2023-03-03 12:10:16,Tablet,Central,695.7737856498096,4,75,CUST09156
2023-06-04 20:18:39,Tablet,Central,195.0875967751756,6,47,CUST09157
2022-06-05 10:38:06,Smartwatch,Central,548.2417952747072,6,50,CUST09158
2023-04-08 20:17:01,Tablet,Central,512.3966809798504,8,73,CUST09159
2023-07-26 13:14:02,Smartwatch,South,250.12889060882168,8,71,CUST09160
2023-04-20 06:24:27,Headphones,Central,,1,74,CUST09161
2022-02-17 20:30:08,Smartwatch,East,569.1980937330783,2,42,CUST09162
2022-10-09 08:39:27,Tablet,Central,,1,48,CUST09163
2022-01-15 10:52:29,Laptop,West,618.5699874746764,7,40,CUST09164
2022-05-08 04:08:26,Smartwatch,South,110.47906934244519,8,69,CUST09165
2022-07-22 00:12:33,Smartphone,Central,660.4120647097582,3,44,CUST09166
2022-07-07 04:21:13,Laptop,West,661.5191737948477,3,50,CUST09167
2023-02-16 18:46:25,Smartwatch,East,292.511077171538,7,68,CUST09168
2022-06-10 07:00:14,Smartphone,South,711.1993288167221,8,71,CUST09169
2022-01-25 06:20:19,Laptop,Central,768.5613460275513,6,64,CUST09170
2022-03-24 22:34:25,Smartwatch,Easu,299.95304650967006,8,66,CUST09171
2023-03-08 16:22:30,Headphones,West,516.1465500704292,2,37,CUST09172
2022-12-07 21:11:40,Smartphone,South,529.7282891426598,7,73,CUST09173
2023-08-12 20:13:12,Headphones,Central,230.35402891448675,5,45,CUST09174
2023-08-20 06:44:38,Tablet,East,450.4940325480068,6,25,CUST09175
2022-11-01 01:15:39,Smartwatch,South,710.6155152807653,7,39,CUST09176
2023-04-29 08:43:01,Smartwatch,West,371.0038376668508,9,79,CUST09177
2023-05-02 00:21:19,Smartphone,Central,774.2993192044108,7,71,CUST09178
2022-05-07 14:33:34,Smartwatch,South,555.2822158626947,1,52,CUST09179
2023-10-23 10:39:21,Tablet,West,381.29364619789806,5,72,CUST09180
2022-06-29 00:31:28,Smartwatch,West,506.7682951075291,4,48,CUST09181
2023-05-08 08:35:22,Laptop,East,280.481051272916,8,61,CUST09182
2023-03-17 17:22:17,Headphones,West,564.2352422024528,7,41,CUST09183
2022-11-21 23:02:48,Tablet,West,471.1608781661245,4,32,CUST09184
2022-01-22 18:16:04,Tablet,North,,3,67,CUST09185
2022-02-20 15:45:51,Headphones,Wesu,283.0845907972162,6,62,CUST09186
2022-11-16 13:52:42,Headphones,Central,487.86116585621056,8,48,CUST09187
2023-03-21 17:14:28,Tablet,South,530.7693951103105,3,22,CUST09188
2023-08-10 22:35:17,Headphones,Central,294.4493803999542,5,39,CUST09189
2023-12-30 05:24:56,Smartphone,Central,662.1691211179925,1,34,CUST09190
2022-05-03 01:53:48,Headphones,East,541.6875193878475,8,45,CUST09191
2023-12-09 21:23:35,Laptop,North,372.7530655533973,7,70,CUST09192
2022-11-22 00:26:15,Laptop,North,485.68618886124807,8,20,CUST09193
2022-07-15 11:09:33,Smartphone,Central,625.5392652820017,2,36,CUST09194
2022-02-24 19:01:11,Headphones,South,705.4461508074304,7,55,CUST09195
2023-09-25 11:15:44,Laptop,Norti,738.0428166319514,4,44,CUST09196
2023-08-02 08:30:08,Smartwatch,North,770.0342807195439,2,34,CUST09197
2023-10-01 17:28:55,Headphones,Central,300.4407150368054,9,49,CUST09198
2022-08-16 11:41:24,Smartphone,North,393.4963629943639,5,54,CUST09199
2022-09-15 04:40:24,Headphones,Easu,289.8240491241641,7,38,CUST09200
2022-10-28 14:24:01,Tablet,Central,663.6468579522306,4,54,CUST09201
2022-11-27 09:33:19,Tablet,North,474.06837159210687,4,68,CUST09202
2023-07-10 13:02:51,Laptop,North,689.4091541303831,3,71,CUST09203
2023-11-21 14:29:17,Tablet,North,,1,28,CUST09204
2023-06-22 01:46:48,Smartphone,Central,396.62247629356045,2,18,CUST09205
2022-07-28 00:22:40,Laptop,South,380.25878370452233,9,47,CUST09206
2022-04-16 00:32:16,Smartphone,West,685.7639484066144,1,43,CUST09207
2022-09-28 15:36:20,Smartphone,North,605.1150989206119,5,62,CUST09208
2023-01-29 04:23:13,Tablet,West,195.64677423933304,2,66,CUST09209
2023-09-24 16:25:19,Tablet,West,430.0804225350048,4,60,CUST09210
2022-06-20 23:08:13,Smartphone,North,643.9147864563885,7,67,CUST09211
2022-05-13 16:41:11,Tablet,North,667.0290642563671,5,53,CUST09212
2023-07-30 04:21:13,Tablet,West,562.0462541616207,1,43,CUST09213
2022-12-24 11:19:38,Tablet,South,527.1094292213484,3,74,CUST09214
2022-10-18 12:40:52,Headphones,West,360.4039869537934,9,59,CUST09215
2022-11-08 17:59:45,Smartphone,South,660.5285692462621,1,73,CUST09216
2023-04-17 04:33:58,Smartwatch,Easu,320.461420192074,4,44,CUST09217
2022-02-25 13:43:56,Smartphone,South,258.2979619921832,5,43,CUST09218
2022-12-20 20:24:55,Laptop,Central,531.1498355468588,3,60,CUST09219
2022-05-21 14:48:41,Tablet,North,433.51278064846275,3,35,CUST09220
2022-06-14 12:02:52,Tablet,East,608.5315641010055,1,50,CUST09221
2022-03-22 05:22:24,Smartwatch,West,572.6757056604847,6,53,CUST09222
2023-01-31 14:15:45,Laptop,South,756.1654735723765,4,54,CUST09223
2023-05-19 01:23:53,Headphones,East,560.6823183239219,8,51,CUST09224
2023-05-12 01:50:39,Smartphone,Central,658.9742535025707,6,77,CUST09225
2022-08-17 01:45:55,Headphones,South,372.2963449467697,3,43,CUST09226
2023-05-24 23:46:44,Laptop,West,606.7390307036769,7,39,CUST09227
2022-10-07 12:29:32,Smartwatch,West,458.5102880603856,3,41,CUST09228
2023-11-16 04:50:24,Laptop,South,425.9029055518219,9,29,CUST09229
2023-09-24 16:20:24,Smartwatch,Central,364.6218741479086,8,28,CUST09230
2023-05-04 08:05:04,Headphones,North,731.3556458658326,3,77,CUST09231
2022-10-02 23:09:16,Headphones,North,498.96793998469576,2,38,CUST09232
2023-06-16 19:47:42,Laptop,West,381.73765502088577,3,33,CUST09233
2022-07-10 17:53:07,Laptop,Central,601.7120011043975,4,53,CUST09234
2023-12-25 21:40:33,Tablet,West,434.00690116684814,3,24,CUST09235
2022-04-10 19:52:26,Smartwatch,North,380.2329161747526,9,78,CUST09236
2022-06-26 14:37:07,Tablet,West,935.3255952205461,2,70,CUST09237
2022-09-06 16:36:07,Smartphone,Souti,318.6841311644526,8,45,CUST09238
2022-07-02 21:30:31,Smartphone,South,779.7660739061232,7,41,CUST09239
2022-02-11 18:32:14,Laptop,Central,378.44206397400006,1,72,CUST09240
2022-10-21 01:12:10,Headphones,North,593.9005327578159,6,70,CUST09241
2023-01-15 15:12:43,Smartphone,Central,484.7595526208544,6,30,CUST09242
2022-05-16 18:06:00,Smartphone,Central,610.4620692584865,9,31,CUST09243
2022-03-18 17:50:04,Tablet,North,292.70286519302124,8,60,CUST09244
2022-12-18 02:07:10,Tablet,East,274.390161218964,7,48,CUST09245
2023-08-16 02:46:38,Smartphone,East,615.04144118033,7,25,CUST09246
2023-10-31 19:28:27,Laptop,West,232.97391323989442,5,18,CUST09247
2023-02-14 01:01:24,Tablet,East,324.70569757144705,2,57,CUST09248
2023-10-21 16:55:18,Smartphone,South,486.5419716349327,5,68,CUST09249
2023-04-19 17:57:38,Headphones,Central,,1,34,CUST09250
2023-03-23 14:40:25,Tablet,West,324.9959691215005,6,58,CUST09251
2023-10-07 03:32:03,Smartphone,Central,438.3412092862512,2,76,CUST09252
2022-05-30 14:24:25,Smartwatch,North,172.32095936178467,1,30,CUST09253
2022-04-05 04:58:00,Tablet,East,289.86575612348395,1,71,CUST09254
2022-07-14 16:02:33,Smartwatch,North,701.0200058209414,1,64,CUST09255
2023-11-28 07:43:21,Tablet,West,643.5367356411448,4,44,CUST09256
2023-08-08 03:36:13,Tablet,South,839.7722804392514,5,30,CUST09257
2023-02-23 20:17:31,Smartwatch,East,589.2108305889662,5,76,CUST09258
2023-01-01 11:47:29,Laptop,North,695.242529568873,1,57,CUST09259
2022-03-04 15:25:19,Smartphone,East,436.77010789625473,6,44,CUST09260
2022-08-21 07:35:16,Laptop,Central,471.9322414042,3,49,CUST09261
2022-05-22 00:38:26,Laptop,South,,4,79,CUST09262
2023-01-28 16:54:25,Smartphone,East,215.92906214967414,5,75,CUST09263
2023-06-30 08:25:04,Headphones,South,581.8658640605314,4,29,CUST09264
2022-06-13 23:13:45,Laptop,Central,406.42763395966097,4,60,CUST09265
2022-11-29 05:45:54,Laptop,Central,431.5797610083699,1,69,CUST09266
2022-11-17 21:41:36,Laptop,North,649.5890394530461,2,30,CUST09267
2022-04-28 04:00:43,Headphones,West,26718.473013037066,2,33,CUST09268
2023-08-29 04:50:40,Tablet,North,508.2745792617029,2,51,CUST09269
2023-03-23 13:27:39,Smartwatch,Souti,,1,23,CUST09270
2023-11-14 05:25:18,Smartwatch,North,420.44767729512415,8,65,CUST09271
2022-11-13 05:09:22,Headphones,East,505.59904264789475,1,35,CUST09272
2023-08-11 13:00:26,Laptop,North,512.8148519871195,8,34,CUST09273
2022-08-23 17:17:42,Smartwatch,West,634.6153143416108,1,64,CUST09274
2022-08-28 05:24:41,Headphones,West,472.6377144027236,3,56,CUST09275
2022-07-12 21:25:54,Smartphone,South,312.15527987566657,9,31,CUST09276
2022-03-11 06:12:23,Smartwatch,Central,,8,24,CUST09277
2023-09-23 13:57:07,Smartphone,West,,2,23,CUST09278
2023-05-14 19:22:11,Laptop,South,,4,29,CUST09279
2022-06-23 14:30:12,Smartwatch,West,528.4128298277202,8,51,CUST09280
2023-01-15 11:48:05,Headphones,West,521.2416373531584,9,70,CUST09281
2023-11-19 18:14:30,Tablet,Central,513.4783632863844,7,18,CUST09282
2023-07-06 13:12:13,Smartwatch,East,365.3724185825292,1,67,CUST09283
2022-12-27 12:18:53,Smartwatch,South,519.4687129088884,8,46,CUST09284
2023-10-26 09:44:03,Smartwatch,West,693.2450906894106,1,45,CUST09285
2023-02-13 17:36:15,Smartwatch,West,544.18293204635,9,22,CUST09286
2023-05-04 01:32:07,Headphones,North,660.8491851116172,8,38,CUST09287
2022-03-06 02:36:44,Headphones,East,516.337734986701,4,56,CUST09288
2023-06-04 11:25:41,Tablet,Central,404.4113758096112,4,64,CUST09289
2022-08-09 03:13:01,Headphones,South,629.0508999410963,4,70,CUST09290
2023-02-25 07:51:28,Headphones,West,288.90952108421845,6,76,CUST09291
2022-08-07 03:38:24,Laptop,South,416.2548625946179,2,55,CUST09292
2022-08-07 15:17:44,Laptop,Central,478.80690318650915,4,51,CUST09293
2023-07-14 07:17:29,Smartphone,East,597.9151492555264,4,38,CUST09294
2022-01-01 08:16:53,Tablet,North,691.1854545402862,8,41,CUST09295
2022-04-04 12:23:43,Laptop,East,626.9707450891127,2,66,CUST09296
2023-09-12 17:04:15,Tablet,North,611.9191144692828,8,76,CUST09297
2023-10-01 19:06:33,Tablet,South,629.6900879583026,2,30,CUST09298
2022-09-21 06:59:19,Smartwatch,East,650.5982507513335,9,62,CUST09299
2023-12-27 04:20:44,Tablet,East,329.35580129893316,9,63,CUST09300
2023-07-05 17:41:58,Smartwatch,East,830.7207540076095,6,75,CUST09301
2023-10-20 18:54:19,Smartphone,Central,666.4579372558971,5,40,CUST09302
2023-05-04 14:49:41,Smartphone,South,472.85262830849115,7,49,CUST09303
2023-04-30 09:12:47,Smartphone,North,555.6960377851595,8,25,CUST09304
2023-07-28 20:50:27,Smartwatch,East,302.98189714166983,8,64,CUST09305
2023-12-25 00:37:35,Smartwatch,South,461.02441699983905,3,28,CUST09306
2022-09-29 02:41:10,Smartphone,Central,448.68152455310536,3,30,CUST09307
2022-01-19 16:39:41,Smartwatch,Central,436.33920156037016,5,70,CUST09308
2023-12-20 02:42:50,Headphones,South,622.1636232864054,5,37,CUST09309
2022-06-22 09:42:49,Headphones,North,515.6403435714599,2,18,CUST09310
2022-02-16 16:44:09,Smartwatch,South,320.84196719483,5,74,CUST09311
2022-05-14 10:05:01,Smartwatch,South,323.6737530424102,1,19,CUST09312
2023-06-14 23:16:22,Laptop,West,,7,28,CUST09313
2022-01-16 15:13:36,Laptop,Central,631.9569769702898,7,63,CUST09314
2023-12-09 13:28:57,Tablet,North,466.3077743095128,1,47,CUST09315
2023-07-13 21:00:40,Tablet,West,613.2018709710703,3,22,CUST09316
2023-11-20 13:10:04,Tablet,South,971.0106676240682,8,24,CUST09317
2022-09-30 12:08:51,Smartphone,Central,365.17228025082784,9,41,CUST09318
2023-10-04 13:59:26,Headphones,West,549.0461127428515,3,48,CUST09319
2023-09-08 04:38:26,Smartphone,West,716.479548032035,6,65,CUST09320
2023-12-05 05:03:47,Smartwatch,North,426.65114246635557,6,47,CUST09321
2022-01-06 07:26:59,Laptop,South,449.1169562981861,6,60,CUST09322
2023-08-20 12:35:08,Smartwatch,North,579.5484322155334,5,75,CUST09323
2022-09-14 03:23:05,Smartwatch,West,881.4344668615454,6,32,CUST09324
2022-07-19 07:54:50,Laptop,West,595.4553282169773,6,53,CUST09325
2022-07-07 18:01:37,Smartwatch,North,373.58035882871445,6,27,CUST09326
2022-09-17 23:41:01,Tablet,West,391.7182197713626,8,18,CUST09327
2023-03-10 19:58:35,Laptop,East,426.73903502792894,6,24,CUST09328
2022-11-12 16:15:25,Smartwatch,Central,227.06267908134373,3,61,CUST09329
2022-05-19 20:59:28,Tablet,South,476.0996883269096,7,78,CUST09330
2022-12-31 09:16:59,Tablet,Central,501.1199480890579,6,43,CUST09331
2023-03-23 06:06:17,Headphones,South,506.9084064235707,9,60,CUST09332
2023-04-14 11:40:27,Tablet,West,282.5185231983575,4,60,CUST09333
2022-08-06 22:54:24,Smartphone,North,551.7954946030106,1,74,CUST09334
2022-07-26 11:48:28,Laptop,North,352.40717939088455,6,66,CUST09335
2023-03-20 04:57:49,Laptop,West,464.1595888290371,9,47,CUST09336
2022-04-19 00:20:39,Laptop,Souti,388.6107137615579,8,18,CUST09337
2024-03-13 07:40:45,Smartwatch,West,673.1983858083481,2,32,CUST09338
2023-04-04 15:36:01,Smartwatch,South,397.2202364808779,3,72,CUST09339
2023-06-06 00:57:15,Smartphone,West,701.8408526376259,8,74,CUST09340
2023-12-01 15:58:17,Tablet,West,520.4463538432261,9,70,CUST09341
2023-06-30 08:36:36,Smartwatch,West,562.9784837238172,8,37,CUST09342
2022-05-22 22:11:39,Tablet,North,512.4916800500405,1,39,CUST09343
2022-12-09 11:14:55,Tablet,South,372.16007135294916,3,42,CUST09344
2022-02-16 21:32:19,Smartwatch,West,560.9029009519695,8,67,CUST09345
2022-12-10 08:19:51,Smartwatch,Central,435.5101978729005,1,70,CUST09346
2023-02-03 10:19:45,Smartphone,Central,547.6414451817609,7,53,CUST09347
2022-11-18 04:04:57,Headphones,North,590.5881810262109,4,78,CUST09348
2023-03-01 05:14:48,Laptop,East,786.0655120017328,7,68,CUST09349
2023-12-08 10:37:10,Smartwatch,North,570.6316142549235,4,54,CUST09350
2023-02-01 14:57:18,Smartwatch,East,643.4937949560173,8,63,CUST09351
2022-10-03 04:34:20,Tablet,North,599.0793330664368,6,72,CUST09352
2022-12-17 23:45:26,Headphones,Central,466.2521017208051,8,62,CUST09353
2023-09-24 01:54:24,Smartwatch,West,601.8657744121374,1,44,CUST09354
2023-06-30 13:19:57,Headphones,South,481.35820110561366,9,36,CUST09355
2023-10-27 12:53:03,Laptop,West,438.06264105447076,9,36,CUST09356
2022-07-08 04:13:47,Tablet,Central,336.52295215726605,6,33,CUST09357
2022-07-08 13:32:49,Smartphone,South,597.9084658393738,9,79,CUST09358
2023-09-15 08:20:35,Laptop,Easu,414.77621074944324,6,71,CUST09359
2023-10-19 21:24:35,Headphones,East,594.2673769442299,6,38,CUST09360
2023-04-11 14:35:38,Headphones,Centram,,4,68,CUST09361
2022-03-02 09:06:53,Laptop,South,457.37189347292446,3,50,CUST09362
2022-11-20 04:28:50,Headphones,West,370.4637597490741,3,59,CUST09363
2023-02-02 01:13:26,Smartphone,Central,695.118207894365,-2,48,CUST09364
2023-09-14 09:46:51,Smartphone,East,441.10390076239526,4,51,CUST09365
2023-10-27 09:53:43,Headphones,Central,,9,32,CUST09366
2022-07-24 21:16:49,Headphones,West,377.26824545594695,7,68,CUST09367
2023-08-10 15:17:19,Smartphone,North,,3,53,CUST09368
2022-11-28 02:07:31,Headphones,North,512.5911821050562,8,70,CUST09369
2023-08-22 13:36:13,Smartwatch,West,629.1094800066132,9,43,CUST09370
2023-07-04 23:00:31,Tablet,South,304.9179007014479,1,47,CUST09371
2023-09-16 06:10:26,Smartwatch,Central,304.1963873448977,1,79,CUST09372
2023-11-03 21:20:33,Headphones,West,538.7004864510765,9,48,CUST09373
2023-01-25 16:57:32,Headphones,North,347.9191528307051,9,42,CUST09374
2022-01-03 13:30:21,Tablet,Easu,699.3482577622315,7,21,CUST09375
2022-10-23 07:32:21,Headphones,West,554.6007323808282,3,29,CUST09376
2023-10-03 05:06:20,Tablet,West,403.3734716648084,4,74,CUST09377
2022-12-03 15:41:51,Smartphone,West,361.9939255661354,7,70,CUST09378
2022-11-22 03:49:55,Tablet,North,456.71988362232855,9,78,CUST09379
2023-05-13 09:38:29,Tablet,North,414.8256857871867,8,36,CUST09380
2023-12-18 01:51:13,Smartwatch,West,574.2935833081093,8,72,CUST09381
2023-11-27 01:00:35,Headphones,West,488.48874037809026,1,73,CUST09382
2022-06-11 07:53:30,Smartphone,South,675.256435090583,6,26,CUST09383
2022-08-25 12:43:33,Laptop,East,594.8330658055403,6,42,CUST09384
2022-06-27 02:05:17,Tablet,Central,369.95305522301805,5,71,CUST09385
2023-10-25 08:51:00,Laptop,Central,436.16673922874656,1,65,CUST09386
2022-05-30 15:41:38,Headphones,Central,37032.33462262672,3,64,CUST09387
2022-07-30 14:00:07,Tablet,North,370.45766538323755,4,58,CUST09388
2022-08-21 22:12:22,Laptop,North,230.70808659696553,7,68,CUST09389
2023-03-05 14:46:55,Smartwatch,South,641.1874451377695,5,67,CUST09390
2023-06-21 17:47:27,Laptop,North,693.8480202657886,2,70,CUST09391
2022-10-16 00:51:30,Smartwatch,West,35186.651043616264,3,24,CUST09392
2023-08-14 12:39:33,Smartphone,East,336.762784469584,1,44,CUST09393
2022-07-12 07:25:07,Headphones,East,584.1391648615577,6,65,CUST09394
2023-05-26 18:10:34,Laptop,East,377.093737906222,8,64,CUST09395
2023-01-16 13:40:04,Tablet,East,691.1112734731555,4,72,CUST09396
2023-05-13 13:43:06,Headphones,Central,392.48833852854744,2,60,CUST09397
2022-11-02 04:32:36,Laptop,Central,179.2373114890231,4,23,CUST09398
2023-07-10 10:25:51,Tablet,West,480.460703553665,4,52,CUST09399
2023-09-06 13:52:06,Tablet,South,411.1528192825273,5,49,CUST09400
2022-07-08 18:45:14,Tablet,North,522.0929426039005,3,31,CUST09401
2023-02-28 00:07:32,Tablet,North,447.6631840055586,9,23,CUST09402
2023-05-10 06:02:50,Laptop,Central,586.4812574569371,7,66,CUST09403
2023-02-27 07:21:50,Smartphone,East,563.4689967673255,9,68,CUST09404
2023-02-26 02:55:59,Smartwatch,West,548.8603763196074,7,35,CUST09405
2023-04-05 19:24:41,Smartwatch,Souti,528.6157895888799,4,48,CUST09406
2022-10-01 01:11:32,Smartwatch,Central,499.90652346501923,5,69,CUST09407
2022-06-22 22:45:42,Smartphone,West,290.40300542165073,7,33,CUST09408
2023-01-22 09:21:56,Tablet,West,558.3918097282607,6,73,CUST09409
2022-07-23 16:49:40,Tablet,Central,609.7934416235063,9,20,CUST09410
2023-04-29 18:10:16,Headphones,West,552.3477549941009,3,48,CUST09411
2023-05-29 04:14:06,Smartwatch,East,469.77366539472706,8,55,CUST09412
2023-03-23 17:52:28,Smartwatch,West,588.5515867815691,4,75,CUST09413
2022-09-17 16:09:41,Tablet,South,535.4935282721144,9,79,CUST09414
2023-03-05 13:05:20,Smartwatch,West,60651.61619070061,1,34,CUST09415
2022-05-02 21:33:13,Tablet,Norti,486.86336227641397,5,69,CUST09416
2023-05-25 09:32:04,Tablet,West,285.8962344332073,4,22,CUST09417
2023-11-10 02:26:15,Tablet,Central,473.1848869777689,5,70,CUST09418
2023-04-21 14:30:44,Laptop,North,357.70006642349,6,33,CUST09419
2023-02-22 20:37:12,Laptop,Central,430.45582400363145,1,34,CUST09420
2023-10-02 18:06:02,Laptop,South,512.9798661620232,8,48,CUST09421
2022-03-02 03:57:25,Laptop,East,648.5085666181639,3,33,CUST09422
2023-12-07 03:15:19,Smartphone,South,599.9009621158899,7,74,CUST09423
2022-12-01 03:30:49,Headphones,North,531.3226034908141,7,38,CUST09424
2023-06-15 18:41:27,Headphones,East,687.2186734658479,9,58,CUST09425
2023-08-06 03:50:20,Tablet,West,507.10616510229664,7,56,CUST09426
2024-11-03 03:33:54,Smartwatch,North,530.3575252981885,8,54,CUST09427
2023-04-12 22:08:54,Laptop,East,443.12949573281287,4,58,CUST09428
2022-01-25 14:47:41,Headphones,Central,339.5847236972649,4,70,CUST09429
2023-03-09 02:29:29,Headphones,East,583.5384524762551,8,27,CUST09430
2023-02-17 02:35:55,Laptop,Central,,4,49,CUST09431
2022-09-24 23:20:05,Smartphone,Central,360.3121188439441,4,42,CUST09432
2023-08-18 16:23:07,Smartphone,East,526.6274930365591,3,70,CUST09433
2023-12-27 06:19:34,Headphones,South,372.651372812268,3,50,CUST09434
2023-03-19 15:12:45,Smartphone,South,502.66831105338713,4,56,CUST09435
2022-02-18 08:41:05,Laptop,Central,522.1061553919802,2,70,CUST09436
2022-10-23 20:38:00,Headphones,North,415.9574950741729,3,54,CUST09437
2023-03-31 10:18:49,Laptop,East,508.27467776983514,2,55,CUST09438
2022-12-31 14:49:29,Smartphone,North,,6,55,CUST09439
2023-01-15 06:45:36,Laptop,Souti,,3,72,CUST09440
2023-08-16 22:39:12,Smartphone,North,581.984222810664,2,45,CUST09441
2023-06-13 23:35:30,Smartphone,West,195.37127822378147,9,32,CUST09442
2022-10-21 07:07:41,Laptop,West,781.7646047991253,8,25,CUST09443
2022-03-02 16:36:02,Smartphone,South,580.1120615873475,5,18,CUST09444
2023-11-04 06:45:20,Tablet,North,653.1740831804588,9,27,CUST09445
2022-04-06 06:34:51,Laptop,East,599.2549605573294,5,76,CUST09446
2023-06-03 17:48:22,Tablet,South,493.57940630171566,5,52,CUST09447
2022-12-06 16:19:15,Laptop,West,384.2084804421571,4,71,CUST09448
2022-05-15 22:56:41,Smartphone,South,496.3140564919202,3,65,CUST09449
2023-05-13 08:49:16,Smartphone,North,625.4175729784214,9,50,CUST09450
2022-08-02 19:37:05,Headphones,North,376.6010740716908,4,33,CUST09451
2022-08-24 11:56:25,Headphones,North,523.5537225852183,7,31,CUST09452
2023-03-07 03:21:56,Tablet,Central,,5,22,CUST09453
2023-01-24 16:41:57,Smartphone,North,378.7429779902364,7,33,CUST09454
2023-01-20 06:34:32,Headphones,West,371.1999059827002,8,38,CUST09455
2022-02-23 03:12:03,Smartphone,West,752.0524930802362,8,75,CUST09456
2022-08-15 17:39:29,Laptop,Central,,6,74,CUST09457
2023-03-18 11:36:36,Headphones,West,559.7830027237355,5,28,CUST09458
2022-02-06 05:26:25,Tablet,West,739.1708922106258,2,67,CUST09459
2023-08-22 12:09:47,Headphones,South,650.811995034723,8,24,CUST09460
2023-08-31 01:33:04,Smartphone,North,728.2175235753915,5,74,CUST09461
2022-04-29 10:15:37,Smartwatch,South,750.4926924468044,8,25,CUST09462
2023-11-07 15:50:57,Smartwatch,South,,6,34,CUST09463
2023-08-16 00:47:01,Smartphone,West,571.2658367629712,8,47,CUST09464
2022-08-13 20:35:19,Laptop,East,529.2389586903691,1,31,CUST09465
2022-01-13 22:47:24,Headphones,North,572.1152794747554,9,66,CUST09466
2023-06-03 18:13:06,Smartwatch,East,563.2695560873141,9,61,CUST09467
2022-05-22 00:40:42,Laptop,West,757.6091826877581,3,67,CUST09468
2023-11-28 04:06:22,Smartphone,Centram,543.7670331549025,5,50,CUST09469
2023-03-31 08:18:00,Laptop,South,356.93422517559117,7,41,CUST09470
2023-03-10 10:22:54,Smartphone,West,589.375594106138,8,24,CUST09471
2023-12-20 00:23:39,Headphones,West,609.6207241738921,7,55,CUST09472
2022-09-26 23:24:56,Laptop,East,376.7068841507603,3,32,CUST09473
2022-03-23 12:07:29,Headphones,Central,370.57167177477766,7,67,CUST09474
2023-10-10 19:18:31,Laptop,South,642.6265399010355,1,60,CUST09475
2023-11-28 12:09:29,Smartphone,Central,,5,42,CUST09476
2022-11-11 01:06:18,Smartphone,Central,437.96265145148703,9,78,CUST09477
2023-07-20 05:19:55,Laptop,Central,430.7793872344169,2,34,CUST09478
2022-07-03 07:35:16,Smartphone,North,536.7695320295087,3,50,CUST09479
2023-04-06 10:18:11,Tablet,Central,665.4848579182324,9,19,CUST09480
2023-05-15 21:09:29,Tablet,West,600.2953752781385,3,56,CUST09481
2022-02-02 04:40:52,Headphones,North,430.66043254072906,8,27,CUST09482
2023-02-17 13:34:11,Tablet,North,700.7098890468542,6,31,CUST09483
2023-01-07 18:46:07,Tablet,Central,630.413956725435,7,29,CUST09484
2023-11-23 01:40:23,Smartwatch,West,648.8696292617016,5,34,CUST09485
2023-03-14 04:14:27,Smartwatch,South,643.9891805143468,7,31,CUST09486
2022-12-07 01:58:52,Smartwatch,Central,422.81165284153366,3,68,CUST09487
2023-06-09 14:53:29,Smartwatch,North,36202.19676662598,5,27,CUST09488
2023-12-16 09:18:03,Smartphone,South,449.23655628000824,6,73,CUST09489
2022-11-29 08:27:40,Headphones,South,648.5906944795813,9,61,CUST09490
2022-04-13 06:37:01,Headphones,North,323.01877378426093,4,56,CUST09491
2023-09-02 00:06:07,Tablet,South,302.7340797767045,8,57,CUST09492
2022-01-11 18:40:53,Headphones,West,227.9328763222446,8,46,CUST09493
2023-07-08 05:34:12,Tablet,West,311.58633927126255,6,62,CUST09494
2023-02-14 16:54:45,Headphones,Central,381.6366986732169,8,77,CUST09495
2023-07-16 12:52:36,Laptop,Central,518.6742643145955,5,23,CUST09496
2023-08-12 19:50:03,Laptop,South,327.27879822476206,1,57,CUST09497
2022-06-11 16:11:29,Headphones,North,599.2922258994621,4,48,CUST09498
2022-12-25 21:06:37,Smartphone,West,506.76038222797933,6,54,CUST09499
2023-07-01 10:47:02,Tablet,East,193.56936411185956,9,26,CUST09500
2022-05-19 04:20:35,Headphones,Central,497.2214689546545,4,75,CUST09501
2022-02-08 06:48:55,Tablet,West,521.2297568378134,6,60,CUST09502
2023-09-30 23:52:54,Smartwatch,South,787.4754810077495,5,62,CUST09503
2022-04-28 21:41:26,Headphones,West,536.30480969093,9,50,CUST09504
2022-11-26 13:30:48,Smartphone,West,234.6094876551835,6,24,CUST09505
2022-10-23 14:09:29,Smartwatch,South,,3,55,CUST09506
2022-05-18 01:43:01,Headphones,Central,526.1613122841632,-2,25,CUST09507
2023-02-17 03:04:05,Laptop,Central,590.7370740775353,3,51,CUST09508
2022-09-29 13:32:37,Headphones,East,895.5420254869009,6,34,CUST09509
2022-06-04 19:53:32,Laptop,East,419.51439711581935,8,34,CUST09510
2022-10-27 04:57:15,Laptop,Central,402.1064354841708,8,47,CUST09511
2022-06-23 20:15:17,Headphones,Central,570.3613987809476,5,35,CUST09512
2023-02-12 13:03:39,Headphones,Central,773.8345527737144,1,70,CUST09513
2023-02-25 16:01:13,Laptop,Central,600.656906989352,1,56,CUST09514
2023-12-12 03:43:50,Tablet,West,448.6037447125886,7,32,CUST09515
2023-04-27 09:24:13,Smartwatch,East,647.7289457706304,2,62,CUST09516
2023-08-20 16:10:33,Smartphone,South,769.0786832623414,4,74,CUST09517
2022-05-19 12:24:37,Headphones,Norti,384.6816076936113,5,37,CUST09518
2022-10-23 06:32:48,Smartwatch,South,349.89700133468205,8,78,CUST09519
2023-12-05 02:40:50,Smartwatch,North,508.3794702340286,9,42,CUST09520
2022-11-09 14:34:25,Tablet,West,545.1722951070427,1,31,CUST09521
2022-01-31 03:25:25,Smartwatch,East,707.6084565989768,9,44,CUST09522
2022-02-01 23:07:03,Headphones,North,,5,64,CUST09523
2023-08-25 22:48:18,Smartwatch,Central,560.2818479938948,4,52,CUST09524
2022-12-28 19:01:29,Headphones,West,733.5348214979875,5,45,CUST09525
2022-02-13 19:03:19,Headphones,North,533.5968353229531,9,23,CUST09526
2022-07-04 11:51:35,Laptop,Central,440.7173186399923,8,58,CUST09527
2023-03-31 10:42:28,Tablet,West,585.5295583284784,5,76,CUST09528
2022-04-29 13:56:07,Smartphone,North,450.4454445118085,5,48,CUST09529
2023-01-20 00:01:09,Laptop,Central,550.6432674119957,1,31,CUST09530
2022-08-28 04:02:28,Smartphone,East,472.0387472166416,9,78,CUST09531
2022-01-06 00:03:04,Headphones,West,478.34919102202826,3,33,CUST09532
2022-04-22 02:12:13,Laptop,North,439.57272764972333,1,66,CUST09533
2022-08-10 05:27:02,Smartwatch,Central,413.9439970037852,5,61,CUST09534
2022-11-26 20:52:48,Smartwatch,Easu,649.0976135817199,3,53,CUST09535
2022-12-28 14:48:26,Smartphone,Central,528.4964661912239,6,22,CUST09536
2022-03-29 00:06:41,Headphones,East,691.070803292144,7,49,CUST09537
2023-09-09 04:48:55,Smartphone,North,162.44157601132105,4,28,CUST09538
2022-01-08 14:48:59,Tablet,Central,422.0289757772353,4,39,CUST09539
2023-09-09 22:07:52,Smartwatch,Central,388.89680559073486,2,60,CUST09540
2022-07-03 13:41:07,Laptop,Souti,461.90791272864607,2,57,CUST09541
2023-04-10 16:01:35,Laptop,West,,7,45,CUST09542
2022-04-06 07:29:15,Laptop,Central,258.90936565905446,5,67,CUST09543
2022-09-28 16:05:03,Smartwatch,East,600.8381973504642,5,23,CUST09544
2022-08-30 16:45:29,Headphones,West,41101.92311120909,2,56,CUST09545
2023-01-06 18:04:10,Smartwatch,North,583.3488337785562,7,23,CUST09546
2022-09-24 02:47:37,Smartwatch,West,323.2537084677184,2,63,CUST09547
2022-09-02 03:35:09,Laptop,South,254.59871312731084,5,37,CUST09548
2022-06-05 04:50:59,Smartwatch,North,536.1837900222739,5,55,CUST09549
2022-05-29 20:01:45,Laptop,Central,594.9025065453468,3,21,CUST09550
2023-09-10 23:25:29,Headphones,North,407.6667749453399,2,42,CUST09551
2023-12-13 06:00:57,Tablet,North,347.43913234581095,3,30,CUST09552
2023-10-15 14:39:20,Laptop,South,687.3908921275219,5,66,CUST09553
2023-05-04 22:08:10,Smartphone,East,491.4157660960691,6,29,CUST09554
2023-06-16 04:27:02,Tablet,Norti,350.28109773613744,4,26,CUST09555
2022-09-17 01:01:21,Headphones,East,275.4361102052402,7,76,CUST09556
2023-08-04 17:13:28,Tablet,West,396.73725855658006,2,69,CUST09557
2022-10-19 17:56:03,Laptop,South,440.85181113743886,6,20,CUST09558
2022-06-03 00:48:39,Headphones,Central,614.4290726645792,9,49,CUST09559
2022-10-28 04:56:29,Smartphone,North,497.49601406981213,5,28,CUST09560
2023-01-27 20:57:58,Laptop,East,479.67665879727565,4,22,CUST09561
2023-03-04 09:11:56,Laptop,North,362.69588572345987,9,52,CUST09562
2022-01-17 04:29:18,Headphones,South,707.1178680045525,6,66,CUST09563
2023-11-23 00:58:39,Headphones,Central,646.4729769168209,4,41,CUST09564
2022-02-01 22:59:18,Tablet,West,634.50492338856,1,58,CUST09565
2022-01-20 21:04:39,Smartphone,Wesu,490.8719475886991,9,23,CUST09566
2022-11-09 02:04:16,Tablet,East,560.153569949909,3,35,CUST09567
2022-01-13 02:28:36,Tablet,West,113.74417334481271,6,78,CUST09568
2022-02-14 06:11:13,Laptop,Easu,530.3670217442184,1,55,CUST09569
2023-09-09 19:46:25,Headphones,Central,788.4322542069558,6,23,CUST09570
2022-12-05 15:54:22,Laptop,North,412.946543701794,3,39,CUST09571
2022-05-12 01:27:00,Smartphone,South,352.15931247082955,3,59,CUST09572
2023-03-08 02:43:45,Tablet,Central,478.64292571713503,7,60,CUST09573
2022-12-31 18:13:39,Smartphone,Centram,370.7842524849108,9,31,CUST09574
2023-07-30 13:41:54,Headphones,West,361.38028071198,6,29,CUST09575
2022-03-12 18:49:22,Headphones,West,539.7512229548481,1,42,CUST09576
2022-05-02 15:15:08,Smartwatch,South,623.674758402783,9,37,CUST09577
2023-02-22 22:00:21,Smartphone,North,541.1083634195172,5,35,CUST09578
2023-10-17 06:34:57,Laptop,Central,328.05393980083363,2,41,CUST09579
2022-08-02 20:07:09,Smartphone,West,399.61839198333723,3,71,CUST09580
2022-11-17 13:34:53,Tablet,Central,548.1616471852143,5,32,CUST09581
2022-05-31 18:43:35,Headphones,North,598.6105192967973,2,48,CUST09582
2023-01-25 22:57:11,Headphones,East,468.79736129619533,3,59,CUST09583
2023-10-02 22:49:32,Smartphone,North,366.00301520203703,8,18,CUST09584
2023-05-03 13:20:29,Smartphone,Central,616.1632105408232,6,32,CUST09585
2023-01-05 00:22:03,Smartphone,Central,771.8708434580539,2,71,CUST09586
2023-09-19 17:30:28,Tablet,South,668.5710141207646,2,51,CUST09587
2022-10-13 13:39:21,Tablet,Central,797.6622677356081,1,69,CUST09588
2023-11-08 21:17:10,Laptop,West,406.7920584805393,7,19,CUST09589
2022-02-18 06:22:43,Smartphone,South,654.7096702879811,6,53,CUST09590
2023-03-18 22:24:48,Laptop,Central,693.2593239829172,6,40,CUST09591
2023-10-16 15:43:06,Smartwatch,North,426.93145539067024,5,41,CUST09592
2023-04-02 10:34:41,Tablet,Central,376.1550591121557,3,63,CUST09593
2022-03-07 20:08:25,Headphones,North,355.8339635861388,8,49,CUST09594
2022-04-17 08:56:57,Smartwatch,North,48634.88910669437,3,68,CUST09595
2022-10-11 03:42:27,Headphones,Central,274.1459191746881,5,63,CUST09596
2022-02-19 20:08:00,Smartwatch,North,753.4194346998112,8,30,CUST09597
2022-12-17 01:36:46,Laptop,East,307.43383156145137,3,50,CUST09598
2022-06-16 13:09:32,Laptop,South,563.2734929261375,5,59,CUST09599
2023-10-27 09:53:43,Tablet,Central,160.535818911639,6,31,CUST09600
2022-03-20 18:18:00,Headphones,East,806.7887937608315,1,34,CUST09601
2022-07-16 15:26:59,Smartwatch,North,687.4155921119105,2,75,CUST09602
2022-08-09 06:58:49,Smartphone,North,,7,33,CUST09603
2022-10-14 20:22:42,Smartphone,South,545.756852954832,9,49,CUST09604
2023-10-24 02:56:17,Tablet,Easu,463.7668849319629,4,32,CUST09605
2022-05-06 11:54:12,Headphones,East,523.2532800710378,5,60,CUST09606
2023-03-14 03:41:17,Smartphone,Central,595.2974856607818,4,72,CUST09607
2023-10-22 12:33:22,Tablet,North,379.91329297207517,3,48,CUST09608
2023-11-26 03:36:25,Tablet,West,491.95783767689517,2,29,CUST09609
2023-01-22 13:48:06,Headphones,Centram,228.5739161368411,3,50,CUST09610
2022-02-03 05:23:01,Smartphone,Central,512.4778028704669,2,20,CUST09611
2023-11-03 13:06:23,Smartphone,Central,,8,28,CUST09612
2022-10-03 09:00:48,Smartphone,South,695.8692151602859,1,70,CUST09613
2022-04-04 23:40:59,Laptop,South,280.27642088432634,5,60,CUST09614
2022-05-18 12:54:47,Smartphone,Central,544.1478873553049,1,22,CUST09615
2023-10-03 13:48:17,Smartwatch,West,624.2942931705292,5,64,CUST09616
2023-04-10 18:08:52,Laptop,East,779.6225166067981,3,44,CUST09617
2022-07-15 02:14:16,Laptop,East,766.0019709156134,9,69,CUST09618
2022-03-04 14:24:07,Laptop,North,,1,73,CUST09619
2022-01-02 20:48:17,Laptop,East,497.5940807893766,1,33,CUST09620
2022-11-22 15:24:40,Tablet,East,667.3482307500242,8,52,CUST09621
2022-01-23 08:29:35,Smartwatch,West,541.3928312801446,3,57,CUST09622
2022-02-19 02:44:20,Headphones,East,554.1787928948888,7,33,CUST09623
2023-02-20 01:04:25,Smartphone,West,,5,33,CUST09624
2022-03-10 14:07:49,Laptop,Souti,761.2242834046488,2,39,CUST09625
2022-09-01 00:37:38,Headphones,West,379.5694959884958,7,21,CUST09626
2022-03-20 00:00:02,Tablet,South,339.4392510816563,7,75,CUST09627
2023-02-17 12:23:53,Headphones,West,561.1468483338323,3,49,CUST09628
2023-09-06 13:56:10,Laptop,Central,231.19125878256807,6,44,CUST09629
2023-03-05 08:35:05,Smartwatch,South,517.6339541674611,5,32,CUST09630
2022-03-30 00:38:22,Headphones,South,745.1947752364381,1,36,CUST09631
2022-10-17 19:06:51,Laptop,East,562.2629986781658,1,43,CUST09632
2022-01-21 00:58:50,Laptop,South,504.74288679564035,2,32,CUST09633
2023-03-27 09:12:11,Smartphone,West,374.00135947646913,7,62,CUST09634
2023-06-09 22:47:55,Smartphone,Central,274.65902569015924,3,77,CUST09635
2022-03-20 09:28:49,Smartwatch,Central,629.5337368586758,9,27,CUST09636
2022-04-09 17:35:08,Smartphone,East,504.19854437106085,3,51,CUST09637
2022-03-06 06:23:32,Smartwatch,West,593.6793365102983,4,55,CUST09638
2023-04-16 09:52:21,Tablet,West,171.17541139990448,8,66,CUST09639
2023-01-04 18:28:27,Tablet,North,609.7988647414348,4,43,CUST09640
2022-03-21 01:01:53,Smartphone,South,797.86693240596,7,25,CUST09641
2023-06-09 11:58:54,Tablet,East,70119.5881226343,5,33,CUST09642
2023-07-13 16:59:16,Headphones,Central,544.4988989774079,6,46,CUST09643
2022-06-22 06:04:54,Headphones,North,343.3291192431669,8,49,CUST09644
2023-06-16 11:42:17,Headphones,West,518.2694960628306,4,38,CUST09645
2022-12-25 00:12:09,Tablet,South,523.1132049508275,6,49,CUST09646
2023-10-17 10:45:43,Headphones,Central,425.6582602659094,2,62,CUST09647
2022-04-15 19:58:03,Smartwatch,North,437.11201048356094,9,72,CUST09648
2022-02-25 10:38:07,Laptop,West,814.7848856838864,9,77,CUST09649
2022-07-17 02:38:14,Smartphone,Central,355.1416114014451,6,29,CUST09650
2022-06-28 18:49:11,Smartwatch,Central,435.6686242604397,6,65,CUST09651
2023-08-10 19:29:01,Headphones,West,584.1661623101446,7,56,CUST09652
2022-02-05 21:38:03,Laptop,West,827.1363229052711,4,76,CUST09653
2022-09-14 16:01:12,Smartphone,East,454.84332568357166,7,27,CUST09654
2022-01-09 06:41:35,Smartwatch,Central,230.17109168496984,1,23,CUST09655
2022-08-04 22:13:34,Smartphone,West,179.5125672493724,7,54,CUST09656
2022-08-29 11:39:16,Tablet,North,878.0161863233252,1,35,CUST09657
2022-10-30 18:14:36,Headphones,South,213.59855728215481,8,65,CUST09658
2023-02-05 13:30:44,Smartwatch,East,511.3965813321278,6,48,CUST09659
2022-08-10 11:32:26,Smartwatch,West,273.1112800201969,1,52,CUST09660
2023-03-05 16:43:53,Laptop,South,381.6911073352964,1,20,CUST09661
2022-01-25 01:56:03,Laptop,East,402.7616800693299,4,22,CUST09662
2023-12-04 10:07:08,Laptop,Central,206.70720733828972,7,51,CUST09663
2022-10-22 13:20:40,Smartphone,South,682.8547507747637,5,76,CUST09664
2022-11-09 13:50:44,Headphones,East,564.6137007713794,5,50,CUST09665
2022-07-04 16:18:53,Smartphone,West,435.9429154502228,8,53,CUST09666
2023-09-30 02:55:45,Headphones,West,413.7726132390466,2,27,CUST09667
2022-03-02 16:32:14,Smartwatch,East,663.2739429866151,4,62,CUST09668
2023-12-12 14:32:09,Smartphone,Centram,513.4979659590389,4,20,CUST09669
2023-01-12 10:09:59,Smartphone,East,812.8506429536573,8,28,CUST09670
2022-05-09 01:53:02,Smartphone,North,432.8564801710567,6,20,CUST09671
2023-11-03 07:25:58,Tablet,East,563.8368673368442,9,45,CUST09672
2023-06-01 23:45:43,Headphones,East,315.28868257410466,9,59,CUST09673
2023-08-07 23:58:19,Headphones,West,435.01278503929757,4,76,CUST09674
2022-08-13 20:35:43,Smartphone,Central,655.6263578656367,7,71,CUST09675
2022-02-26 06:21:22,Tablet,East,676.8228459773088,3,45,CUST09676
2022-07-23 09:08:14,Smartphone,South,776.1969541576028,6,26,CUST09677
2022-01-24 18:21:02,Headphones,West,566.7590278899139,1,43,CUST09678
2023-08-28 23:06:23,Smartwatch,West,685.3641322908584,5,46,CUST09679
2023-12-09 12:06:59,Tablet,East,593.583099688336,6,27,CUST09680
2022-11-17 16:27:00,Tablet,South,,5,44,CUST09681
2023-11-09 07:03:33,Smartphone,East,272.8876956145864,7,62,CUST09682
2022-09-26 19:55:44,Smartwatch,South,465.280425122157,4,79,CUST09683
2022-10-21 21:20:03,Headphones,West,328.2063469685096,5,49,CUST09684
2022-12-16 22:30:34,Laptop,South,658.1891096431729,4,35,CUST09685
2023-02-17 08:16:43,Headphones,East,666.7027800489967,9,70,CUST09686
2022-12-27 05:58:49,Headphones,North,347.67116980618454,2,35,CUST09687
2022-11-30 11:57:48,Smartwatch,North,666.8218528154816,1,39,CUST09688
2023-03-28 13:27:00,Tablet,South,,4,34,CUST09689
2023-07-08 13:43:50,Headphones,East,716.6942669945736,6,66,CUST09690
2023-11-11 13:15:08,Tablet,Central,475.75048482217494,8,42,CUST09691
2023-09-28 03:19:48,Smartwatch,North,568.8148281754892,4,43,CUST09692
2022-05-06 18:52:28,Smartwatch,West,717.4038457525212,1,22,CUST09693
2022-12-31 13:00:28,Smartphone,East,589.5340555252407,9,26,CUST09694
2022-09-22 22:10:56,Laptop,East,479.9615499649454,3,61,CUST09695
2022-01-14 21:25:46,Smartwatch,North,631.2001245915654,6,61,CUST09696
2022-06-24 22:49:10,Smartwatch,Central,354.880831759748,8,41,CUST09697
2022-10-24 21:18:31,Tablet,West,210.6508920476255,5,74,CUST09698
2022-05-24 04:47:08,Smartwatch,Central,,7,74,CUST09699
2022-09-24 02:31:50,Headphones,West,303.10261170646885,9,73,CUST09700
2023-12-27 13:17:46,Smartphone,North,638.2775555643245,1,68,CUST09701
2022-01-21 08:59:59,Smartphone,East,,8,24,CUST09702
2023-11-15 01:22:37,Headphones,West,497.8254151612966,2,37,CUST09703
2022-06-20 19:27:56,Smartwatch,East,358.24888753279396,1,73,CUST09704
2022-03-13 00:27:42,Laptop,South,432.4569729348239,4,72,CUST09705
2022-06-30 11:32:19,Smartwatch,South,502.0406109981281,6,61,CUST09706
2023-06-06 03:45:43,Smartphone,North,,8,58,CUST09707
2022-05-25 22:50:55,Laptop,North,364.54274348961326,1,25,CUST09708
2023-08-05 09:19:26,Tablet,North,611.5433122660645,1,79,CUST09709
2022-09-25 15:33:08,Tablet,South,621.0762023468894,2,36,CUST09710
2022-09-26 16:01:45,Smartwatch,West,572.5829447973224,9,70,CUST09711
2022-06-08 03:27:20,Smartwatch,Central,,4,52,CUST09712
2023-03-13 07:37:15,Laptop,North,628.9196622877289,7,60,CUST09713
2023-02-18 20:46:03,Laptop,Central,593.158911546104,3,61,CUST09714
2022-12-21 13:53:29,Smartwatch,Central,206.88011385603863,1,42,CUST09715
2022-07-26 13:23:48,Smartphone,South,531.6975544138317,1,34,CUST09716
2022-09-03 06:55:59,Tablet,West,,9,56,CUST09717
2023-05-24 23:27:43,Laptop,South,645.7887640495342,4,42,CUST09718
2022-11-02 13:38:40,Smartphone,North,673.0181961319116,3,52,CUST09719
2023-03-03 14:12:43,Smartwatch,South,394.8316682406376,5,56,CUST09720
2022-09-24 16:59:52,Headphones,South,518.846185422128,1,56,CUST09721
2022-12-20 14:15:39,Laptop,South,472.5295850724134,3,76,CUST09722
2023-09-09 17:17:56,Headphones,North,499.66472748327993,4,63,CUST09723
2022-12-13 23:05:25,Smartphone,North,,6,19,CUST09724
2023-04-21 01:18:43,Tablet,South,314.70654899137463,9,33,CUST09725
2023-10-07 21:05:57,Smartphone,South,509.6501061224185,3,70,CUST09726
2023-08-11 03:27:23,Tablet,Central,382.90435663441104,4,59,CUST09727
2022-03-13 14:59:03,Smartphone,West,587.9035616082704,5,31,CUST09728
2023-07-20 06:53:22,Laptop,Central,495.39685709238483,8,46,CUST09729
2023-03-09 06:18:44,Laptop,West,210.9206844112311,9,56,CUST09730
2023-02-13 09:31:13,Headphones,West,707.2744044564254,3,19,CUST09731
2023-11-04 01:22:53,Smartphone,South,,3,75,CUST09732
2022-03-12 18:05:00,Smartphone,Centram,431.3055157463056,7,27,CUST09733
2023-01-22 10:45:58,Headphones,West,449.542031539663,9,19,CUST09734
2022-07-10 14:36:25,Smartwatch,West,315.78194898887136,1,44,CUST09735
2022-07-06 01:01:32,Smartphone,North,490.63732262624404,1,30,CUST09736
2022-08-24 17:42:07,Smartphone,West,602.1770200029429,2,71,CUST09737
2022-01-28 23:26:49,Smartphone,South,761.737619416207,6,19,CUST09738
2022-07-20 06:42:21,Smartwatch,East,486.69893245057256,3,59,CUST09739
2022-09-30 09:24:26,Laptop,North,507.34599097970334,8,31,CUST09740
2022-02-03 20:40:09,Headphones,East,678.877997005988,5,34,CUST09741
2022-12-03 12:03:49,Smartwatch,South,326.17782123688676,3,68,CUST09742
2023-05-10 04:59:47,Tablet,East,521.8424208147766,8,61,CUST09743
2022-06-24 02:15:16,Tablet,West,386.5619778309504,8,66,CUST09744
2022-07-21 04:52:48,Smartwatch,East,519.6743301813781,2,55,CUST09745
2023-08-22 01:05:10,Smartwatch,Central,640.5120859161008,5,53,CUST09746
2023-10-24 13:33:43,Laptop,South,252.17492698653768,3,51,CUST09747
2022-05-03 16:18:48,Tablet,Central,666.6743711354928,7,46,CUST09748
2022-03-30 23:21:08,Headphones,East,553.9522541119044,2,64,CUST09749
2023-01-10 05:49:51,Smartphone,Central,520.9863170866196,9,77,CUST09750
2023-10-16 08:22:10,Smartphone,North,701.8999497086035,2,40,CUST09751
2022-03-25 09:13:45,Laptop,East,,2,40,CUST09752
2022-03-01 16:56:10,Laptop,Central,299.0288824009486,6,73,CUST09753
2022-02-25 19:50:16,Tablet,West,346.3361558705335,3,33,CUST09754
2022-03-02 07:26:06,Headphones,East,579.9059606528111,3,61,CUST09755
2022-07-27 08:15:33,Headphones,North,425.7555637222577,2,77,CUST09756
2023-10-30 17:08:30,Smartwatch,West,368.9697061629746,5,24,CUST09757
2022-03-06 08:27:48,Laptop,East,353.3970899252465,5,62,CUST09758
2023-02-27 14:12:44,Smartphone,West,526.2136191322908,7,18,CUST09759
2023-08-31 14:46:42,Smartphone,East,495.8691203109031,-8,36,CUST09760
2023-01-27 19:47:01,Tablet,East,287.1812007067075,8,62,CUST09761
2022-03-17 08:00:50,Smartphone,South,292.18706995981915,3,50,CUST09762
2022-01-19 01:04:09,Headphones,Central,420.9683666060724,-6,51,CUST09763
2023-01-14 13:32:59,Headphones,East,637.7139378826587,5,18,CUST09764
2022-03-13 00:40:21,Laptop,North,436.1160136827643,4,29,CUST09765
2023-12-07 17:31:47,Tablet,Central,278.52765429556376,6,42,CUST09766
2023-09-03 00:35:42,Smartphone,South,487.007096279765,4,40,CUST09767
2022-04-17 23:56:01,Laptop,Central,505.7074259328366,8,42,CUST09768
2022-01-06 20:10:55,Smartwatch,Central,277.24164887167154,9,48,CUST09769
2023-12-25 08:12:23,Smartwatch,East,317.3312089423673,1,41,CUST09770
2023-06-16 07:17:55,Smartphone,North,611.590757528546,1,27,CUST09771
2023-01-27 02:27:36,Smartphone,East,315.43583101291847,4,19,CUST09772
2023-12-23 23:16:38,Smartphone,North,617.9124087036129,6,50,CUST09773
2022-04-20 10:49:47,Headphones,North,,8,54,CUST09774
2022-08-19 15:10:25,Smartphone,West,273.5882604234889,1,40,CUST09775
2022-09-04 19:40:19,Smartwatch,East,503.4719824953835,-3,19,CUST09776
2022-07-12 12:32:36,Smartphone,South,386.8042735859468,4,21,CUST09777
2023-09-22 03:08:50,Tablet,Central,419.7822434154831,2,40,CUST09778
2023-05-20 23:46:04,Smartwatch,West,522.748290785237,9,78,CUST09779
2022-12-02 18:06:44,Tablet,South,415.37832367742266,3,63,CUST09780
2023-03-13 13:58:41,Smartwatch,East,357.7786734368116,4,58,CUST09781
2022-11-19 19:57:30,Laptop,North,573.5755592615918,4,55,CUST09782
2023-05-22 08:34:42,Smartwatch,East,527.1066733918655,1,40,CUST09783
2023-07-17 21:15:41,Smartwatch,East,506.48828602875983,5,73,CUST09784
2022-01-02 01:54:06,Tablet,West,497.27844044691346,5,29,CUST09785
2023-10-07 07:59:52,Tablet,South,379.70976143384775,2,61,CUST09786
2023-11-14 01:12:22,Smartwatch,West,348.4363420364566,1,41,CUST09787
2023-02-20 18:22:25,Smartwatch,South,448.2903538067972,5,46,CUST09788
2022-11-04 19:37:12,Headphones,West,382.19660131905204,5,58,CUST09789
2022-06-05 14:24:03,Laptop,Central,498.12859240825287,7,45,CUST09790
2022-08-30 04:58:04,Laptop,North,441.2538364319332,2,79,CUST09791
2023-12-20 21:05:44,Smartphone,North,502.70132378210917,8,32,CUST09792
2023-02-19 19:20:30,Smartwatch,North,486.06582291242285,5,79,CUST09793
2022-12-18 15:01:00,Smartwatch,Central,764.790450409242,5,27,CUST09794
2023-02-11 02:19:29,Smartwatch,Central,292.07053619158256,9,51,CUST09795
2023-02-02 10:19:58,Smartwatch,North,471.89790901281833,2,46,CUST09796
2023-06-04 03:31:39,Laptop,North,333.8441151834382,2,48,CUST09797
2023-04-22 06:52:25,Tablet,South,427.53936447838487,5,40,CUST09798
2022-05-02 00:33:19,Headphones,South,377.44909888041326,1,35,CUST09799
2023-07-30 19:02:35,Tablet,East,595.8461587666432,5,24,CUST09800
2023-08-02 11:03:15,Tablet,West,278.9132005507762,5,44,CUST09801
2022-06-01 20:02:12,Laptop,South,617.1211340130382,8,26,CUST09802
2023-02-02 09:05:37,Headphones,South,579.4533662225225,6,37,CUST09803
2022-10-04 07:44:41,Smartwatch,South,808.3123610967699,6,77,CUST09804
2023-05-12 01:33:52,Laptop,South,770.4518665650374,5,70,CUST09805
2023-08-09 02:12:54,Laptop,Central,380.31176169442693,5,38,CUST09806
2023-01-08 11:11:27,Headphones,East,685.528895989613,8,45,CUST09807
2023-07-04 03:56:09,Smartphone,South,451.34591998916187,1,67,CUST09808
2023-03-17 14:26:24,Laptop,West,,9,78,CUST09809
2023-04-11 04:32:47,Tablet,South,758.0136920250542,6,20,CUST09810
2022-02-10 18:33:30,Tablet,Central,386.26763929121296,9,62,CUST09811
2023-06-07 19:04:58,Smartwatch,North,508.39103269956206,2,27,CUST09812
2022-11-05 00:22:47,Laptop,North,207.888333251718,3,34,CUST09813
2022-09-15 14:39:30,Smartwatch,East,,1,52,CUST09814
2023-04-10 11:08:25,Laptop,North,815.3974803577773,5,38,CUST09815
2022-04-18 12:24:21,Headphones,South,585.9884557368073,2,26,CUST09816
2023-07-07 16:11:18,Laptop,Central,705.2173127074568,1,34,CUST09817
2022-02-21 11:22:01,Smartphone,East,671.2925915315165,9,49,CUST09818
2022-07-21 17:24:00,Tablet,South,394.00974999182483,9,65,CUST09819
2023-06-22 20:29:49,Headphones,North,,6,55,CUST09820
2023-02-27 00:00:37,Tablet,West,574.085585575014,8,45,CUST09821
2023-12-18 08:04:38,Smartwatch,South,325.03832720072256,9,35,CUST09822
2023-10-13 10:38:13,Headphones,West,716.6992852456812,5,77,CUST09823
2023-11-07 22:33:20,Smartphone,West,424.2957840166645,2,23,CUST09824
2022-02-22 21:12:26,Tablet,East,467.4765886859277,4,75,CUST09825
2022-08-11 18:41:12,Laptop,Central,460.45335803833814,3,23,CUST09826
2022-12-23 12:19:15,Laptop,North,505.6225145662272,7,34,CUST09827
2022-08-19 12:29:58,Laptop,North,939.4516529390434,8,70,CUST09828
2022-11-15 19:02:46,Headphones,South,409.0196749005565,5,27,CUST09829
2023-01-01 12:30:57,Smartphone,North,268.1211545321033,2,19,CUST09830
2023-08-25 15:24:32,Smartphone,East,524.5408864426682,9,50,CUST09831
2022-07-29 18:47:51,Smartphone,North,370.5491228584225,1,60,CUST09832
2022-10-29 04:13:27,Tablet,South,438.7070141423717,5,42,CUST09833
2022-09-11 03:48:06,Headphones,North,592.975105831714,3,55,CUST09834
2022-01-26 19:37:33,Laptop,Central,336.86715943837436,8,18,CUST09835
2022-12-22 11:19:58,Tablet,West,445.38436866672777,8,33,CUST09836
2023-01-31 03:09:34,Smartphone,Wesu,543.945932330325,1,43,CUST09837
2023-03-18 04:25:02,Laptop,West,,4,58,CUST09838
2022-01-17 10:37:34,Headphones,Central,494.0645241734305,8,29,CUST09839
2023-05-27 02:42:47,Smartwatch,East,543.862782115267,9,26,CUST09840
2023-11-20 00:09:19,Smartphone,South,482.55204262023307,9,30,CUST09841
2023-12-22 03:08:34,Smartphone,Central,523.5389751880916,2,24,CUST09842
2023-12-22 06:46:02,Smartphone,South,553.525047137879,9,74,CUST09843
2022-04-07 16:57:05,Smartphone,East,399.0140152800587,8,18,CUST09844
2023-10-13 11:25:42,Laptop,Central,279.7726263369534,9,48,CUST09845
2022-07-02 22:36:07,Headphones,North,344.66549726848626,9,78,CUST09846
2023-11-15 16:05:04,Tablet,East,320.2745058479383,3,52,CUST09847
2023-12-04 17:57:15,Laptop,West,684.8680861966727,5,41,CUST09848
2022-01-18 03:26:17,Headphones,Central,239.598113588477,3,20,CUST09849
2022-07-16 02:43:27,Tablet,East,594.2147395321164,6,73,CUST09850
2022-09-01 20:21:12,Smartphone,East,397.3158635034919,5,36,CUST09851
2022-02-16 05:09:02,Headphones,Central,655.3069942280241,2,21,CUST09852
2023-12-09 18:17:48,Smartphone,West,436.6899572736211,3,78,CUST09853
2022-09-06 02:48:46,Headphones,West,504.6463289853544,7,45,CUST09854
2022-10-29 09:51:22,Smartwatch,East,577.6063818769263,5,61,CUST09855
2022-07-07 01:30:43,Smartphone,South,688.138517702022,3,47,CUST09856
2022-03-10 10:47:43,Smartphone,East,414.4846077104893,4,53,CUST09857
2022-11-13 01:49:51,Smartphone,Central,,6,70,CUST09858
2023-11-12 19:45:33,Laptop,Central,576.7051897043722,8,59,CUST09859
2023-07-04 08:16:43,Tablet,Central,,7,75,CUST09860
2022-11-30 17:38:37,Smartphone,West,242.3693468748669,3,76,CUST09861
2023-11-07 02:55:31,Smartphone,North,555.0454284984905,2,21,CUST09862
2022-12-11 09:00:50,Laptop,Central,600.3826230400288,3,40,CUST09863
2023-04-26 12:17:25,Laptop,Central,550.0730606619913,5,28,CUST09864
2022-03-22 14:02:24,Smartwatch,South,485.3493593779895,7,21,CUST09865
2022-09-11 10:13:41,Headphones,South,419.23286071299106,8,28,CUST09866
2022-08-01 01:35:45,Smartphone,East,738.1338337633931,6,66,CUST09867
2022-06-28 04:37:12,Headphones,East,757.6531719920064,2,70,CUST09868
2023-09-11 02:33:21,Laptop,East,516.1422447328639,2,77,CUST09869
2023-08-11 01:48:38,Laptop,Central,397.44032059299366,5,41,CUST09870
2022-09-05 17:20:59,Smartwatch,Souti,348.6336767951716,5,71,CUST09871
2022-11-07 21:12:16,Tablet,East,564.6778130053177,1,69,CUST09872
2022-03-30 06:42:19,Laptop,South,315.72688435233727,1,37,CUST09873
2022-05-22 06:56:54,Smartphone,Central,319.1995410020282,9,62,CUST09874
2023-06-27 13:14:31,Smartwatch,Central,427.3624669342609,7,34,CUST09875
2023-02-08 23:46:11,Tablet,East,576.0778382564258,8,75,CUST09876
2022-05-17 16:10:06,Smartwatch,Central,720.3096797481352,5,30,CUST09877
2023-12-29 16:36:59,Laptop,Central,537.6201223469079,3,34,CUST09878
2022-02-13 05:29:02,Tablet,South,574.4934967954171,3,68,CUST09879
2022-04-08 13:27:21,Headphones,North,647.3975370668574,3,69,CUST09880
2023-11-26 04:25:58,Tablet,West,633.4120340620975,1,32,CUST09881
2022-04-20 06:21:41,Smartphone,East,417.20881003641,3,21,CUST09882
2023-06-22 13:14:28,Headphones,North,630.6772292885736,2,35,CUST09883
2023-01-20 12:34:22,Headphones,East,654.7694992227536,8,60,CUST09884
2023-05-23 04:33:26,Smartphone,North,546.6081385001343,6,26,CUST09885
2022-06-03 20:50:35,Headphones,Central,520.4714911868007,5,65,CUST09886
2023-12-23 03:27:11,Laptop,East,589.9166787240343,1,73,CUST09887
2023-09-20 02:34:12,Tablet,North,574.2508618631226,2,20,CUST09888
2023-07-05 09:17:08,Tablet,West,220.54940787037356,2,44,CUST09889
2023-04-24 13:17:02,Smartphone,Central,564.326682261879,7,35,CUST09890
2022-05-17 17:06:24,Laptop,East,,7,34,CUST09891
2022-02-02 15:38:25,Headphones,East,648.3012199362231,6,27,CUST09892
2023-07-18 03:06:12,Tablet,North,556.5724757937932,8,74,CUST09893
2023-12-03 07:14:20,Tablet,East,522.2078206378097,4,54,CUST09894
2023-05-23 10:53:06,Tablet,Central,440.4686430749673,9,73,CUST09895
2023-02-04 01:55:41,Tablet,Souti,482.8236301297957,8,46,CUST09896
2022-10-10 19:59:40,Smartwatch,North,,3,64,CUST09897
2022-09-15 07:41:05,Smartphone,West,557.684165212512,3,69,CUST09898
2022-07-08 18:07:09,Headphones,East,635.561140543611,9,67,CUST09899
2022-07-22 09:11:25,Headphones,Central,422.10574621026046,9,22,CUST09900
2023-10-18 16:09:07,Smartphone,Easu,662.5407198809718,5,73,CUST09901
2022-02-18 22:25:39,Laptop,West,407.2331093418065,1,64,CUST09902
2023-09-02 05:59:47,Smartphone,Central,530.4172802571154,3,23,CUST09903
2023-12-18 23:24:35,Tablet,West,415.7153254691655,5,57,CUST09904
2022-08-13 05:41:38,Tablet,Central,,4,76,CUST09905
2022-05-23 23:38:20,Smartphone,South,,4,52,CUST09906
2023-11-23 06:52:27,Smartphone,Central,576.4033895801789,1,22,CUST09907
2023-03-11 01:12:38,Headphones,West,533.7781846352606,6,67,CUST09908
2023-04-20 09:40:08,Headphones,North,711.7943008924492,4,77,CUST09909
2023-05-09 20:55:07,Smartwatch,South,115.29382922751627,1,32,CUST09910
2023-09-29 08:42:28,Smartwatch,East,476.178631344649,6,44,CUST09911
2022-08-17 21:21:07,Tablet,South,425.0439727270943,5,61,CUST09912
2022-02-12 09:01:46,Smartwatch,South,371.3682741345975,5,68,CUST09913
2022-05-01 12:22:57,Smartwatch,East,270.7026552207961,2,56,CUST09914
2023-02-04 21:38:09,Laptop,Central,467.1369502682416,1,50,CUST09915
2022-12-22 00:49:58,Smartphone,South,604.0259296158611,7,41,CUST09916
2022-07-06 08:49:13,Headphones,South,477.9681243357098,5,38,CUST09917
2022-06-29 05:38:39,Smartwatch,North,619.8361773189155,3,19,CUST09918
2022-02-12 12:35:53,Headphones,North,510.7243013686292,6,36,CUST09919
2022-02-24 23:03:04,Smartwatch,West,674.9255157248225,3,62,CUST09920
2022-12-29 08:01:16,Smartwatch,Easu,424.5804811491669,6,69,CUST09921
2022-10-06 17:03:34,Tablet,Central,,6,35,CUST09922
2022-01-26 14:31:32,Laptop,Central,262.94728280966325,9,27,CUST09923
2023-09-26 02:59:05,Smartphone,West,425.3364405473598,8,62,CUST09924
2022-12-26 10:10:17,Smartphone,Central,367.9776460019911,1,54,CUST09925
2023-08-25 01:25:29,Tablet,Central,411.4248528554206,7,40,CUST09926
2022-11-22 10:05:25,Tablet,North,670.8041161730506,9,62,CUST09927
2023-02-09 09:14:02,Smartphone,Central,274.83542449444474,2,58,CUST09928
2022-05-04 19:03:27,Smartphone,Central,726.2203623158232,9,18,CUST09929
2022-06-14 01:28:18,Laptop,West,379.1330817562544,6,75,CUST09930
2022-10-22 13:58:44,Smartwatch,West,313.39849769958306,3,78,CUST09931
2022-05-27 08:59:51,Laptop,South,479.244448969764,8,71,CUST09932
2022-03-26 20:13:15,Smartphone,Central,,7,23,CUST09933
2023-02-17 01:48:32,Smartwatch,Central,393.15603540574483,8,18,CUST09934
2022-01-29 14:00:06,Smartphone,Central,409.854402886024,8,35,CUST09935
2023-06-27 09:03:09,Laptop,North,419.8772213924645,7,44,CUST09936
2023-09-10 17:16:04,Laptop,Central,672.5046722810009,1,65,CUST09937
2022-01-13 02:25:33,Laptop,North,433.07407398192197,8,57,CUST09938
2023-02-08 05:51:16,Smartwatch,South,,5,55,CUST09939
2022-02-24 02:13:04,Headphones,East,518.0882390252343,2,62,CUST09940
2022-11-06 06:47:36,Headphones,Central,,2,34,CUST09941
2022-01-10 02:46:40,Smartphone,West,425.2003274956553,2,43,CUST09942
2023-03-17 11:06:44,Smartwatch,West,795.3472566198747,9,30,CUST09943
2022-07-10 01:04:57,Tablet,Central,918.8089812176486,5,27,CUST09944
2023-04-14 22:31:20,Headphones,North,367.4807457376144,3,76,CUST09945
2022-03-06 07:50:21,Smartwatch,West,,6,55,CUST09946
2023-12-27 13:15:10,Smartwatch,West,506.1167998677567,9,43,CUST09947
2023-02-10 13:20:51,Headphones,South,159.04866246614344,9,48,CUST09948
2023-08-27 19:42:52,Smartwatch,South,507.2448790903073,9,40,CUST09949
2023-11-25 12:20:55,Smartwatch,South,801.0779325478911,4,67,CUST09950
2022-11-18 23:07:17,Headphones,West,410.16470965333735,5,76,CUST09951
2022-07-15 14:14:02,Laptop,West,662.0699240106852,1,37,CUST09952
2023-07-25 18:09:02,Smartphone,Central,720.4017107720795,6,40,CUST09953
2023-03-24 15:30:26,Tablet,Central,370.76200293301986,2,62,CUST09954
2022-04-22 22:08:35,Smartphone,North,526.7428137940412,7,44,CUST09955
2023-06-07 14:45:52,Laptop,West,553.1115205672054,4,32,CUST09956
2022-05-08 05:41:32,Laptop,Central,609.3326646192202,4,55,CUST09957
2023-08-15 01:11:41,Smartwatch,Central,620.2674173108887,9,28,CUST09958
2022-01-07 12:09:27,Smartphone,South,668.3749695289148,1,25,CUST09959
2022-05-14 04:45:20,Laptop,South,382.68138815173717,6,31,CUST09960
2022-10-22 21:06:05,Smartphone,South,526.1034157436527,2,30,CUST09961
2023-06-30 01:39:40,Laptop,East,722.3620476411079,6,39,CUST09962
2023-06-19 00:56:10,Tablet,Central,738.5743611463063,7,51,CUST09963
2022-08-02 09:06:56,Laptop,South,533.7635493756239,3,18,CUST09964
2022-04-25 23:02:59,Smartphone,South,420.2566858116743,4,54,CUST09965
2023-02-14 06:49:29,Smartwatch,West,655.2849132056818,2,49,CUST09966
2022-02-13 10:05:31,Smartphone,South,580.4328387774776,7,28,CUST09967
2023-12-08 07:32:25,Headphones,West,577.1954486100036,9,27,CUST09968
2023-04-26 00:35:42,Smartphone,North,616.3658599401398,5,47,CUST09969
2023-09-10 15:02:29,Tablet,South,357.39298389882407,5,29,CUST09970
2022-05-11 00:18:00,Tablet,West,627.0696730284716,-9,59,CUST09971
2022-06-14 11:12:00,Tablet,South,523.1790167677538,8,58,CUST09972
2022-07-15 20:27:50,Laptop,North,671.2246752700943,1,51,CUST09973
2023-01-18 08:09:29,Tablet,South,503.0702270013058,2,72,CUST09974
2022-05-31 16:29:14,Smartphone,West,587.5123976905526,7,42,CUST09975
2022-10-11 02:06:12,Smartwatch,North,568.6015421327688,3,53,CUST09976
2023-01-27 07:14:35,Tablet,North,418.1082180403384,6,21,CUST09977
2022-09-08 04:05:18,Smartphone,North,364.7397450424012,1,75,CUST09978
2023-05-31 01:58:39,Laptop,East,,8,38,CUST09979
2023-03-21 02:04:39,Laptop,West,371.4700070401055,2,78,CUST09980
2023-03-30 12:54:05,Smartwatch,East,449.58952111682294,1,78,CUST09981
2023-03-22 08:33:26,Smartwatch,North,445.05493026610577,2,47,CUST09982
2022-06-30 13:36:51,Smartphone,East,555.0675566633554,8,55,CUST09983
2022-01-22 08:42:13,Smartwatch,South,601.3621476268379,5,29,CUST09984
2023-10-12 16:17:57,Smartwatch,East,266.5107267033467,9,56,CUST09985
2022-10-13 16:17:31,Laptop,Central,391.2284104276485,3,42,CUST09986
2023-09-25 08:40:36,Smartphone,North,384.1687005548615,8,71,CUST09987
2022-04-19 19:56:39,Smartwatch,North,465.7952425564398,4,79,CUST09988
2022-06-23 21:52:20,Smartphone,West,201.16478126980738,7,36,CUST09989
2022-03-26 17:38:25,Tablet,South,670.0699879543155,8,19,CUST09990
2023-08-12 00:24:14,Laptop,West,509.0596018866458,3,39,CUST09991
2022-03-06 15:16:21,Laptop,East,479.8563602030241,3,47,CUST09992
2023-12-29 22:52:40,Laptop,Central,613.2459986706191,1,74,CUST09993
2023-10-28 06:53:16,Headphones,Central,,8,68,CUST09994
2023-07-09 01:12:50,Smartphone,Central,576.0109539061333,2,53,CUST09995
2023-12-15 00:34:07,Tablet,Central,497.65485508162425,7,20,CUST09996
2022-10-20 02:56:32,Smartwatch,South,515.7064926830097,7,40,CUST09997
2023-12-18 17:15:44,Tablet,East,626.6463416438019,7,21,CUST09998
2023-04-18 08:18:52,Smartphone,Central,579.8072575465095,4,45,CUST09999
2023-02-07 05:17:54,Laptop,North,759.2413748942831,7,31,CUST10000
2022-05-18 17:10:51,Laptop,Central,456.3062320045817,3,24,CUST07651
2022-12-26 15:27:44,Laptop,Central,702.919976854358,5,48,CUST02686
2023-06-14 22:52:06,Smartwatch,Central,477.96418624419874,1,64,CUST05401
2023-10-02 05:27:18,Smartwatch,East,552.8239644854353,8,38,CUST01003
2022-12-13 10:57:03,Tablet,Central,485.00788971883685,3,43,CUST00966
2022-11-16 23:27:56,Smartwatch,Central,562.8112871682107,6,22,CUST04559
2023-09-30 23:52:54,Smartwatch,South,787.4754810077495,5,62,CUST09503
2023-11-15 01:22:37,Headphones,West,497.8254151612966,2,37,CUST09703
2023-03-22 18:57:40,Headphones,North,611.5097350467314,7,38,CUST04346
2023-10-17 10:24:19,Tablet,East,593.1211491260609,8,34,CUST02375
2023-09-26 15:07:39,Tablet,East,488.45374270684783,1,20,CUST07306
2023-11-05 21:28:29,Laptop,East,743.8471904940616,4,37,CUST02373
2022-07-16 09:48:48,Smartphone,East,455.1816090241101,9,20,CUST04366
2023-09-09 19:59:40,Tablet,Central,,5,63,CUST02503
2022-02-17 21:31:26,Laptop,Centram,440.4380839685774,7,72,CUST03687
2023-04-18 07:37:29,Smartwatch,North,446.62563816604285,9,34,CUST03404
2023-05-02 18:52:14,Tablet,West,591.7652760422865,4,61,CUST00467
2023-02-15 08:06:11,Smartwatch,South,717.6963569450448,7,75,CUST01560
2023-12-25 00:22:30,Headphones,South,488.76010705651856,3,37,CUST06371
2023-02-16 07:17:55,Smartphone,North,278.8631519227301,1,52,CUST03114
2022-08-29 15:44:46,Smartwatch,North,,6,28,CUST02665
2022-12-20 15:35:53,Smartwatch,South,650.7669836637631,8,46,CUST02738
2023-04-17 12:33:49,Smartphone,West,491.0393645280523,9,59,CUST01995
2023-08-28 17:07:59,Tablet,North,367.2897743790391,2,20,CUST00309
2023-06-18 23:57:50,Smartwatch,North,337.4206792915417,6,58,CUST01517
2022-05-10 14:57:48,Tablet,North,531.6016116188196,7,58,CUST02857
2022-02-26 02:44:47,Headphones,Central,738.6834799652362,3,54,CUST00893
2022-11-29 22:35:57,Smartwatch,East,888.5561712793149,3,37,CUST00630
2023-02-24 08:09:09,Smartphone,East,585.4757563467446,6,46,CUST04107
2023-12-10 18:31:45,Smartwatch,East,529.1691823825645,2,21,CUST08283
2022-12-11 21:08:33,Headphones,East,444.8439373945147,8,74,CUST06855
2022-10-02 12:08:55,Laptop,East,736.7505043008052,4,36,CUST00134
2022-09-29 04:12:42,Laptop,North,669.2283491914717,8,76,CUST04543
2022-10-28 05:54:19,Smartphone,South,1006.4950862940921,8,65,CUST01908
2023-02-04 16:34:28,Smartwatch,Central,453.69806421492217,9,62,CUST03492
2023-11-29 23:04:09,Laptop,South,423.27182474362905,4,67,CUST00496
2022-08-28 19:07:33,Smartwatch,East,748.4172339320536,4,49,CUST02258
2022-01-21 05:33:34,Tablet,North,,5,60,CUST00632
2022-09-16 20:29:50,Smartphone,West,575.748794736444,9,76,CUST00582
2023-04-26 17:45:44,Smartwatch,North,827.8057599927421,8,32,CUST07138
2022-12-25 00:12:09,Tablet,South,523.1132049508275,6,49,CUST09646
2022-04-20 09:22:17,Tablet,Central,597.388174965689,5,79,CUST01487
2023-02-26 10:54:36,Tablet,North,492.2606169956355,5,78,CUST01755
2023-12-04 19:59:33,Headphones,Central,801.3419766785197,1,23,CUST06383
2023-04-19 17:42:31,Smartwatch,West,579.3250750624641,2,67,CUST02745
2022-07-08 06:27:53,Laptop,South,539.5504017024052,7,37,CUST00249
2023-11-20 00:43:47,Smartwatch,East,375.7575698265201,5,52,CUST08158
2022-01-16 11:36:08,Laptop,West,522.7021351269608,4,48,CUST06149
2022-12-10 18:48:34,Tablet,North,652.30722835761,9,41,CUST01009
2022-08-12 21:03:56,Smartphone,West,730.9452001671856,1,21,CUST08799
2023-08-11 15:45:52,Smartphone,North,528.6290461478801,6,40,CUST04894
2022-12-02 02:09:45,Tablet,South,376.27898128372607,1,51,CUST06579
2022-11-11 14:05:08,Headphones,South,473.16322368196086,3,63,CUST00437
2022-10-06 22:38:30,Smartphone,North,587.2821949364061,7,28,CUST03705
2022-03-20 18:18:00,Headphones,East,806.7887937608315,1,34,CUST09601
2022-03-01 05:22:14,Tablet,East,481.76337233715174,3,58,CUST06118
2022-12-22 16:34:23,Smartwatch,West,261.95971037822915,4,51,CUST06401
2022-01-14 11:33:15,Smartwatch,East,547.7772933171017,3,57,CUST04177
2022-10-12 15:47:05,Headphones,North,626.3143951847653,8,52,CUST05923
2022-04-11 18:00:13,Laptop,West,640.0360003172448,4,19,CUST02752
2023-05-27 08:19:00,Headphones,North,407.96212665645214,4,28,CUST06588
2022-07-21 21:23:01,Tablet,West,384.6157102291872,6,33,CUST03594
2023-04-05 10:13:48,Headphones,Central,549.9047415054562,1,26,CUST06511
2022-08-24 08:05:28,Tablet,North,295.19611289654546,8,60,CUST07114
2022-05-05 17:03:06,Laptop,West,768.848199648867,4,40,CUST02285
2023-08-26 12:08:22,Smartwatch,South,599.2834405275562,1,19,CUST08356
2023-07-16 04:41:00,Tablet,West,732.5954357383181,5,55,CUST00619
2022-10-13 12:30:00,Smartphone,East,511.19209595475104,4,22,CUST08505
2023-08-20 22:38:57,Laptop,South,895.0084948592465,6,72,CUST03354
2022-04-03 09:37:19,Headphones,North,455.0417908083482,5,38,CUST03641
2022-02-09 17:54:38,Smartwatch,North,455.3817605203063,2,34,CUST07583
2023-10-15 09:27:46,Smartwatch,East,67764.26895548844,4,28,CUST03995
2023-03-05 19:25:11,Laptop,South,527.2794369882535,9,28,CUST00117
2023-11-08 02:02:56,Smartwatch,South,612.600834565007,5,45,CUST05050
2023-09-05 19:09:58,Headphones,South,529.2246435674352,3,30,CUST02539
2022-12-16 04:35:34,Tablet,South,324.2118600924702,4,77,CUST01011
2023-03-18 04:25:02,Laptop,West,,4,58,CUST09838
2022-12-24 11:54:41,Headphones,North,609.5044296809311,6,47,CUST08561
2022-11-04 13:50:15,Smartphone,North,462.62631026508757,1,27,CUST07625
2023-08-23 10:29:08,Headphones,East,260.19513115272343,4,63,CUST05092
2022-05-11 21:49:12,Headphones,North,434.40406607183127,3,34,CUST00392
2023-05-26 19:00:55,Smartphone,Central,49411.10474187126,8,44,CUST01416
2022-08-16 12:53:26,Smartphone,South,483.9051493544316,8,73,CUST02371
2022-04-02 02:21:47,Headphones,South,493.72966283725555,2,55,CUST06725
2023-10-14 19:54:25,Headphones,West,479.7959199274016,8,72,CUST03117
2022-10-05 16:29:14,Laptop,South,33633.40150854719,5,61,CUST03453
2022-01-08 22:00:29,Tablet,East,479.925597247926,3,27,CUST04445
2022-08-27 22:38:36,Smartwatch,West,584.0405715677878,4,59,CUST00564
2022-01-06 03:19:05,Headphones,East,399.22032385706007,7,32,CUST03933
2022-07-05 17:11:47,Headphones,Central,818.0239561810513,8,54,CUST01098
2022-02-03 05:23:01,Smartphone,Central,512.4778028704669,2,20,CUST09611
2023-05-13 08:31:35,Smartphone,Central,761.0485943625695,6,61,CUST01123
2022-01-02 01:36:33,Tablet,East,331.72237624992846,3,50,CUST01032
2023-10-23 10:39:21,Tablet,West,381.29364619789806,5,72,CUST09180
2022-07-21 02:25:13,Tablet,North,589.4812496306712,9,63,CUST02257
2022-11-19 13:49:00,Smartwatch,Central,,6,32,CUST04362
2022-04-20 02:33:27,Headphones,South,674.406589040895,5,57,CUST03301
2022-03-01 14:25:34,Headphones,North,391.47279534773065,4,73,CUST05451
2023-11-18 20:12:29,Smartphone,Central,789.3991979483447,5,76,CUST03509
2022-10-01 19:09:50,Headphones,South,480.81471372522475,2,62,CUST01666
2023-07-11 05:22:03,Headphones,West,588.6575868738832,7,22,CUST04306
2022-03-15 13:39:41,Smartwatch,North,813.0196706652871,3,73,CUST06049
2023-03-25 00:11:07,Smartphone,Easu,417.87206188904304,8,29,CUST04916
2022-01-17 06:35:50,Headphones,South,632.3886239118838,8,65,CUST06155
2023-12-16 09:18:03,Smartphone,South,449.23655628000824,6,73,CUST09489
2022-11-18 12:54:59,Headphones,East,231.7628771173672,1,44,CUST00848
2023-02-24 13:05:19,Headphones,East,445.65648440330705,3,43,CUST01620
2023-11-30 02:12:54,Smartwatch,East,678.9642733724878,-8,35,CUST04356
2023-11-15 19:32:45,Tablet,South,585.7334856558142,-6,35,CUST06637
2023-08-14 04:44:48,Smartwatch,East,651.1163781859018,8,27,CUST08992
2022-11-04 03:04:57,Tablet,West,327.8530401701846,4,25,CUST03307
2022-10-10 22:05:21,Smartphone,East,227.6631065315728,6,35,CUST01679
2023-05-23 04:33:26,Smartphone,North,546.6081385001343,6,26,CUST09885
2022-02-25 13:43:56,Smartphone,Souti,258.2979619921832,5,43,CUST09218
2023-09-06 11:42:33,Smartphone,South,621.2551145086884,7,37,CUST06903
2022-03-10 16:24:21,Tablet,Centram,544.5724873838118,2,43,CUST05058
2023-02-11 11:19:10,Tablet,West,428.2114172554111,5,21,CUST01915
2023-06-21 17:47:27,Laptop,North,693.8480202657886,2,70,CUST09391
2022-12-21 17:06:55,Smartwatch,East,521.7079362017688,4,57,CUST03814
2023-07-30 05:58:35,Tablet,East,417.61750388330654,5,75,CUST03452
2023-12-20 21:02:00,Laptop,Central,566.4082088309998,7,51,CUST07809
2023-11-29 05:10:19,Smartwatch,West,786.7548408290801,8,48,CUST00356
2022-07-05 00:20:49,Laptop,North,261.30130899171917,6,50,CUST01765
2023-01-24 06:54:31,Tablet,North,518.5375393413767,6,58,CUST08602
2022-06-19 09:02:51,Tablet,East,290.2996557144019,2,52,CUST05066
2022-12-02 18:06:44,Tablet,South,415.37832367742266,3,63,CUST09780
2022-07-25 19:24:22,Tablet,West,486.7144614021736,1,50,CUST00561
2022-07-27 23:42:27,Smartwatch,Central,,1,53,CUST04627
2022-01-30 17:21:41,Tablet,West,629.6222998844326,9,22,CUST08966
2023-08-21 13:09:24,Laptop,Easu,972.334496757031,1,60,CUST01090
2022-08-11 14:53:20,Laptop,South,458.85902895885465,5,51,CUST00439
2022-05-30 15:41:38,Headphones,Central,37032.33462262672,3,64,CUST09387
2022-11-10 03:05:53,Smartphone,West,236.26759951931868,3,53,CUST05347
2023-02-22 20:37:12,Laptop,Central,430.45582400363145,1,34,CUST09420
2022-11-11 08:42:45,Tablet,North,479.0168085983015,1,51,CUST05901
2022-06-09 20:27:04,Smartphone,South,63282.39901088101,1,38,CUST08316
2023-07-14 07:17:29,Smartphone,East,597.9151492555264,4,38,CUST09294
2022-10-18 05:34:28,Tablet,Central,637.5751003607547,7,44,CUST05249
2022-10-06 14:22:04,Smartwatch,West,627.9018434498159,7,40,CUST06403
2022-08-22 17:24:40,Laptop,Central,379.57712406245105,4,64,CUST00062
2023-03-06 00:24:56,Smartphone,Central,,2,73,CUST03235
2023-03-10 06:43:45,Tablet,East,479.276056570404,4,52,CUST01233
2022-11-07 04:53:09,Headphones,South,446.4878013143184,8,22,CUST07135
2023-10-27 09:53:43,Headphones,Central,,9,32,CUST09366
2022-06-29 21:16:51,Smartwatch,West,425.04264925014405,2,28,CUST05474
2022-02-21 17:29:13,Laptop,East,586.9411025206897,9,22,CUST05806
2022-02-10 23:50:15,Smartphone,Central,224.41471778154332,2,57,CUST05382
2022-06-01 14:45:07,Smartwatch,Central,492.5958999935233,5,44,CUST03710
2023-07-15 12:38:15,Headphones,North,378.66540931837386,-7,63,CUST07899
2023-05-14 19:58:43,Laptop,North,543.6093123445607,8,53,CUST04869
2022-03-25 03:51:55,Smartwatch,South,,3,27,CUST07136
2023-05-14 19:22:11,Laptop,South,,4,29,CUST09279
2022-03-04 08:09:19,Laptop,West,,2,42,CUST06099
2023-02-12 23:05:13,Smartphone,West,503.8474323783647,8,73,CUST07568
2022-01-26 23:31:42,Smartwatch,East,,2,40,CUST01475
2023-03-16 14:10:51,Laptop,South,534.524930536909,2,30,CUST00818
2022-10-31 10:48:49,Tablet,East,586.0831294353741,9,37,CUST08412
2022-12-18 07:53:01,Smartwatch,Central,305.3561694228762,9,60,CUST01264
2023-12-04 06:32:45,Headphones,Centram,678.0157855978009,1,23,CUST01378
2023-08-01 17:42:40,Smartphone,North,642.0377710602966,2,76,CUST08770
2022-10-16 18:12:44,Laptop,South,507.75052833506504,4,25,CUST01997
2022-05-19 07:36:11,Headphones,South,785.7777365335385,5,32,CUST02343
2023-09-13 16:49:11,Laptop,South,428.9555488220825,2,27,CUST03081
2022-06-28 18:49:11,Smartwatch,Central,435.6686242604397,6,65,CUST09651
2022-10-30 16:09:16,Laptop,West,673.8263235498086,3,60,CUST04802
2022-01-03 00:40:11,Laptop,East,308.58414894406565,3,50,CUST02906
2022-06-24 23:21:55,Tablet,East,536.1203955598633,7,18,CUST06515
2023-04-09 21:03:11,Smartphone,South,488.87569806708717,5,79,CUST03561
2022-05-12 14:33:30,Tablet,East,443.5413492842748,7,39,CUST06833
2022-07-03 09:26:27,Headphones,Norti,521.2794947310695,6,77,CUST07563
2022-07-23 00:35:37,Smartwatch,West,563.3777216512404,8,75,CUST00641
2023-11-02 22:04:44,Smartwatch,East,204.37987758601878,1,23,CUST02104
2022-11-11 07:36:25,Smartphone,East,489.19369964653816,6,64,CUST08011
2023-01-22 18:50:14,Laptop,West,717.4579378041842,8,31,CUST03027
2022-07-10 01:04:57,Tablet,Central,918.8089812176486,5,27,CUST09944
2022-06-16 08:22:08,Headphones,North,480.9805438818941,1,74,CUST02017
2023-05-11 09:13:18,Smartphone,Central,,-5,27,CUST00910
2023-02-14 16:14:40,Smartphone,West,45079.47042771691,8,45,CUST01967
2022-02-05 07:01:56,Laptop,East,287.616089440034,5,45,CUST06238
2022-04-09 03:41:13,Smartphone,East,698.2988004804105,8,18,CUST01154
2022-12-11 23:09:32,Smartphone,Central,519.365861063343,9,79,CUST08489
2022-01-07 04:30:33,Headphones,South,704.8029086895122,4,48,CUST08902
2023-10-24 09:52:13,Laptop,East,54219.31016360779,7,42,CUST09056
2023-10-22 12:33:11,Tablet,East,510.3540835236178,1,61,CUST03059
2023-06-14 23:16:22,Laptop,West,,7,28,CUST09313
2023-01-14 12:05:02,Laptop,North,592.1971123564548,4,65,CUST06100
2022-10-24 22:04:35,Tablet,East,680.5682984997438,9,74,CUST06555
2023-03-18 10:16:18,Smartwatch,East,607.6983711962442,7,76,CUST05327
2023-05-22 00:52:59,Headphones,North,440.7570877906144,3,20,CUST03770
2023-06-26 22:52:33,Headphones,Central,415.5256667736614,8,57,CUST01043
2023-10-20 10:39:38,Laptop,South,624.2799165685274,7,20,CUST08406
2022-02-19 08:33:43,Tablet,West,356.91876916516276,8,60,CUST03474
2023-11-17 13:42:02,Laptop,Wesu,522.2154829140363,8,49,CUST07883
2023-09-11 15:37:40,Laptop,West,427.6981102054039,8,41,CUST08869
2022-02-20 20:44:03,Laptop,North,447.4555831933998,2,66,CUST05622
2022-01-29 09:35:52,Smartwatch,East,41021.820247459465,8,71,CUST01079
2022-12-25 04:42:23,Tablet,South,560.4948114577679,7,28,CUST00371
2023-04-20 07:48:49,Headphones,South,423.54552966561715,1,67,CUST05129
2023-03-22 21:04:03,Tablet,West,429.3188662657711,1,47,CUST05976
2022-10-20 08:13:45,Smartphone,North,605.7296415221605,3,47,CUST03416
